trade_date,template,industry_code,industry,eligible_count,top100_count,selection_rate,top100_share,new_count,retained_count,exit_count,comparison_trade_date
20260424,fresh_breakout,801010.SI,农林牧渔,113,1,0.008849557522123894,0.01,1,0,0,
20260424,fresh_breakout,801030.SI,基础化工,439,6,0.01366742596810934,0.06,6,0,0,
20260424,fresh_breakout,801040.SI,钢铁,43,0,0.0,0.0,0,0,0,
20260424,fresh_breakout,801050.SI,有色金属,142,2,0.014084507042253521,0.02,2,0,0,
20260424,fresh_breakout,801080.SI,电子,495,22,0.044444444444444446,0.22,22,0,0,
20260424,fresh_breakout,801110.SI,家用电器,103,5,0.04854368932038835,0.05,5,0,0,
20260424,fresh_breakout,801120.SI,食品饮料,126,1,0.007936507936507936,0.01,1,0,0,
20260424,fresh_breakout,801130.SI,纺织服饰,105,0,0.0,0.0,0,0,0,
20260424,fresh_breakout,801140.SI,轻工制造,167,5,0.029940119760479042,0.05,5,0,0,
20260424,fresh_breakout,801150.SI,医药生物,501,3,0.005988023952095809,0.03,3,0,0,
20260424,fresh_breakout,801160.SI,公用事业,133,0,0.0,0.0,0,0,0,
20260424,fresh_breakout,801170.SI,交通运输,128,0,0.0,0.0,0,0,0,
20260424,fresh_breakout,801180.SI,房地产,97,1,0.010309278350515464,0.01,1,0,0,
20260424,fresh_breakout,801200.SI,商贸零售,99,1,0.010101010101010102,0.01,1,0,0,
20260424,fresh_breakout,801210.SI,社会服务,84,0,0.0,0.0,0,0,0,
20260424,fresh_breakout,801230.SI,综合,15,0,0.0,0.0,0,0,0,
20260424,fresh_breakout,801710.SI,建筑材料,75,0,0.0,0.0,0,0,0,
20260424,fresh_breakout,801720.SI,建筑装饰,164,4,0.024390243902439025,0.04,4,0,0,
20260424,fresh_breakout,801730.SI,电力设备,399,12,0.03007518796992481,0.12,12,0,0,
20260424,fresh_breakout,801740.SI,国防军工,140,7,0.05,0.07,7,0,0,
20260424,fresh_breakout,801750.SI,计算机,356,5,0.014044943820224719,0.05,5,0,0,
20260424,fresh_breakout,801760.SI,传媒,131,0,0.0,0.0,0,0,0,
20260424,fresh_breakout,801770.SI,通信,127,7,0.05511811023622047,0.07,7,0,0,
20260424,fresh_breakout,801780.SI,银行,42,1,0.023809523809523808,0.01,1,0,0,
20260424,fresh_breakout,801790.SI,非银金融,81,1,0.012345679012345678,0.01,1,0,0,
20260424,fresh_breakout,801880.SI,汽车,310,5,0.016129032258064516,0.05,5,0,0,
20260424,fresh_breakout,801890.SI,机械设备,593,9,0.01517706576728499,0.09,9,0,0,
20260424,fresh_breakout,801950.SI,煤炭,37,0,0.0,0.0,0,0,0,
20260424,fresh_breakout,801960.SI,石油石化,48,0,0.0,0.0,0,0,0,
20260424,fresh_breakout,801970.SI,环保,137,2,0.014598540145985401,0.02,2,0,0,
20260424,fresh_breakout,801980.SI,美容护理,31,0,0.0,0.0,0,0,0,
20260427,fresh_breakout,801010.SI,农林牧渔,114,2,0.017543859649122806,0.02,2,0,0,
20260427,fresh_breakout,801030.SI,基础化工,438,6,0.0136986301369863,0.06,6,0,0,
20260427,fresh_breakout,801040.SI,钢铁,43,0,0.0,0.0,0,0,0,
20260427,fresh_breakout,801050.SI,有色金属,142,2,0.014084507042253521,0.02,2,0,0,
20260427,fresh_breakout,801080.SI,电子,495,23,0.046464646464646465,0.23,23,0,0,
20260427,fresh_breakout,801110.SI,家用电器,103,2,0.019417475728155338,0.02,2,0,0,
20260427,fresh_breakout,801120.SI,食品饮料,126,0,0.0,0.0,0,0,0,
20260427,fresh_breakout,801130.SI,纺织服饰,105,0,0.0,0.0,0,0,0,
20260427,fresh_breakout,801140.SI,轻工制造,166,6,0.03614457831325301,0.06,6,0,0,
20260427,fresh_breakout,801150.SI,医药生物,501,1,0.001996007984031936,0.01,1,0,0,
20260427,fresh_breakout,801160.SI,公用事业,133,0,0.0,0.0,0,0,0,
20260427,fresh_breakout,801170.SI,交通运输,127,1,0.007874015748031496,0.01,1,0,0,
20260427,fresh_breakout,801180.SI,房地产,99,3,0.030303030303030304,0.03,3,0,0,
20260427,fresh_breakout,801200.SI,商贸零售,99,2,0.020202020202020204,0.02,2,0,0,
20260427,fresh_breakout,801210.SI,社会服务,84,1,0.011904761904761904,0.01,1,0,0,
20260427,fresh_breakout,801230.SI,综合,15,0,0.0,0.0,0,0,0,
20260427,fresh_breakout,801710.SI,建筑材料,75,0,0.0,0.0,0,0,0,
20260427,fresh_breakout,801720.SI,建筑装饰,162,4,0.024691358024691357,0.04,4,0,0,
20260427,fresh_breakout,801730.SI,电力设备,399,14,0.03508771929824561,0.14,14,0,0,
20260427,fresh_breakout,801740.SI,国防军工,139,6,0.04316546762589928,0.06,6,0,0,
20260427,fresh_breakout,801750.SI,计算机,356,3,0.008426966292134831,0.03,3,0,0,
20260427,fresh_breakout,801760.SI,传媒,131,0,0.0,0.0,0,0,0,
20260427,fresh_breakout,801770.SI,通信,127,5,0.03937007874015748,0.05,5,0,0,
20260427,fresh_breakout,801780.SI,银行,42,1,0.023809523809523808,0.01,1,0,0,
20260427,fresh_breakout,801790.SI,非银金融,81,1,0.012345679012345678,0.01,1,0,0,
20260427,fresh_breakout,801880.SI,汽车,310,5,0.016129032258064516,0.05,5,0,0,
20260427,fresh_breakout,801890.SI,机械设备,594,11,0.018518518518518517,0.11,11,0,0,
20260427,fresh_breakout,801950.SI,煤炭,37,0,0.0,0.0,0,0,0,
20260427,fresh_breakout,801960.SI,石油石化,48,0,0.0,0.0,0,0,0,
20260427,fresh_breakout,801970.SI,环保,137,1,0.0072992700729927005,0.01,1,0,0,
20260427,fresh_breakout,801980.SI,美容护理,31,0,0.0,0.0,0,0,0,
20260428,fresh_breakout,801010.SI,农林牧渔,114,1,0.008771929824561403,0.01,1,0,0,
20260428,fresh_breakout,801030.SI,基础化工,438,6,0.0136986301369863,0.06,6,0,0,
20260428,fresh_breakout,801040.SI,钢铁,43,1,0.023255813953488372,0.01,1,0,0,
20260428,fresh_breakout,801050.SI,有色金属,142,2,0.014084507042253521,0.02,2,0,0,
20260428,fresh_breakout,801080.SI,电子,495,27,0.05454545454545454,0.27,27,0,0,
20260428,fresh_breakout,801110.SI,家用电器,103,2,0.019417475728155338,0.02,2,0,0,
20260428,fresh_breakout,801120.SI,食品饮料,125,0,0.0,0.0,0,0,0,
20260428,fresh_breakout,801130.SI,纺织服饰,107,1,0.009345794392523364,0.01,1,0,0,
20260428,fresh_breakout,801140.SI,轻工制造,166,6,0.03614457831325301,0.06,6,0,0,
20260428,fresh_breakout,801150.SI,医药生物,501,1,0.001996007984031936,0.01,1,0,0,
20260428,fresh_breakout,801160.SI,公用事业,133,1,0.007518796992481203,0.01,1,0,0,
20260428,fresh_breakout,801170.SI,交通运输,128,1,0.0078125,0.01,1,0,0,
20260428,fresh_breakout,801180.SI,房地产,99,5,0.050505050505050504,0.05,5,0,0,
20260428,fresh_breakout,801200.SI,商贸零售,99,1,0.010101010101010102,0.01,1,0,0,
20260428,fresh_breakout,801210.SI,社会服务,84,1,0.011904761904761904,0.01,1,0,0,
20260428,fresh_breakout,801230.SI,综合,15,0,0.0,0.0,0,0,0,
20260428,fresh_breakout,801710.SI,建筑材料,74,0,0.0,0.0,0,0,0,
20260428,fresh_breakout,801720.SI,建筑装饰,162,4,0.024691358024691357,0.04,4,0,0,
20260428,fresh_breakout,801730.SI,电力设备,398,14,0.035175879396984924,0.14,14,0,0,
20260428,fresh_breakout,801740.SI,国防军工,139,3,0.02158273381294964,0.03,3,0,0,
20260428,fresh_breakout,801750.SI,计算机,352,3,0.008522727272727272,0.03,3,0,0,
20260428,fresh_breakout,801760.SI,传媒,131,0,0.0,0.0,0,0,0,
20260428,fresh_breakout,801770.SI,通信,127,3,0.023622047244094488,0.03,3,0,0,
20260428,fresh_breakout,801780.SI,银行,42,1,0.023809523809523808,0.01,1,0,0,
20260428,fresh_breakout,801790.SI,非银金融,81,1,0.012345679012345678,0.01,1,0,0,
20260428,fresh_breakout,801880.SI,汽车,309,2,0.006472491909385114,0.02,2,0,0,
20260428,fresh_breakout,801890.SI,机械设备,594,11,0.018518518518518517,0.11,11,0,0,
20260428,fresh_breakout,801950.SI,煤炭,37,0,0.0,0.0,0,0,0,
20260428,fresh_breakout,801960.SI,石油石化,46,0,0.0,0.0,0,0,0,
20260428,fresh_breakout,801970.SI,环保,137,1,0.0072992700729927005,0.01,1,0,0,
20260428,fresh_breakout,801980.SI,美容护理,31,1,0.03225806451612903,0.01,1,0,0,
20260429,fresh_breakout,801010.SI,农林牧渔,112,1,0.008928571428571428,0.01,1,0,0,
20260429,fresh_breakout,801030.SI,基础化工,438,6,0.0136986301369863,0.06,6,0,0,
20260429,fresh_breakout,801040.SI,钢铁,43,1,0.023255813953488372,0.01,1,0,0,
20260429,fresh_breakout,801050.SI,有色金属,141,3,0.02127659574468085,0.03,3,0,0,
20260429,fresh_breakout,801080.SI,电子,493,24,0.0486815415821501,0.24,24,0,0,
20260429,fresh_breakout,801110.SI,家用电器,102,3,0.029411764705882353,0.03,3,0,0,
20260429,fresh_breakout,801120.SI,食品饮料,125,2,0.016,0.02,2,0,0,
20260429,fresh_breakout,801130.SI,纺织服饰,107,2,0.018691588785046728,0.02,2,0,0,
20260429,fresh_breakout,801140.SI,轻工制造,168,6,0.03571428571428571,0.06,6,0,0,
20260429,fresh_breakout,801150.SI,医药生物,498,2,0.004016064257028112,0.02,2,0,0,
20260429,fresh_breakout,801160.SI,公用事业,133,2,0.015037593984962405,0.02,2,0,0,
20260429,fresh_breakout,801170.SI,交通运输,127,1,0.007874015748031496,0.01,1,0,0,
20260429,fresh_breakout,801180.SI,房地产,98,4,0.04081632653061224,0.04,4,0,0,
20260429,fresh_breakout,801200.SI,商贸零售,98,1,0.01020408163265306,0.01,1,0,0,
20260429,fresh_breakout,801210.SI,社会服务,85,0,0.0,0.0,0,0,0,
20260429,fresh_breakout,801230.SI,综合,14,0,0.0,0.0,0,0,0,
20260429,fresh_breakout,801710.SI,建筑材料,73,0,0.0,0.0,0,0,0,
20260429,fresh_breakout,801720.SI,建筑装饰,157,3,0.01910828025477707,0.03,3,0,0,
20260429,fresh_breakout,801730.SI,电力设备,397,14,0.03526448362720403,0.14,14,0,0,
20260429,fresh_breakout,801740.SI,国防军工,139,2,0.014388489208633094,0.02,2,0,0,
20260429,fresh_breakout,801750.SI,计算机,353,3,0.0084985835694051,0.03,3,0,0,
20260429,fresh_breakout,801760.SI,传媒,129,0,0.0,0.0,0,0,0,
20260429,fresh_breakout,801770.SI,通信,126,1,0.007936507936507936,0.01,1,0,0,
20260429,fresh_breakout,801780.SI,银行,42,0,0.0,0.0,0,0,0,
20260429,fresh_breakout,801790.SI,非银金融,80,1,0.0125,0.01,1,0,0,
20260429,fresh_breakout,801880.SI,汽车,308,3,0.00974025974025974,0.03,3,0,0,
20260429,fresh_breakout,801890.SI,机械设备,591,13,0.021996615905245348,0.13,13,0,0,
20260429,fresh_breakout,801950.SI,煤炭,37,0,0.0,0.0,0,0,0,
20260429,fresh_breakout,801960.SI,石油石化,48,0,0.0,0.0,0,0,0,
20260429,fresh_breakout,801970.SI,环保,135,1,0.007407407407407408,0.01,1,0,0,
20260429,fresh_breakout,801980.SI,美容护理,31,1,0.03225806451612903,0.01,1,0,0,
20260430,fresh_breakout,801010.SI,农林牧渔,113,2,0.017699115044247787,0.02,2,0,0,
20260430,fresh_breakout,801030.SI,基础化工,437,8,0.018306636155606407,0.08,8,0,0,
20260430,fresh_breakout,801040.SI,钢铁,43,1,0.023255813953488372,0.01,1,0,0,
20260430,fresh_breakout,801050.SI,有色金属,142,3,0.02112676056338028,0.03,3,0,0,
20260430,fresh_breakout,801080.SI,电子,493,19,0.038539553752535496,0.19,19,0,0,
20260430,fresh_breakout,801110.SI,家用电器,103,3,0.02912621359223301,0.03,3,0,0,
20260430,fresh_breakout,801120.SI,食品饮料,126,4,0.031746031746031744,0.04,4,0,0,
20260430,fresh_breakout,801130.SI,纺织服饰,103,2,0.019417475728155338,0.02,2,0,0,
20260430,fresh_breakout,801140.SI,轻工制造,166,5,0.030120481927710843,0.05,5,0,0,
20260430,fresh_breakout,801150.SI,医药生物,495,4,0.00808080808080808,0.04,4,0,0,
20260430,fresh_breakout,801160.SI,公用事业,133,2,0.015037593984962405,0.02,2,0,0,
20260430,fresh_breakout,801170.SI,交通运输,128,1,0.0078125,0.01,1,0,0,
20260430,fresh_breakout,801180.SI,房地产,98,2,0.02040816326530612,0.02,2,0,0,
20260430,fresh_breakout,801200.SI,商贸零售,98,1,0.01020408163265306,0.01,1,0,0,
20260430,fresh_breakout,801210.SI,社会服务,83,0,0.0,0.0,0,0,0,
20260430,fresh_breakout,801230.SI,综合,15,1,0.06666666666666667,0.01,1,0,0,
20260430,fresh_breakout,801710.SI,建筑材料,74,0,0.0,0.0,0,0,0,
20260430,fresh_breakout,801720.SI,建筑装饰,160,2,0.0125,0.02,2,0,0,
20260430,fresh_breakout,801730.SI,电力设备,398,13,0.032663316582914576,0.13,13,0,0,
20260430,fresh_breakout,801740.SI,国防军工,138,1,0.007246376811594203,0.01,1,0,0,
20260430,fresh_breakout,801750.SI,计算机,351,3,0.008547008547008548,0.03,3,0,0,
20260430,fresh_breakout,801760.SI,传媒,131,1,0.007633587786259542,0.01,1,0,0,
20260430,fresh_breakout,801770.SI,通信,127,1,0.007874015748031496,0.01,1,0,0,
20260430,fresh_breakout,801780.SI,银行,42,2,0.047619047619047616,0.02,2,0,0,
20260430,fresh_breakout,801790.SI,非银金融,80,0,0.0,0.0,0,0,0,
20260430,fresh_breakout,801880.SI,汽车,310,1,0.0032258064516129032,0.01,1,0,0,
20260430,fresh_breakout,801890.SI,机械设备,589,13,0.022071307300509338,0.13,13,0,0,
20260430,fresh_breakout,801950.SI,煤炭,37,2,0.05405405405405406,0.02,2,0,0,
20260430,fresh_breakout,801960.SI,石油石化,48,0,0.0,0.0,0,0,0,
20260430,fresh_breakout,801970.SI,环保,134,2,0.014925373134328358,0.02,2,0,0,
20260430,fresh_breakout,801980.SI,美容护理,31,1,0.03225806451612903,0.01,1,0,0,
20260506,fresh_breakout,801010.SI,农林牧渔,114,2,0.017543859649122806,0.02,2,0,1,20260424
20260506,fresh_breakout,801030.SI,基础化工,439,9,0.02050113895216401,0.09,8,1,5,20260424
20260506,fresh_breakout,801040.SI,钢铁,43,1,0.023255813953488372,0.01,1,0,0,20260424
20260506,fresh_breakout,801050.SI,有色金属,142,4,0.028169014084507043,0.04,4,0,2,20260424
20260506,fresh_breakout,801080.SI,电子,494,21,0.04251012145748988,0.21,20,1,21,20260424
20260506,fresh_breakout,801110.SI,家用电器,103,3,0.02912621359223301,0.03,3,0,5,20260424
20260506,fresh_breakout,801120.SI,食品饮料,125,7,0.056,0.07,7,0,1,20260424
20260506,fresh_breakout,801130.SI,纺织服饰,106,2,0.018867924528301886,0.02,2,0,0,20260424
20260506,fresh_breakout,801140.SI,轻工制造,168,4,0.023809523809523808,0.04,3,1,4,20260424
20260506,fresh_breakout,801150.SI,医药生物,502,1,0.00199203187250996,0.01,1,0,3,20260424
20260506,fresh_breakout,801160.SI,公用事业,133,2,0.015037593984962405,0.02,2,0,0,20260424
20260506,fresh_breakout,801170.SI,交通运输,128,1,0.0078125,0.01,1,0,0,20260424
20260506,fresh_breakout,801180.SI,房地产,99,2,0.020202020202020204,0.02,2,0,1,20260424
20260506,fresh_breakout,801200.SI,商贸零售,98,0,0.0,0.0,0,0,1,20260424
20260506,fresh_breakout,801210.SI,社会服务,84,0,0.0,0.0,0,0,0,20260424
20260506,fresh_breakout,801230.SI,综合,15,1,0.06666666666666667,0.01,1,0,0,20260424
20260506,fresh_breakout,801710.SI,建筑材料,75,0,0.0,0.0,0,0,0,20260424
20260506,fresh_breakout,801720.SI,建筑装饰,162,2,0.012345679012345678,0.02,0,2,2,20260424
20260506,fresh_breakout,801730.SI,电力设备,398,12,0.03015075376884422,0.12,9,3,9,20260424
20260506,fresh_breakout,801740.SI,国防军工,139,1,0.007194244604316547,0.01,0,1,6,20260424
20260506,fresh_breakout,801750.SI,计算机,354,3,0.00847457627118644,0.03,2,1,4,20260424
20260506,fresh_breakout,801760.SI,传媒,131,3,0.022900763358778626,0.03,3,0,0,20260424
20260506,fresh_breakout,801770.SI,通信,127,1,0.007874015748031496,0.01,1,0,7,20260424
20260506,fresh_breakout,801780.SI,银行,42,2,0.047619047619047616,0.02,2,0,1,20260424
20260506,fresh_breakout,801790.SI,非银金融,80,0,0.0,0.0,0,0,1,20260424
20260506,fresh_breakout,801880.SI,汽车,310,1,0.0032258064516129032,0.01,1,0,5,20260424
20260506,fresh_breakout,801890.SI,机械设备,594,11,0.018518518518518517,0.11,10,1,8,20260424
20260506,fresh_breakout,801950.SI,煤炭,37,2,0.05405405405405406,0.02,2,0,0,20260424
20260506,fresh_breakout,801960.SI,石油石化,48,0,0.0,0.0,0,0,0,20260424
20260506,fresh_breakout,801970.SI,环保,136,1,0.007352941176470588,0.01,1,0,2,20260424
20260506,fresh_breakout,801980.SI,美容护理,31,1,0.03225806451612903,0.01,1,0,0,20260424
20260507,fresh_breakout,801010.SI,农林牧渔,114,2,0.017543859649122806,0.02,1,1,1,20260427
20260507,fresh_breakout,801030.SI,基础化工,439,7,0.015945330296127564,0.07,7,0,6,20260427
20260507,fresh_breakout,801040.SI,钢铁,43,0,0.0,0.0,0,0,0,20260427
20260507,fresh_breakout,801050.SI,有色金属,142,4,0.028169014084507043,0.04,3,1,1,20260427
20260507,fresh_breakout,801080.SI,电子,494,21,0.04251012145748988,0.21,17,4,19,20260427
20260507,fresh_breakout,801110.SI,家用电器,103,3,0.02912621359223301,0.03,3,0,2,20260427
20260507,fresh_breakout,801120.SI,食品饮料,125,6,0.048,0.06,6,0,0,20260427
20260507,fresh_breakout,801130.SI,纺织服饰,106,3,0.02830188679245283,0.03,3,0,0,20260427
20260507,fresh_breakout,801140.SI,轻工制造,168,3,0.017857142857142856,0.03,1,2,4,20260427
20260507,fresh_breakout,801150.SI,医药生物,502,2,0.00398406374501992,0.02,2,0,1,20260427
20260507,fresh_breakout,801160.SI,公用事业,133,2,0.015037593984962405,0.02,2,0,0,20260427
20260507,fresh_breakout,801170.SI,交通运输,128,1,0.0078125,0.01,0,1,0,20260427
20260507,fresh_breakout,801180.SI,房地产,99,2,0.020202020202020204,0.02,1,1,2,20260427
20260507,fresh_breakout,801200.SI,商贸零售,98,1,0.01020408163265306,0.01,1,0,2,20260427
20260507,fresh_breakout,801210.SI,社会服务,84,1,0.011904761904761904,0.01,1,0,1,20260427
20260507,fresh_breakout,801230.SI,综合,15,1,0.06666666666666667,0.01,1,0,0,20260427
20260507,fresh_breakout,801710.SI,建筑材料,75,1,0.013333333333333334,0.01,1,0,0,20260427
20260507,fresh_breakout,801720.SI,建筑装饰,162,1,0.006172839506172839,0.01,0,1,3,20260427
20260507,fresh_breakout,801730.SI,电力设备,398,11,0.02763819095477387,0.11,8,3,11,20260427
20260507,fresh_breakout,801740.SI,国防军工,139,0,0.0,0.0,0,0,6,20260427
20260507,fresh_breakout,801750.SI,计算机,355,5,0.014084507042253521,0.05,4,1,2,20260427
20260507,fresh_breakout,801760.SI,传媒,131,2,0.015267175572519083,0.02,2,0,0,20260427
20260507,fresh_breakout,801770.SI,通信,127,1,0.007874015748031496,0.01,1,0,5,20260427
20260507,fresh_breakout,801780.SI,银行,42,1,0.023809523809523808,0.01,1,0,1,20260427
20260507,fresh_breakout,801790.SI,非银金融,81,1,0.012345679012345678,0.01,1,0,1,20260427
20260507,fresh_breakout,801880.SI,汽车,310,2,0.0064516129032258064,0.02,2,0,5,20260427
20260507,fresh_breakout,801890.SI,机械设备,594,12,0.020202020202020204,0.12,10,2,9,20260427
20260507,fresh_breakout,801950.SI,煤炭,37,2,0.05405405405405406,0.02,2,0,0,20260427
20260507,fresh_breakout,801960.SI,石油石化,48,0,0.0,0.0,0,0,0,20260427
20260507,fresh_breakout,801970.SI,环保,136,1,0.007352941176470588,0.01,1,0,1,20260427
20260507,fresh_breakout,801980.SI,美容护理,31,1,0.03225806451612903,0.01,1,0,0,20260427
20260508,fresh_breakout,801010.SI,农林牧渔,114,0,0.0,0.0,0,0,1,20260428
20260508,fresh_breakout,801030.SI,基础化工,439,7,0.015945330296127564,0.07,7,0,6,20260428
20260508,fresh_breakout,801040.SI,钢铁,44,0,0.0,0.0,0,0,1,20260428
20260508,fresh_breakout,801050.SI,有色金属,142,2,0.014084507042253521,0.02,1,1,1,20260428
20260508,fresh_breakout,801080.SI,电子,494,18,0.03643724696356275,0.18,13,5,22,20260428
20260508,fresh_breakout,801110.SI,家用电器,103,2,0.019417475728155338,0.02,2,0,2,20260428
20260508,fresh_breakout,801120.SI,食品饮料,125,5,0.04,0.05,5,0,0,20260428
20260508,fresh_breakout,801130.SI,纺织服饰,106,5,0.04716981132075472,0.05,5,0,1,20260428
20260508,fresh_breakout,801140.SI,轻工制造,168,4,0.023809523809523808,0.04,2,2,4,20260428
20260508,fresh_breakout,801150.SI,医药生物,501,4,0.007984031936127744,0.04,4,0,1,20260428
20260508,fresh_breakout,801160.SI,公用事业,133,1,0.007518796992481203,0.01,1,0,1,20260428
20260508,fresh_breakout,801170.SI,交通运输,128,0,0.0,0.0,0,0,1,20260428
20260508,fresh_breakout,801180.SI,房地产,99,3,0.030303030303030304,0.03,1,2,3,20260428
20260508,fresh_breakout,801200.SI,商贸零售,97,1,0.010309278350515464,0.01,1,0,1,20260428
20260508,fresh_breakout,801210.SI,社会服务,84,1,0.011904761904761904,0.01,1,0,1,20260428
20260508,fresh_breakout,801230.SI,综合,15,1,0.06666666666666667,0.01,1,0,0,20260428
20260508,fresh_breakout,801710.SI,建筑材料,75,2,0.02666666666666667,0.02,2,0,0,20260428
20260508,fresh_breakout,801720.SI,建筑装饰,162,2,0.012345679012345678,0.02,1,1,3,20260428
20260508,fresh_breakout,801730.SI,电力设备,397,9,0.022670025188916875,0.09,7,2,12,20260428
20260508,fresh_breakout,801740.SI,国防军工,139,0,0.0,0.0,0,0,3,20260428
20260508,fresh_breakout,801750.SI,计算机,355,4,0.011267605633802818,0.04,4,0,3,20260428
20260508,fresh_breakout,801760.SI,传媒,131,2,0.015267175572519083,0.02,2,0,0,20260428
20260508,fresh_breakout,801770.SI,通信,127,2,0.015748031496062992,0.02,1,1,2,20260428
20260508,fresh_breakout,801780.SI,银行,42,1,0.023809523809523808,0.01,1,0,1,20260428
20260508,fresh_breakout,801790.SI,非银金融,81,1,0.012345679012345678,0.01,1,0,1,20260428
20260508,fresh_breakout,801880.SI,汽车,310,3,0.00967741935483871,0.03,3,0,2,20260428
20260508,fresh_breakout,801890.SI,机械设备,594,15,0.025252525252525252,0.15,13,2,9,20260428
20260508,fresh_breakout,801950.SI,煤炭,37,2,0.05405405405405406,0.02,2,0,0,20260428
20260508,fresh_breakout,801960.SI,石油石化,48,0,0.0,0.0,0,0,0,20260428
20260508,fresh_breakout,801970.SI,环保,136,2,0.014705882352941176,0.02,2,0,1,20260428
20260508,fresh_breakout,801980.SI,美容护理,31,1,0.03225806451612903,0.01,0,1,0,20260428
20260511,fresh_breakout,801010.SI,农林牧渔,114,0,0.0,0.0,0,0,1,20260429
20260511,fresh_breakout,801030.SI,基础化工,439,7,0.015945330296127564,0.07,7,0,6,20260429
20260511,fresh_breakout,801040.SI,钢铁,44,0,0.0,0.0,0,0,1,20260429
20260511,fresh_breakout,801050.SI,有色金属,142,2,0.014084507042253521,0.02,1,1,2,20260429
20260511,fresh_breakout,801080.SI,电子,493,20,0.04056795131845842,0.2,17,3,21,20260429
20260511,fresh_breakout,801110.SI,家用电器,102,2,0.0196078431372549,0.02,1,1,2,20260429
20260511,fresh_breakout,801120.SI,食品饮料,125,3,0.024,0.03,3,0,2,20260429
20260511,fresh_breakout,801130.SI,纺织服饰,106,7,0.0660377358490566,0.07,7,0,2,20260429
20260511,fresh_breakout,801140.SI,轻工制造,168,2,0.011904761904761904,0.02,0,2,4,20260429
20260511,fresh_breakout,801150.SI,医药生物,501,3,0.005988023952095809,0.03,2,1,1,20260429
20260511,fresh_breakout,801160.SI,公用事业,133,0,0.0,0.0,0,0,2,20260429
20260511,fresh_breakout,801170.SI,交通运输,128,2,0.015625,0.02,2,0,1,20260429
20260511,fresh_breakout,801180.SI,房地产,99,4,0.04040404040404041,0.04,1,3,1,20260429
20260511,fresh_breakout,801200.SI,商贸零售,97,1,0.010309278350515464,0.01,1,0,1,20260429
20260511,fresh_breakout,801210.SI,社会服务,84,1,0.011904761904761904,0.01,1,0,0,20260429
20260511,fresh_breakout,801230.SI,综合,15,1,0.06666666666666667,0.01,1,0,0,20260429
20260511,fresh_breakout,801710.SI,建筑材料,75,2,0.02666666666666667,0.02,2,0,0,20260429
20260511,fresh_breakout,801720.SI,建筑装饰,162,3,0.018518518518518517,0.03,2,1,2,20260429
20260511,fresh_breakout,801730.SI,电力设备,398,8,0.020100502512562814,0.08,7,1,13,20260429
20260511,fresh_breakout,801740.SI,国防军工,139,0,0.0,0.0,0,0,2,20260429
20260511,fresh_breakout,801750.SI,计算机,355,4,0.011267605633802818,0.04,4,0,3,20260429
20260511,fresh_breakout,801760.SI,传媒,131,3,0.022900763358778626,0.03,3,0,0,20260429
20260511,fresh_breakout,801770.SI,通信,126,2,0.015873015873015872,0.02,2,0,1,20260429
20260511,fresh_breakout,801780.SI,银行,42,0,0.0,0.0,0,0,0,20260429
20260511,fresh_breakout,801790.SI,非银金融,81,1,0.012345679012345678,0.01,1,0,1,20260429
20260511,fresh_breakout,801880.SI,汽车,310,3,0.00967741935483871,0.03,2,1,2,20260429
20260511,fresh_breakout,801890.SI,机械设备,594,17,0.02861952861952862,0.17,15,2,11,20260429
20260511,fresh_breakout,801950.SI,煤炭,37,0,0.0,0.0,0,0,0,20260429
20260511,fresh_breakout,801960.SI,石油石化,48,1,0.020833333333333332,0.01,1,0,0,20260429
20260511,fresh_breakout,801970.SI,环保,136,1,0.007352941176470588,0.01,1,0,1,20260429
20260511,fresh_breakout,801980.SI,美容护理,31,0,0.0,0.0,0,0,1,20260429
20260512,fresh_breakout,801010.SI,农林牧渔,112,0,0.0,0.0,0,0,2,20260430
20260512,fresh_breakout,801030.SI,基础化工,439,9,0.02050113895216401,0.09,7,2,6,20260430
20260512,fresh_breakout,801040.SI,钢铁,44,0,0.0,0.0,0,0,1,20260430
20260512,fresh_breakout,801050.SI,有色金属,142,3,0.02112676056338028,0.03,2,1,2,20260430
20260512,fresh_breakout,801080.SI,电子,494,18,0.03643724696356275,0.18,17,1,18,20260430
20260512,fresh_breakout,801110.SI,家用电器,102,3,0.029411764705882353,0.03,2,1,2,20260430
20260512,fresh_breakout,801120.SI,食品饮料,125,4,0.032,0.04,3,1,3,20260430
20260512,fresh_breakout,801130.SI,纺织服饰,106,6,0.05660377358490566,0.06,6,0,2,20260430
20260512,fresh_breakout,801140.SI,轻工制造,168,0,0.0,0.0,0,0,5,20260430
20260512,fresh_breakout,801150.SI,医药生物,501,3,0.005988023952095809,0.03,2,1,3,20260430
20260512,fresh_breakout,801160.SI,公用事业,133,1,0.007518796992481203,0.01,1,0,2,20260430
20260512,fresh_breakout,801170.SI,交通运输,128,2,0.015625,0.02,2,0,1,20260430
20260512,fresh_breakout,801180.SI,房地产,99,2,0.020202020202020204,0.02,1,1,1,20260430
20260512,fresh_breakout,801200.SI,商贸零售,98,1,0.01020408163265306,0.01,1,0,1,20260430
20260512,fresh_breakout,801210.SI,社会服务,84,1,0.011904761904761904,0.01,1,0,0,20260430
20260512,fresh_breakout,801230.SI,综合,15,0,0.0,0.0,0,0,1,20260430
20260512,fresh_breakout,801710.SI,建筑材料,75,1,0.013333333333333334,0.01,1,0,0,20260430
20260512,fresh_breakout,801720.SI,建筑装饰,162,3,0.018518518518518517,0.03,2,1,1,20260430
20260512,fresh_breakout,801730.SI,电力设备,398,9,0.022613065326633167,0.09,5,4,9,20260430
20260512,fresh_breakout,801740.SI,国防军工,139,1,0.007194244604316547,0.01,1,0,1,20260430
20260512,fresh_breakout,801750.SI,计算机,355,4,0.011267605633802818,0.04,3,1,2,20260430
20260512,fresh_breakout,801760.SI,传媒,131,3,0.022900763358778626,0.03,3,0,1,20260430
20260512,fresh_breakout,801770.SI,通信,127,2,0.015748031496062992,0.02,2,0,1,20260430
20260512,fresh_breakout,801780.SI,银行,42,0,0.0,0.0,0,0,2,20260430
20260512,fresh_breakout,801790.SI,非银金融,81,2,0.024691358024691357,0.02,2,0,0,20260430
20260512,fresh_breakout,801880.SI,汽车,311,4,0.012861736334405145,0.04,3,1,0,20260430
20260512,fresh_breakout,801890.SI,机械设备,593,16,0.026981450252951095,0.16,15,1,12,20260430
20260512,fresh_breakout,801950.SI,煤炭,37,0,0.0,0.0,0,0,2,20260430
20260512,fresh_breakout,801960.SI,石油石化,48,1,0.020833333333333332,0.01,1,0,0,20260430
20260512,fresh_breakout,801970.SI,环保,135,1,0.007407407407407408,0.01,1,0,2,20260430
20260512,fresh_breakout,801980.SI,美容护理,31,0,0.0,0.0,0,0,1,20260430
20260513,fresh_breakout,801010.SI,农林牧渔,114,1,0.008771929824561403,0.01,1,0,2,20260506
20260513,fresh_breakout,801030.SI,基础化工,439,10,0.022779043280182234,0.1,8,2,7,20260506
20260513,fresh_breakout,801040.SI,钢铁,44,0,0.0,0.0,0,0,1,20260506
20260513,fresh_breakout,801050.SI,有色金属,142,2,0.014084507042253521,0.02,1,1,3,20260506
20260513,fresh_breakout,801080.SI,电子,494,22,0.044534412955465584,0.22,19,3,18,20260506
20260513,fresh_breakout,801110.SI,家用电器,102,1,0.00980392156862745,0.01,1,0,3,20260506
20260513,fresh_breakout,801120.SI,食品饮料,126,2,0.015873015873015872,0.02,1,1,6,20260506
20260513,fresh_breakout,801130.SI,纺织服饰,106,6,0.05660377358490566,0.06,6,0,2,20260506
20260513,fresh_breakout,801140.SI,轻工制造,168,0,0.0,0.0,0,0,4,20260506
20260513,fresh_breakout,801150.SI,医药生物,501,6,0.011976047904191617,0.06,6,0,1,20260506
20260513,fresh_breakout,801160.SI,公用事业,133,2,0.015037593984962405,0.02,2,0,2,20260506
20260513,fresh_breakout,801170.SI,交通运输,128,2,0.015625,0.02,2,0,1,20260506
20260513,fresh_breakout,801180.SI,房地产,99,2,0.020202020202020204,0.02,2,0,2,20260506
20260513,fresh_breakout,801200.SI,商贸零售,98,1,0.01020408163265306,0.01,1,0,0,20260506
20260513,fresh_breakout,801210.SI,社会服务,84,1,0.011904761904761904,0.01,1,0,0,20260506
20260513,fresh_breakout,801230.SI,综合,15,0,0.0,0.0,0,0,1,20260506
20260513,fresh_breakout,801710.SI,建筑材料,75,2,0.02666666666666667,0.02,2,0,0,20260506
20260513,fresh_breakout,801720.SI,建筑装饰,162,2,0.012345679012345678,0.02,2,0,2,20260506
20260513,fresh_breakout,801730.SI,电力设备,398,7,0.017587939698492462,0.07,6,1,11,20260506
20260513,fresh_breakout,801740.SI,国防军工,140,1,0.007142857142857143,0.01,1,0,1,20260506
20260513,fresh_breakout,801750.SI,计算机,355,4,0.011267605633802818,0.04,3,1,2,20260506
20260513,fresh_breakout,801760.SI,传媒,131,2,0.015267175572519083,0.02,2,0,3,20260506
20260513,fresh_breakout,801770.SI,通信,127,2,0.015748031496062992,0.02,2,0,1,20260506
20260513,fresh_breakout,801780.SI,银行,42,0,0.0,0.0,0,0,2,20260506
20260513,fresh_breakout,801790.SI,非银金融,81,2,0.024691358024691357,0.02,2,0,0,20260506
20260513,fresh_breakout,801880.SI,汽车,310,4,0.012903225806451613,0.04,3,1,0,20260506
20260513,fresh_breakout,801890.SI,机械设备,593,15,0.025295109612141653,0.15,15,0,11,20260506
20260513,fresh_breakout,801950.SI,煤炭,37,0,0.0,0.0,0,0,2,20260506
20260513,fresh_breakout,801960.SI,石油石化,48,1,0.020833333333333332,0.01,1,0,0,20260506
20260513,fresh_breakout,801970.SI,环保,135,0,0.0,0.0,0,0,1,20260506
20260513,fresh_breakout,801980.SI,美容护理,31,0,0.0,0.0,0,0,1,20260506
20260514,fresh_breakout,801010.SI,农林牧渔,114,1,0.008771929824561403,0.01,1,0,2,20260507
20260514,fresh_breakout,801030.SI,基础化工,439,9,0.02050113895216401,0.09,8,1,6,20260507
20260514,fresh_breakout,801040.SI,钢铁,44,0,0.0,0.0,0,0,0,20260507
20260514,fresh_breakout,801050.SI,有色金属,142,2,0.014084507042253521,0.02,1,1,3,20260507
20260514,fresh_breakout,801080.SI,电子,494,22,0.044534412955465584,0.22,19,3,18,20260507
20260514,fresh_breakout,801110.SI,家用电器,102,2,0.0196078431372549,0.02,2,0,3,20260507
20260514,fresh_breakout,801120.SI,食品饮料,126,4,0.031746031746031744,0.04,3,1,5,20260507
20260514,fresh_breakout,801130.SI,纺织服饰,106,6,0.05660377358490566,0.06,6,0,3,20260507
20260514,fresh_breakout,801140.SI,轻工制造,168,0,0.0,0.0,0,0,3,20260507
20260514,fresh_breakout,801150.SI,医药生物,501,5,0.00998003992015968,0.05,5,0,2,20260507
20260514,fresh_breakout,801160.SI,公用事业,133,1,0.007518796992481203,0.01,1,0,2,20260507
20260514,fresh_breakout,801170.SI,交通运输,128,1,0.0078125,0.01,1,0,1,20260507
20260514,fresh_breakout,801180.SI,房地产,99,2,0.020202020202020204,0.02,2,0,2,20260507
20260514,fresh_breakout,801200.SI,商贸零售,98,1,0.01020408163265306,0.01,1,0,1,20260507
20260514,fresh_breakout,801210.SI,社会服务,84,1,0.011904761904761904,0.01,1,0,1,20260507
20260514,fresh_breakout,801230.SI,综合,15,0,0.0,0.0,0,0,1,20260507
20260514,fresh_breakout,801710.SI,建筑材料,75,3,0.04,0.03,3,0,1,20260507
20260514,fresh_breakout,801720.SI,建筑装饰,162,2,0.012345679012345678,0.02,2,0,1,20260507
20260514,fresh_breakout,801730.SI,电力设备,398,4,0.010050251256281407,0.04,4,0,11,20260507
20260514,fresh_breakout,801740.SI,国防军工,140,1,0.007142857142857143,0.01,1,0,0,20260507
20260514,fresh_breakout,801750.SI,计算机,355,3,0.008450704225352112,0.03,2,1,4,20260507
20260514,fresh_breakout,801760.SI,传媒,131,2,0.015267175572519083,0.02,2,0,2,20260507
20260514,fresh_breakout,801770.SI,通信,127,3,0.023622047244094488,0.03,3,0,1,20260507
20260514,fresh_breakout,801780.SI,银行,42,0,0.0,0.0,0,0,1,20260507
20260514,fresh_breakout,801790.SI,非银金融,81,1,0.012345679012345678,0.01,1,0,1,20260507
20260514,fresh_breakout,801880.SI,汽车,310,5,0.016129032258064516,0.05,4,1,1,20260507
20260514,fresh_breakout,801890.SI,机械设备,593,17,0.02866779089376054,0.17,17,0,12,20260507
20260514,fresh_breakout,801950.SI,煤炭,37,0,0.0,0.0,0,0,2,20260507
20260514,fresh_breakout,801960.SI,石油石化,47,0,0.0,0.0,0,0,0,20260507
20260514,fresh_breakout,801970.SI,环保,136,2,0.014705882352941176,0.02,2,0,1,20260507
20260514,fresh_breakout,801980.SI,美容护理,31,0,0.0,0.0,0,0,1,20260507
20260515,fresh_breakout,801010.SI,农林牧渔,114,1,0.008771929824561403,0.01,1,0,0,20260508
20260515,fresh_breakout,801030.SI,基础化工,439,5,0.011389521640091117,0.05,5,0,7,20260508
20260515,fresh_breakout,801040.SI,钢铁,44,0,0.0,0.0,0,0,0,20260508
20260515,fresh_breakout,801050.SI,有色金属,142,2,0.014084507042253521,0.02,1,1,1,20260508
20260515,fresh_breakout,801080.SI,电子,494,28,0.05668016194331984,0.28,25,3,15,20260508
20260515,fresh_breakout,801110.SI,家用电器,102,2,0.0196078431372549,0.02,2,0,2,20260508
20260515,fresh_breakout,801120.SI,食品饮料,126,4,0.031746031746031744,0.04,3,1,4,20260508
20260515,fresh_breakout,801130.SI,纺织服饰,106,3,0.02830188679245283,0.03,2,1,4,20260508
20260515,fresh_breakout,801140.SI,轻工制造,168,1,0.005952380952380952,0.01,1,0,4,20260508
20260515,fresh_breakout,801150.SI,医药生物,502,4,0.00796812749003984,0.04,4,0,4,20260508
20260515,fresh_breakout,801160.SI,公用事业,133,2,0.015037593984962405,0.02,2,0,1,20260508
20260515,fresh_breakout,801170.SI,交通运输,128,0,0.0,0.0,0,0,0,20260508
20260515,fresh_breakout,801180.SI,房地产,99,2,0.020202020202020204,0.02,2,0,3,20260508
20260515,fresh_breakout,801200.SI,商贸零售,98,0,0.0,0.0,0,0,1,20260508
20260515,fresh_breakout,801210.SI,社会服务,83,2,0.024096385542168676,0.02,2,0,1,20260508
20260515,fresh_breakout,801230.SI,综合,15,0,0.0,0.0,0,0,1,20260508
20260515,fresh_breakout,801710.SI,建筑材料,75,1,0.013333333333333334,0.01,1,0,2,20260508
20260515,fresh_breakout,801720.SI,建筑装饰,162,3,0.018518518518518517,0.03,2,1,1,20260508
20260515,fresh_breakout,801730.SI,电力设备,398,5,0.01256281407035176,0.05,4,1,8,20260508
20260515,fresh_breakout,801740.SI,国防军工,140,2,0.014285714285714285,0.02,2,0,0,20260508
20260515,fresh_breakout,801750.SI,计算机,355,1,0.0028169014084507044,0.01,1,0,4,20260508
20260515,fresh_breakout,801760.SI,传媒,131,2,0.015267175572519083,0.02,2,0,2,20260508
20260515,fresh_breakout,801770.SI,通信,127,5,0.03937007874015748,0.05,5,0,2,20260508
20260515,fresh_breakout,801780.SI,银行,42,0,0.0,0.0,0,0,1,20260508
20260515,fresh_breakout,801790.SI,非银金融,81,1,0.012345679012345678,0.01,1,0,1,20260508
20260515,fresh_breakout,801880.SI,汽车,310,3,0.00967741935483871,0.03,2,1,2,20260508
20260515,fresh_breakout,801890.SI,机械设备,593,19,0.03204047217537943,0.19,19,0,15,20260508
20260515,fresh_breakout,801950.SI,煤炭,37,0,0.0,0.0,0,0,2,20260508
20260515,fresh_breakout,801960.SI,石油石化,47,0,0.0,0.0,0,0,0,20260508
20260515,fresh_breakout,801970.SI,环保,136,2,0.014705882352941176,0.02,2,0,2,20260508
20260515,fresh_breakout,801980.SI,美容护理,31,0,0.0,0.0,0,0,1,20260508
20260518,fresh_breakout,801010.SI,农林牧渔,114,1,0.008771929824561403,0.01,1,0,0,20260511
20260518,fresh_breakout,801030.SI,基础化工,439,10,0.022779043280182234,0.1,9,1,6,20260511
20260518,fresh_breakout,801040.SI,钢铁,44,0,0.0,0.0,0,0,0,20260511
20260518,fresh_breakout,801050.SI,有色金属,142,1,0.007042253521126761,0.01,1,0,2,20260511
20260518,fresh_breakout,801080.SI,电子,495,24,0.048484848484848485,0.24,20,4,16,20260511
20260518,fresh_breakout,801110.SI,家用电器,103,2,0.019417475728155338,0.02,2,0,2,20260511
20260518,fresh_breakout,801120.SI,食品饮料,126,3,0.023809523809523808,0.03,2,1,2,20260511
20260518,fresh_breakout,801130.SI,纺织服饰,106,1,0.009433962264150943,0.01,1,0,7,20260511
20260518,fresh_breakout,801140.SI,轻工制造,168,1,0.005952380952380952,0.01,1,0,2,20260511
20260518,fresh_breakout,801150.SI,医药生物,502,2,0.00398406374501992,0.02,2,0,3,20260511
20260518,fresh_breakout,801160.SI,公用事业,133,2,0.015037593984962405,0.02,2,0,0,20260511
20260518,fresh_breakout,801170.SI,交通运输,128,0,0.0,0.0,0,0,2,20260511
20260518,fresh_breakout,801180.SI,房地产,99,2,0.020202020202020204,0.02,2,0,4,20260511
20260518,fresh_breakout,801200.SI,商贸零售,98,1,0.01020408163265306,0.01,1,0,1,20260511
20260518,fresh_breakout,801210.SI,社会服务,84,2,0.023809523809523808,0.02,2,0,1,20260511
20260518,fresh_breakout,801230.SI,综合,15,0,0.0,0.0,0,0,1,20260511
20260518,fresh_breakout,801710.SI,建筑材料,75,2,0.02666666666666667,0.02,2,0,2,20260511
20260518,fresh_breakout,801720.SI,建筑装饰,162,4,0.024691358024691357,0.04,2,2,1,20260511
20260518,fresh_breakout,801730.SI,电力设备,398,9,0.022613065326633167,0.09,7,2,6,20260511
20260518,fresh_breakout,801740.SI,国防军工,140,1,0.007142857142857143,0.01,1,0,0,20260511
20260518,fresh_breakout,801750.SI,计算机,355,2,0.005633802816901409,0.02,2,0,4,20260511
20260518,fresh_breakout,801760.SI,传媒,131,2,0.015267175572519083,0.02,2,0,3,20260511
20260518,fresh_breakout,801770.SI,通信,127,5,0.03937007874015748,0.05,4,1,1,20260511
20260518,fresh_breakout,801780.SI,银行,42,0,0.0,0.0,0,0,0,20260511
20260518,fresh_breakout,801790.SI,非银金融,81,0,0.0,0.0,0,0,1,20260511
20260518,fresh_breakout,801880.SI,汽车,310,3,0.00967741935483871,0.03,3,0,3,20260511
20260518,fresh_breakout,801890.SI,机械设备,593,16,0.026981450252951095,0.16,15,1,16,20260511
20260518,fresh_breakout,801950.SI,煤炭,37,0,0.0,0.0,0,0,0,20260511
20260518,fresh_breakout,801960.SI,石油石化,47,0,0.0,0.0,0,0,1,20260511
20260518,fresh_breakout,801970.SI,环保,136,4,0.029411764705882353,0.04,4,0,1,20260511
20260518,fresh_breakout,801980.SI,美容护理,31,0,0.0,0.0,0,0,0,20260511
20260519,fresh_breakout,801010.SI,农林牧渔,114,0,0.0,0.0,0,0,0,20260512
20260519,fresh_breakout,801030.SI,基础化工,439,9,0.02050113895216401,0.09,8,1,8,20260512
20260519,fresh_breakout,801040.SI,钢铁,44,0,0.0,0.0,0,0,0,20260512
20260519,fresh_breakout,801050.SI,有色金属,142,1,0.007042253521126761,0.01,1,0,3,20260512
20260519,fresh_breakout,801080.SI,电子,494,24,0.048582995951417005,0.24,22,2,16,20260512
20260519,fresh_breakout,801110.SI,家用电器,103,2,0.019417475728155338,0.02,2,0,3,20260512
20260519,fresh_breakout,801120.SI,食品饮料,126,2,0.015873015873015872,0.02,2,0,4,20260512
20260519,fresh_breakout,801130.SI,纺织服饰,106,1,0.009433962264150943,0.01,1,0,6,20260512
20260519,fresh_breakout,801140.SI,轻工制造,168,3,0.017857142857142856,0.03,3,0,0,20260512
20260519,fresh_breakout,801150.SI,医药生物,501,2,0.003992015968063872,0.02,2,0,3,20260512
20260519,fresh_breakout,801160.SI,公用事业,133,4,0.03007518796992481,0.04,4,0,1,20260512
20260519,fresh_breakout,801170.SI,交通运输,128,0,0.0,0.0,0,0,2,20260512
20260519,fresh_breakout,801180.SI,房地产,99,2,0.020202020202020204,0.02,2,0,2,20260512
20260519,fresh_breakout,801200.SI,商贸零售,98,1,0.01020408163265306,0.01,1,0,1,20260512
20260519,fresh_breakout,801210.SI,社会服务,84,2,0.023809523809523808,0.02,2,0,1,20260512
20260519,fresh_breakout,801230.SI,综合,15,0,0.0,0.0,0,0,0,20260512
20260519,fresh_breakout,801710.SI,建筑材料,75,3,0.04,0.03,3,0,1,20260512
20260519,fresh_breakout,801720.SI,建筑装饰,162,4,0.024691358024691357,0.04,3,1,2,20260512
20260519,fresh_breakout,801730.SI,电力设备,398,9,0.022613065326633167,0.09,8,1,8,20260512
20260519,fresh_breakout,801740.SI,国防军工,140,1,0.007142857142857143,0.01,1,0,1,20260512
20260519,fresh_breakout,801750.SI,计算机,354,0,0.0,0.0,0,0,4,20260512
20260519,fresh_breakout,801760.SI,传媒,131,1,0.007633587786259542,0.01,0,1,2,20260512
20260519,fresh_breakout,801770.SI,通信,127,5,0.03937007874015748,0.05,4,1,1,20260512
20260519,fresh_breakout,801780.SI,银行,42,0,0.0,0.0,0,0,0,20260512
20260519,fresh_breakout,801790.SI,非银金融,81,0,0.0,0.0,0,0,2,20260512
20260519,fresh_breakout,801880.SI,汽车,311,4,0.012861736334405145,0.04,3,1,3,20260512
20260519,fresh_breakout,801890.SI,机械设备,592,16,0.02702702702702703,0.16,15,1,15,20260512
20260519,fresh_breakout,801950.SI,煤炭,37,0,0.0,0.0,0,0,0,20260512
20260519,fresh_breakout,801960.SI,石油石化,47,0,0.0,0.0,0,0,1,20260512
20260519,fresh_breakout,801970.SI,环保,136,4,0.029411764705882353,0.04,4,0,1,20260512
20260519,fresh_breakout,801980.SI,美容护理,31,0,0.0,0.0,0,0,0,20260512
20260520,fresh_breakout,801010.SI,农林牧渔,114,0,0.0,0.0,0,0,1,20260513
20260520,fresh_breakout,801030.SI,基础化工,439,8,0.018223234624145785,0.08,7,1,9,20260513
20260520,fresh_breakout,801040.SI,钢铁,44,0,0.0,0.0,0,0,0,20260513
20260520,fresh_breakout,801050.SI,有色金属,142,1,0.007042253521126761,0.01,1,0,2,20260513
20260520,fresh_breakout,801080.SI,电子,495,27,0.05454545454545454,0.27,23,4,18,20260513
20260520,fresh_breakout,801110.SI,家用电器,103,3,0.02912621359223301,0.03,2,1,0,20260513
20260520,fresh_breakout,801120.SI,食品饮料,126,1,0.007936507936507936,0.01,1,0,2,20260513
20260520,fresh_breakout,801130.SI,纺织服饰,106,0,0.0,0.0,0,0,6,20260513
20260520,fresh_breakout,801140.SI,轻工制造,168,3,0.017857142857142856,0.03,3,0,0,20260513
20260520,fresh_breakout,801150.SI,医药生物,502,2,0.00398406374501992,0.02,2,0,6,20260513
20260520,fresh_breakout,801160.SI,公用事业,133,4,0.03007518796992481,0.04,3,1,1,20260513
20260520,fresh_breakout,801170.SI,交通运输,128,0,0.0,0.0,0,0,2,20260513
20260520,fresh_breakout,801180.SI,房地产,98,2,0.02040816326530612,0.02,2,0,2,20260513
20260520,fresh_breakout,801200.SI,商贸零售,98,1,0.01020408163265306,0.01,1,0,1,20260513
20260520,fresh_breakout,801210.SI,社会服务,84,2,0.023809523809523808,0.02,2,0,1,20260513
20260520,fresh_breakout,801230.SI,综合,15,0,0.0,0.0,0,0,0,20260513
20260520,fresh_breakout,801710.SI,建筑材料,75,3,0.04,0.03,3,0,2,20260513
20260520,fresh_breakout,801720.SI,建筑装饰,161,3,0.018633540372670808,0.03,3,0,2,20260513
20260520,fresh_breakout,801730.SI,电力设备,399,8,0.020050125313283207,0.08,7,1,6,20260513
20260520,fresh_breakout,801740.SI,国防军工,141,0,0.0,0.0,0,0,1,20260513
20260520,fresh_breakout,801750.SI,计算机,355,3,0.008450704225352112,0.03,3,0,4,20260513
20260520,fresh_breakout,801760.SI,传媒,131,0,0.0,0.0,0,0,2,20260513
20260520,fresh_breakout,801770.SI,通信,127,3,0.023622047244094488,0.03,3,0,2,20260513
20260520,fresh_breakout,801780.SI,银行,42,0,0.0,0.0,0,0,0,20260513
20260520,fresh_breakout,801790.SI,非银金融,81,0,0.0,0.0,0,0,2,20260513
20260520,fresh_breakout,801880.SI,汽车,312,3,0.009615384615384616,0.03,3,0,4,20260513
20260520,fresh_breakout,801890.SI,机械设备,593,20,0.03372681281618887,0.2,15,5,10,20260513
20260520,fresh_breakout,801950.SI,煤炭,37,0,0.0,0.0,0,0,0,20260513
20260520,fresh_breakout,801960.SI,石油石化,47,0,0.0,0.0,0,0,1,20260513
20260520,fresh_breakout,801970.SI,环保,136,3,0.022058823529411766,0.03,3,0,0,20260513
20260520,fresh_breakout,801980.SI,美容护理,31,0,0.0,0.0,0,0,0,20260513
20260521,fresh_breakout,801010.SI,农林牧渔,114,0,0.0,0.0,0,0,1,20260514
20260521,fresh_breakout,801030.SI,基础化工,439,8,0.018223234624145785,0.08,6,2,7,20260514
20260521,fresh_breakout,801040.SI,钢铁,44,0,0.0,0.0,0,0,0,20260514
20260521,fresh_breakout,801050.SI,有色金属,142,1,0.007042253521126761,0.01,1,0,2,20260514
20260521,fresh_breakout,801080.SI,电子,495,22,0.044444444444444446,0.22,18,4,18,20260514
20260521,fresh_breakout,801110.SI,家用电器,103,4,0.038834951456310676,0.04,2,2,0,20260514
20260521,fresh_breakout,801120.SI,食品饮料,126,1,0.007936507936507936,0.01,1,0,4,20260514
20260521,fresh_breakout,801130.SI,纺织服饰,106,1,0.009433962264150943,0.01,1,0,6,20260514
20260521,fresh_breakout,801140.SI,轻工制造,168,3,0.017857142857142856,0.03,3,0,0,20260514
20260521,fresh_breakout,801150.SI,医药生物,502,3,0.00597609561752988,0.03,3,0,5,20260514
20260521,fresh_breakout,801160.SI,公用事业,133,4,0.03007518796992481,0.04,3,1,0,20260514
20260521,fresh_breakout,801170.SI,交通运输,128,0,0.0,0.0,0,0,1,20260514
20260521,fresh_breakout,801180.SI,房地产,99,1,0.010101010101010102,0.01,1,0,2,20260514
20260521,fresh_breakout,801200.SI,商贸零售,98,2,0.02040816326530612,0.02,2,0,1,20260514
20260521,fresh_breakout,801210.SI,社会服务,84,1,0.011904761904761904,0.01,1,0,1,20260514
20260521,fresh_breakout,801230.SI,综合,15,0,0.0,0.0,0,0,0,20260514
20260521,fresh_breakout,801710.SI,建筑材料,75,2,0.02666666666666667,0.02,1,1,2,20260514
20260521,fresh_breakout,801720.SI,建筑装饰,162,3,0.018518518518518517,0.03,3,0,2,20260514
20260521,fresh_breakout,801730.SI,电力设备,399,10,0.02506265664160401,0.1,9,1,3,20260514
20260521,fresh_breakout,801740.SI,国防军工,141,0,0.0,0.0,0,0,1,20260514
20260521,fresh_breakout,801750.SI,计算机,356,3,0.008426966292134831,0.03,3,0,3,20260514
20260521,fresh_breakout,801760.SI,传媒,131,1,0.007633587786259542,0.01,1,0,2,20260514
20260521,fresh_breakout,801770.SI,通信,127,4,0.031496062992125984,0.04,4,0,3,20260514
20260521,fresh_breakout,801780.SI,银行,42,0,0.0,0.0,0,0,0,20260514
20260521,fresh_breakout,801790.SI,非银金融,81,0,0.0,0.0,0,0,1,20260514
20260521,fresh_breakout,801880.SI,汽车,312,4,0.01282051282051282,0.04,4,0,5,20260514
20260521,fresh_breakout,801890.SI,机械设备,593,20,0.03372681281618887,0.2,18,2,15,20260514
20260521,fresh_breakout,801950.SI,煤炭,37,0,0.0,0.0,0,0,0,20260514
20260521,fresh_breakout,801960.SI,石油石化,48,0,0.0,0.0,0,0,0,20260514
20260521,fresh_breakout,801970.SI,环保,136,2,0.014705882352941176,0.02,2,0,2,20260514
20260521,fresh_breakout,801980.SI,美容护理,31,0,0.0,0.0,0,0,0,20260514
20260522,fresh_breakout,801010.SI,农林牧渔,114,0,0.0,0.0,0,0,1,20260515
20260522,fresh_breakout,801030.SI,基础化工,439,7,0.015945330296127564,0.07,5,2,3,20260515
20260522,fresh_breakout,801040.SI,钢铁,44,0,0.0,0.0,0,0,0,20260515
20260522,fresh_breakout,801050.SI,有色金属,142,1,0.007042253521126761,0.01,1,0,2,20260515
20260522,fresh_breakout,801080.SI,电子,495,23,0.046464646464646465,0.23,18,5,23,20260515
20260522,fresh_breakout,801110.SI,家用电器,103,3,0.02912621359223301,0.03,1,2,0,20260515
20260522,fresh_breakout,801120.SI,食品饮料,126,1,0.007936507936507936,0.01,0,1,3,20260515
20260522,fresh_breakout,801130.SI,纺织服饰,106,1,0.009433962264150943,0.01,1,0,3,20260515
20260522,fresh_breakout,801140.SI,轻工制造,168,2,0.011904761904761904,0.02,2,0,1,20260515
20260522,fresh_breakout,801150.SI,医药生物,501,5,0.00998003992015968,0.05,4,1,3,20260515
20260522,fresh_breakout,801160.SI,公用事业,133,3,0.022556390977443608,0.03,2,1,1,20260515
20260522,fresh_breakout,801170.SI,交通运输,128,0,0.0,0.0,0,0,0,20260515
20260522,fresh_breakout,801180.SI,房地产,99,2,0.020202020202020204,0.02,1,1,1,20260515
20260522,fresh_breakout,801200.SI,商贸零售,98,2,0.02040816326530612,0.02,2,0,0,20260515
20260522,fresh_breakout,801210.SI,社会服务,84,0,0.0,0.0,0,0,2,20260515
20260522,fresh_breakout,801230.SI,综合,15,0,0.0,0.0,0,0,0,20260515
20260522,fresh_breakout,801710.SI,建筑材料,75,2,0.02666666666666667,0.02,1,1,0,20260515
20260522,fresh_breakout,801720.SI,建筑装饰,162,2,0.012345679012345678,0.02,2,0,3,20260515
20260522,fresh_breakout,801730.SI,电力设备,399,11,0.02756892230576441,0.11,9,2,3,20260515
20260522,fresh_breakout,801740.SI,国防军工,141,0,0.0,0.0,0,0,2,20260515
20260522,fresh_breakout,801750.SI,计算机,356,6,0.016853932584269662,0.06,6,0,1,20260515
20260522,fresh_breakout,801760.SI,传媒,131,1,0.007633587786259542,0.01,1,0,2,20260515
20260522,fresh_breakout,801770.SI,通信,127,3,0.023622047244094488,0.03,2,1,4,20260515
20260522,fresh_breakout,801780.SI,银行,42,0,0.0,0.0,0,0,0,20260515
20260522,fresh_breakout,801790.SI,非银金融,81,2,0.024691358024691357,0.02,2,0,1,20260515
20260522,fresh_breakout,801880.SI,汽车,312,5,0.016025641025641024,0.05,5,0,3,20260515
20260522,fresh_breakout,801890.SI,机械设备,593,18,0.03035413153456998,0.18,14,4,15,20260515
20260522,fresh_breakout,801950.SI,煤炭,37,0,0.0,0.0,0,0,0,20260515
20260522,fresh_breakout,801960.SI,石油石化,48,0,0.0,0.0,0,0,0,20260515
20260522,fresh_breakout,801970.SI,环保,136,0,0.0,0.0,0,0,2,20260515
20260522,fresh_breakout,801980.SI,美容护理,31,0,0.0,0.0,0,0,0,20260515
20260525,fresh_breakout,801010.SI,农林牧渔,114,0,0.0,0.0,0,0,1,20260518
20260525,fresh_breakout,801030.SI,基础化工,439,5,0.011389521640091117,0.05,3,2,8,20260518
20260525,fresh_breakout,801040.SI,钢铁,44,0,0.0,0.0,0,0,0,20260518
20260525,fresh_breakout,801050.SI,有色金属,142,1,0.007042253521126761,0.01,1,0,1,20260518
20260525,fresh_breakout,801080.SI,电子,495,27,0.05454545454545454,0.27,24,3,21,20260518
20260525,fresh_breakout,801110.SI,家用电器,103,3,0.02912621359223301,0.03,1,2,0,20260518
20260525,fresh_breakout,801120.SI,食品饮料,126,1,0.007936507936507936,0.01,0,1,2,20260518
20260525,fresh_breakout,801130.SI,纺织服饰,106,1,0.009433962264150943,0.01,1,0,1,20260518
20260525,fresh_breakout,801140.SI,轻工制造,168,3,0.017857142857142856,0.03,3,0,1,20260518
20260525,fresh_breakout,801150.SI,医药生物,501,5,0.00998003992015968,0.05,4,1,1,20260518
20260525,fresh_breakout,801160.SI,公用事业,133,2,0.015037593984962405,0.02,2,0,2,20260518
20260525,fresh_breakout,801170.SI,交通运输,128,0,0.0,0.0,0,0,0,20260518
20260525,fresh_breakout,801180.SI,房地产,99,2,0.020202020202020204,0.02,1,1,1,20260518
20260525,fresh_breakout,801200.SI,商贸零售,98,2,0.02040816326530612,0.02,2,0,1,20260518
20260525,fresh_breakout,801210.SI,社会服务,84,0,0.0,0.0,0,0,2,20260518
20260525,fresh_breakout,801230.SI,综合,15,0,0.0,0.0,0,0,0,20260518
20260525,fresh_breakout,801710.SI,建筑材料,75,2,0.02666666666666667,0.02,1,1,1,20260518
20260525,fresh_breakout,801720.SI,建筑装饰,162,3,0.018518518518518517,0.03,3,0,4,20260518
20260525,fresh_breakout,801730.SI,电力设备,399,9,0.022556390977443608,0.09,6,3,6,20260518
20260525,fresh_breakout,801740.SI,国防军工,141,1,0.0070921985815602835,0.01,1,0,1,20260518
20260525,fresh_breakout,801750.SI,计算机,356,6,0.016853932584269662,0.06,6,0,2,20260518
20260525,fresh_breakout,801760.SI,传媒,131,1,0.007633587786259542,0.01,1,0,2,20260518
20260525,fresh_breakout,801770.SI,通信,127,2,0.015748031496062992,0.02,1,1,4,20260518
20260525,fresh_breakout,801780.SI,银行,42,0,0.0,0.0,0,0,0,20260518
20260525,fresh_breakout,801790.SI,非银金融,81,2,0.024691358024691357,0.02,2,0,0,20260518
20260525,fresh_breakout,801880.SI,汽车,312,6,0.019230769230769232,0.06,6,0,3,20260518
20260525,fresh_breakout,801890.SI,机械设备,593,14,0.023608768971332208,0.14,12,2,14,20260518
20260525,fresh_breakout,801950.SI,煤炭,37,0,0.0,0.0,0,0,0,20260518
20260525,fresh_breakout,801960.SI,石油石化,48,1,0.020833333333333332,0.01,1,0,0,20260518
20260525,fresh_breakout,801970.SI,环保,136,1,0.007352941176470588,0.01,1,0,4,20260518
20260525,fresh_breakout,801980.SI,美容护理,31,0,0.0,0.0,0,0,0,20260518
20260526,fresh_breakout,801010.SI,农林牧渔,114,0,0.0,0.0,0,0,0,20260519
20260526,fresh_breakout,801030.SI,基础化工,439,6,0.01366742596810934,0.06,5,1,8,20260519
20260526,fresh_breakout,801040.SI,钢铁,44,0,0.0,0.0,0,0,0,20260519
20260526,fresh_breakout,801050.SI,有色金属,142,2,0.014084507042253521,0.02,2,0,1,20260519
20260526,fresh_breakout,801080.SI,电子,495,28,0.05656565656565657,0.28,26,2,22,20260519
20260526,fresh_breakout,801110.SI,家用电器,103,3,0.02912621359223301,0.03,2,1,1,20260519
20260526,fresh_breakout,801120.SI,食品饮料,126,1,0.007936507936507936,0.01,0,1,1,20260519
20260526,fresh_breakout,801130.SI,纺织服饰,106,1,0.009433962264150943,0.01,1,0,1,20260519
20260526,fresh_breakout,801140.SI,轻工制造,168,3,0.017857142857142856,0.03,3,0,3,20260519
20260526,fresh_breakout,801150.SI,医药生物,501,5,0.00998003992015968,0.05,4,1,1,20260519
20260526,fresh_breakout,801160.SI,公用事业,133,2,0.015037593984962405,0.02,0,2,2,20260519
20260526,fresh_breakout,801170.SI,交通运输,128,2,0.015625,0.02,2,0,0,20260519
20260526,fresh_breakout,801180.SI,房地产,99,1,0.010101010101010102,0.01,1,0,2,20260519
20260526,fresh_breakout,801200.SI,商贸零售,98,1,0.01020408163265306,0.01,1,0,1,20260519
20260526,fresh_breakout,801210.SI,社会服务,84,0,0.0,0.0,0,0,2,20260519
20260526,fresh_breakout,801230.SI,综合,15,0,0.0,0.0,0,0,0,20260519
20260526,fresh_breakout,801710.SI,建筑材料,75,1,0.013333333333333334,0.01,0,1,2,20260519
20260526,fresh_breakout,801720.SI,建筑装饰,162,2,0.012345679012345678,0.02,2,0,4,20260519
20260526,fresh_breakout,801730.SI,电力设备,399,7,0.017543859649122806,0.07,6,1,8,20260519
20260526,fresh_breakout,801740.SI,国防军工,141,1,0.0070921985815602835,0.01,1,0,1,20260519
20260526,fresh_breakout,801750.SI,计算机,355,10,0.028169014084507043,0.1,10,0,0,20260519
20260526,fresh_breakout,801760.SI,传媒,131,0,0.0,0.0,0,0,1,20260519
20260526,fresh_breakout,801770.SI,通信,127,2,0.015748031496062992,0.02,1,1,4,20260519
20260526,fresh_breakout,801780.SI,银行,42,0,0.0,0.0,0,0,0,20260519
20260526,fresh_breakout,801790.SI,非银金融,81,2,0.024691358024691357,0.02,2,0,0,20260519
20260526,fresh_breakout,801880.SI,汽车,312,6,0.019230769230769232,0.06,5,1,3,20260519
20260526,fresh_breakout,801890.SI,机械设备,594,12,0.020202020202020204,0.12,9,3,13,20260519
20260526,fresh_breakout,801950.SI,煤炭,37,0,0.0,0.0,0,0,0,20260519
20260526,fresh_breakout,801960.SI,石油石化,48,1,0.020833333333333332,0.01,1,0,0,20260519
20260526,fresh_breakout,801970.SI,环保,136,1,0.007352941176470588,0.01,1,0,4,20260519
20260526,fresh_breakout,801980.SI,美容护理,31,0,0.0,0.0,0,0,0,20260519
20260527,fresh_breakout,801010.SI,农林牧渔,114,0,0.0,0.0,0,0,0,20260520
20260527,fresh_breakout,801030.SI,基础化工,439,7,0.015945330296127564,0.07,6,1,7,20260520
20260527,fresh_breakout,801040.SI,钢铁,44,0,0.0,0.0,0,0,0,20260520
20260527,fresh_breakout,801050.SI,有色金属,142,3,0.02112676056338028,0.03,3,0,1,20260520
20260527,fresh_breakout,801080.SI,电子,495,29,0.05858585858585859,0.29,22,7,20,20260520
20260527,fresh_breakout,801110.SI,家用电器,103,4,0.038834951456310676,0.04,3,1,2,20260520
20260527,fresh_breakout,801120.SI,食品饮料,126,2,0.015873015873015872,0.02,1,1,0,20260520
20260527,fresh_breakout,801130.SI,纺织服饰,106,1,0.009433962264150943,0.01,1,0,0,20260520
20260527,fresh_breakout,801140.SI,轻工制造,168,3,0.017857142857142856,0.03,3,0,3,20260520
20260527,fresh_breakout,801150.SI,医药生物,501,5,0.00998003992015968,0.05,4,1,1,20260520
20260527,fresh_breakout,801160.SI,公用事业,133,3,0.022556390977443608,0.03,1,2,2,20260520
20260527,fresh_breakout,801170.SI,交通运输,128,2,0.015625,0.02,2,0,0,20260520
20260527,fresh_breakout,801180.SI,房地产,99,1,0.010101010101010102,0.01,1,0,2,20260520
20260527,fresh_breakout,801200.SI,商贸零售,98,1,0.01020408163265306,0.01,1,0,1,20260520
20260527,fresh_breakout,801210.SI,社会服务,84,2,0.023809523809523808,0.02,2,0,2,20260520
20260527,fresh_breakout,801230.SI,综合,15,0,0.0,0.0,0,0,0,20260520
20260527,fresh_breakout,801710.SI,建筑材料,75,1,0.013333333333333334,0.01,0,1,2,20260520
20260527,fresh_breakout,801720.SI,建筑装饰,162,1,0.006172839506172839,0.01,1,0,3,20260520
20260527,fresh_breakout,801730.SI,电力设备,399,7,0.017543859649122806,0.07,7,0,8,20260520
20260527,fresh_breakout,801740.SI,国防军工,141,2,0.014184397163120567,0.02,2,0,0,20260520
20260527,fresh_breakout,801750.SI,计算机,354,8,0.022598870056497175,0.08,6,2,1,20260520
20260527,fresh_breakout,801760.SI,传媒,131,0,0.0,0.0,0,0,0,20260520
20260527,fresh_breakout,801770.SI,通信,127,1,0.007874015748031496,0.01,0,1,2,20260520
20260527,fresh_breakout,801780.SI,银行,42,0,0.0,0.0,0,0,0,20260520
20260527,fresh_breakout,801790.SI,非银金融,81,2,0.024691358024691357,0.02,2,0,0,20260520
20260527,fresh_breakout,801880.SI,汽车,313,2,0.006389776357827476,0.02,2,0,3,20260520
20260527,fresh_breakout,801890.SI,机械设备,594,11,0.018518518518518517,0.11,8,3,17,20260520
20260527,fresh_breakout,801950.SI,煤炭,37,0,0.0,0.0,0,0,0,20260520
20260527,fresh_breakout,801960.SI,石油石化,48,1,0.020833333333333332,0.01,1,0,0,20260520
20260527,fresh_breakout,801970.SI,环保,136,1,0.007352941176470588,0.01,1,0,3,20260520
20260527,fresh_breakout,801980.SI,美容护理,31,0,0.0,0.0,0,0,0,20260520
20260528,fresh_breakout,801010.SI,农林牧渔,114,0,0.0,0.0,0,0,0,20260521
20260528,fresh_breakout,801030.SI,基础化工,439,10,0.022779043280182234,0.1,8,2,6,20260521
20260528,fresh_breakout,801040.SI,钢铁,44,0,0.0,0.0,0,0,0,20260521
20260528,fresh_breakout,801050.SI,有色金属,142,3,0.02112676056338028,0.03,3,0,1,20260521
20260528,fresh_breakout,801080.SI,电子,495,35,0.0707070707070707,0.35,30,5,17,20260521
20260528,fresh_breakout,801110.SI,家用电器,103,2,0.019417475728155338,0.02,2,0,4,20260521
20260528,fresh_breakout,801120.SI,食品饮料,126,2,0.015873015873015872,0.02,1,1,0,20260521
20260528,fresh_breakout,801130.SI,纺织服饰,106,0,0.0,0.0,0,0,1,20260521
20260528,fresh_breakout,801140.SI,轻工制造,168,3,0.017857142857142856,0.03,3,0,3,20260521
20260528,fresh_breakout,801150.SI,医药生物,501,4,0.007984031936127744,0.04,2,2,1,20260521
20260528,fresh_breakout,801160.SI,公用事业,132,5,0.03787878787878788,0.05,3,2,2,20260521
20260528,fresh_breakout,801170.SI,交通运输,128,1,0.0078125,0.01,1,0,0,20260521
20260528,fresh_breakout,801180.SI,房地产,99,0,0.0,0.0,0,0,1,20260521
20260528,fresh_breakout,801200.SI,商贸零售,98,1,0.01020408163265306,0.01,1,0,2,20260521
20260528,fresh_breakout,801210.SI,社会服务,84,1,0.011904761904761904,0.01,1,0,1,20260521
20260528,fresh_breakout,801230.SI,综合,15,0,0.0,0.0,0,0,0,20260521
20260528,fresh_breakout,801710.SI,建筑材料,75,1,0.013333333333333334,0.01,0,1,1,20260521
20260528,fresh_breakout,801720.SI,建筑装饰,162,1,0.006172839506172839,0.01,1,0,3,20260521
20260528,fresh_breakout,801730.SI,电力设备,399,7,0.017543859649122806,0.07,6,1,9,20260521
20260528,fresh_breakout,801740.SI,国防军工,141,2,0.014184397163120567,0.02,2,0,0,20260521
20260528,fresh_breakout,801750.SI,计算机,355,6,0.016901408450704224,0.06,3,3,0,20260521
20260528,fresh_breakout,801760.SI,传媒,131,0,0.0,0.0,0,0,1,20260521
20260528,fresh_breakout,801770.SI,通信,127,2,0.015748031496062992,0.02,1,1,3,20260521
20260528,fresh_breakout,801780.SI,银行,42,0,0.0,0.0,0,0,0,20260521
20260528,fresh_breakout,801790.SI,非银金融,81,2,0.024691358024691357,0.02,2,0,0,20260521
20260528,fresh_breakout,801880.SI,汽车,313,1,0.003194888178913738,0.01,1,0,4,20260521
20260528,fresh_breakout,801890.SI,机械设备,594,9,0.015151515151515152,0.09,4,5,15,20260521
20260528,fresh_breakout,801950.SI,煤炭,37,0,0.0,0.0,0,0,0,20260521
20260528,fresh_breakout,801960.SI,石油石化,48,1,0.020833333333333332,0.01,1,0,0,20260521
20260528,fresh_breakout,801970.SI,环保,136,1,0.007352941176470588,0.01,1,0,2,20260521
20260528,fresh_breakout,801980.SI,美容护理,31,0,0.0,0.0,0,0,0,20260521
20260529,fresh_breakout,801010.SI,农林牧渔,114,0,0.0,0.0,0,0,0,20260522
20260529,fresh_breakout,801030.SI,基础化工,438,11,0.02511415525114155,0.11,8,3,4,20260522
20260529,fresh_breakout,801040.SI,钢铁,44,0,0.0,0.0,0,0,0,20260522
20260529,fresh_breakout,801050.SI,有色金属,142,3,0.02112676056338028,0.03,3,0,1,20260522
20260529,fresh_breakout,801080.SI,电子,495,31,0.06262626262626263,0.31,24,7,16,20260522
20260529,fresh_breakout,801110.SI,家用电器,103,2,0.019417475728155338,0.02,2,0,3,20260522
20260529,fresh_breakout,801120.SI,食品饮料,126,1,0.007936507936507936,0.01,1,0,1,20260522
20260529,fresh_breakout,801130.SI,纺织服饰,106,0,0.0,0.0,0,0,1,20260522
20260529,fresh_breakout,801140.SI,轻工制造,168,1,0.005952380952380952,0.01,1,0,2,20260522
20260529,fresh_breakout,801150.SI,医药生物,501,4,0.007984031936127744,0.04,0,4,1,20260522
20260529,fresh_breakout,801160.SI,公用事业,132,7,0.05303030303030303,0.07,5,2,1,20260522
20260529,fresh_breakout,801170.SI,交通运输,128,1,0.0078125,0.01,1,0,0,20260522
20260529,fresh_breakout,801180.SI,房地产,99,2,0.020202020202020204,0.02,2,0,2,20260522
20260529,fresh_breakout,801200.SI,商贸零售,98,2,0.02040816326530612,0.02,2,0,2,20260522
20260529,fresh_breakout,801210.SI,社会服务,84,1,0.011904761904761904,0.01,1,0,0,20260522
20260529,fresh_breakout,801230.SI,综合,15,0,0.0,0.0,0,0,0,20260522
20260529,fresh_breakout,801710.SI,建筑材料,75,1,0.013333333333333334,0.01,0,1,1,20260522
20260529,fresh_breakout,801720.SI,建筑装饰,162,1,0.006172839506172839,0.01,1,0,2,20260522
20260529,fresh_breakout,801730.SI,电力设备,399,10,0.02506265664160401,0.1,8,2,9,20260522
20260529,fresh_breakout,801740.SI,国防军工,141,4,0.028368794326241134,0.04,4,0,0,20260522
20260529,fresh_breakout,801750.SI,计算机,355,5,0.014084507042253521,0.05,2,3,3,20260522
20260529,fresh_breakout,801760.SI,传媒,131,0,0.0,0.0,0,0,1,20260522
20260529,fresh_breakout,801770.SI,通信,127,3,0.023622047244094488,0.03,1,2,1,20260522
20260529,fresh_breakout,801780.SI,银行,42,0,0.0,0.0,0,0,0,20260522
20260529,fresh_breakout,801790.SI,非银金融,81,1,0.012345679012345678,0.01,0,1,1,20260522
20260529,fresh_breakout,801880.SI,汽车,313,1,0.003194888178913738,0.01,1,0,5,20260522
20260529,fresh_breakout,801890.SI,机械设备,594,7,0.011784511784511785,0.07,4,3,15,20260522
20260529,fresh_breakout,801950.SI,煤炭,37,0,0.0,0.0,0,0,0,20260522
20260529,fresh_breakout,801960.SI,石油石化,48,0,0.0,0.0,0,0,0,20260522
20260529,fresh_breakout,801970.SI,环保,136,1,0.007352941176470588,0.01,1,0,0,20260522
20260529,fresh_breakout,801980.SI,美容护理,31,0,0.0,0.0,0,0,0,20260522
20260601,fresh_breakout,801010.SI,农林牧渔,114,0,0.0,0.0,0,0,0,20260525
20260601,fresh_breakout,801030.SI,基础化工,439,13,0.029612756264236904,0.13,10,3,2,20260525
20260601,fresh_breakout,801040.SI,钢铁,44,0,0.0,0.0,0,0,0,20260525
20260601,fresh_breakout,801050.SI,有色金属,143,2,0.013986013986013986,0.02,2,0,1,20260525
20260601,fresh_breakout,801080.SI,电子,495,24,0.048484848484848485,0.24,13,11,16,20260525
20260601,fresh_breakout,801110.SI,家用电器,102,2,0.0196078431372549,0.02,2,0,3,20260525
20260601,fresh_breakout,801120.SI,食品饮料,127,3,0.023622047244094488,0.03,3,0,1,20260525
20260601,fresh_breakout,801130.SI,纺织服饰,106,0,0.0,0.0,0,0,1,20260525
20260601,fresh_breakout,801140.SI,轻工制造,167,0,0.0,0.0,0,0,3,20260525
20260601,fresh_breakout,801150.SI,医药生物,501,2,0.003992015968063872,0.02,0,2,3,20260525
20260601,fresh_breakout,801160.SI,公用事业,132,13,0.09848484848484848,0.13,11,2,0,20260525
20260601,fresh_breakout,801170.SI,交通运输,128,1,0.0078125,0.01,1,0,0,20260525
20260601,fresh_breakout,801180.SI,房地产,99,2,0.020202020202020204,0.02,2,0,2,20260525
20260601,fresh_breakout,801200.SI,商贸零售,98,1,0.01020408163265306,0.01,1,0,2,20260525
20260601,fresh_breakout,801210.SI,社会服务,85,1,0.011764705882352941,0.01,1,0,0,20260525
20260601,fresh_breakout,801230.SI,综合,15,0,0.0,0.0,0,0,0,20260525
20260601,fresh_breakout,801710.SI,建筑材料,75,1,0.013333333333333334,0.01,0,1,1,20260525
20260601,fresh_breakout,801720.SI,建筑装饰,162,1,0.006172839506172839,0.01,0,1,2,20260525
20260601,fresh_breakout,801730.SI,电力设备,399,11,0.02756892230576441,0.11,9,2,7,20260525
20260601,fresh_breakout,801740.SI,国防军工,141,3,0.02127659574468085,0.03,2,1,0,20260525
20260601,fresh_breakout,801750.SI,计算机,355,5,0.014084507042253521,0.05,2,3,3,20260525
20260601,fresh_breakout,801760.SI,传媒,130,0,0.0,0.0,0,0,1,20260525
20260601,fresh_breakout,801770.SI,通信,127,1,0.007874015748031496,0.01,1,0,2,20260525
20260601,fresh_breakout,801780.SI,银行,42,1,0.023809523809523808,0.01,1,0,0,20260525
20260601,fresh_breakout,801790.SI,非银金融,82,1,0.012195121951219513,0.01,0,1,1,20260525
20260601,fresh_breakout,801880.SI,汽车,313,1,0.003194888178913738,0.01,1,0,6,20260525
20260601,fresh_breakout,801890.SI,机械设备,595,8,0.013445378151260505,0.08,6,2,12,20260525
20260601,fresh_breakout,801950.SI,煤炭,37,1,0.02702702702702703,0.01,1,0,0,20260525
20260601,fresh_breakout,801960.SI,石油石化,48,0,0.0,0.0,0,0,1,20260525
20260601,fresh_breakout,801970.SI,环保,136,2,0.014705882352941176,0.02,2,0,1,20260525
20260601,fresh_breakout,801980.SI,美容护理,31,0,0.0,0.0,0,0,0,20260525
20260602,fresh_breakout,801010.SI,农林牧渔,113,1,0.008849557522123894,0.01,1,0,0,20260526
20260602,fresh_breakout,801030.SI,基础化工,439,13,0.029612756264236904,0.13,10,3,3,20260526
20260602,fresh_breakout,801040.SI,钢铁,44,0,0.0,0.0,0,0,0,20260526
20260602,fresh_breakout,801050.SI,有色金属,143,2,0.013986013986013986,0.02,1,1,1,20260526
20260602,fresh_breakout,801080.SI,电子,495,20,0.04040404040404041,0.2,9,11,17,20260526
20260602,fresh_breakout,801110.SI,家用电器,103,1,0.009708737864077669,0.01,1,0,3,20260526
20260602,fresh_breakout,801120.SI,食品饮料,127,4,0.031496062992125984,0.04,4,0,1,20260526
20260602,fresh_breakout,801130.SI,纺织服饰,106,0,0.0,0.0,0,0,1,20260526
20260602,fresh_breakout,801140.SI,轻工制造,167,0,0.0,0.0,0,0,3,20260526
20260602,fresh_breakout,801150.SI,医药生物,501,2,0.003992015968063872,0.02,0,2,3,20260526
20260602,fresh_breakout,801160.SI,公用事业,132,17,0.12878787878787878,0.17,16,1,1,20260526
20260602,fresh_breakout,801170.SI,交通运输,128,2,0.015625,0.02,2,0,2,20260526
20260602,fresh_breakout,801180.SI,房地产,97,4,0.041237113402061855,0.04,4,0,1,20260526
20260602,fresh_breakout,801200.SI,商贸零售,98,0,0.0,0.0,0,0,1,20260526
20260602,fresh_breakout,801210.SI,社会服务,85,0,0.0,0.0,0,0,0,20260526
20260602,fresh_breakout,801230.SI,综合,15,0,0.0,0.0,0,0,0,20260526
20260602,fresh_breakout,801710.SI,建筑材料,75,1,0.013333333333333334,0.01,0,1,0,20260526
20260602,fresh_breakout,801720.SI,建筑装饰,161,2,0.012422360248447204,0.02,1,1,1,20260526
20260602,fresh_breakout,801730.SI,电力设备,399,9,0.022556390977443608,0.09,6,3,4,20260526
20260602,fresh_breakout,801740.SI,国防军工,141,4,0.028368794326241134,0.04,3,1,0,20260526
20260602,fresh_breakout,801750.SI,计算机,356,3,0.008426966292134831,0.03,1,2,8,20260526
20260602,fresh_breakout,801760.SI,传媒,131,0,0.0,0.0,0,0,0,20260526
20260602,fresh_breakout,801770.SI,通信,127,0,0.0,0.0,0,0,2,20260526
20260602,fresh_breakout,801780.SI,银行,42,1,0.023809523809523808,0.01,1,0,0,20260526
20260602,fresh_breakout,801790.SI,非银金融,82,2,0.024390243902439025,0.02,1,1,1,20260526
20260602,fresh_breakout,801880.SI,汽车,313,2,0.006389776357827476,0.02,2,0,6,20260526
20260602,fresh_breakout,801890.SI,机械设备,595,5,0.008403361344537815,0.05,4,1,11,20260526
20260602,fresh_breakout,801950.SI,煤炭,37,2,0.05405405405405406,0.02,2,0,0,20260526
20260602,fresh_breakout,801960.SI,石油石化,48,0,0.0,0.0,0,0,1,20260526
20260602,fresh_breakout,801970.SI,环保,136,3,0.022058823529411766,0.03,2,1,0,20260526
20260602,fresh_breakout,801980.SI,美容护理,31,0,0.0,0.0,0,0,0,20260526
20260603,fresh_breakout,801010.SI,农林牧渔,114,1,0.008771929824561403,0.01,1,0,0,20260527
20260603,fresh_breakout,801030.SI,基础化工,440,12,0.02727272727272727,0.12,10,2,5,20260527
20260603,fresh_breakout,801040.SI,钢铁,44,0,0.0,0.0,0,0,0,20260527
20260603,fresh_breakout,801050.SI,有色金属,143,2,0.013986013986013986,0.02,0,2,1,20260527
20260603,fresh_breakout,801080.SI,电子,495,15,0.030303030303030304,0.15,8,7,22,20260527
20260603,fresh_breakout,801110.SI,家用电器,103,1,0.009708737864077669,0.01,1,0,4,20260527
20260603,fresh_breakout,801120.SI,食品饮料,127,3,0.023622047244094488,0.03,2,1,1,20260527
20260603,fresh_breakout,801130.SI,纺织服饰,106,0,0.0,0.0,0,0,1,20260527
20260603,fresh_breakout,801140.SI,轻工制造,167,1,0.005988023952095809,0.01,1,0,3,20260527
20260603,fresh_breakout,801150.SI,医药生物,501,1,0.001996007984031936,0.01,0,1,4,20260527
20260603,fresh_breakout,801160.SI,公用事业,132,18,0.13636363636363635,0.18,17,1,2,20260527
20260603,fresh_breakout,801170.SI,交通运输,128,3,0.0234375,0.03,3,0,2,20260527
20260603,fresh_breakout,801180.SI,房地产,99,4,0.04040404040404041,0.04,4,0,1,20260527
20260603,fresh_breakout,801200.SI,商贸零售,98,4,0.04081632653061224,0.04,4,0,1,20260527
20260603,fresh_breakout,801210.SI,社会服务,85,0,0.0,0.0,0,0,2,20260527
20260603,fresh_breakout,801230.SI,综合,15,0,0.0,0.0,0,0,0,20260527
20260603,fresh_breakout,801710.SI,建筑材料,75,1,0.013333333333333334,0.01,0,1,0,20260527
20260603,fresh_breakout,801720.SI,建筑装饰,162,3,0.018518518518518517,0.03,3,0,1,20260527
20260603,fresh_breakout,801730.SI,电力设备,399,6,0.015037593984962405,0.06,5,1,6,20260527
20260603,fresh_breakout,801740.SI,国防军工,141,4,0.028368794326241134,0.04,2,2,0,20260527
20260603,fresh_breakout,801750.SI,计算机,356,4,0.011235955056179775,0.04,2,2,6,20260527
20260603,fresh_breakout,801760.SI,传媒,131,0,0.0,0.0,0,0,0,20260527
20260603,fresh_breakout,801770.SI,通信,127,0,0.0,0.0,0,0,1,20260527
20260603,fresh_breakout,801780.SI,银行,42,1,0.023809523809523808,0.01,1,0,0,20260527
20260603,fresh_breakout,801790.SI,非银金融,82,1,0.012195121951219513,0.01,1,0,2,20260527
20260603,fresh_breakout,801880.SI,汽车,313,2,0.006389776357827476,0.02,2,0,2,20260527
20260603,fresh_breakout,801890.SI,机械设备,595,6,0.010084033613445379,0.06,5,1,10,20260527
20260603,fresh_breakout,801950.SI,煤炭,37,4,0.10810810810810811,0.04,4,0,0,20260527
20260603,fresh_breakout,801960.SI,石油石化,48,0,0.0,0.0,0,0,1,20260527
20260603,fresh_breakout,801970.SI,环保,136,3,0.022058823529411766,0.03,2,1,0,20260527
20260603,fresh_breakout,801980.SI,美容护理,31,0,0.0,0.0,0,0,0,20260527
20260604,fresh_breakout,801010.SI,农林牧渔,114,1,0.008771929824561403,0.01,1,0,0,20260528
20260604,fresh_breakout,801030.SI,基础化工,440,11,0.025,0.11,6,5,5,20260528
20260604,fresh_breakout,801040.SI,钢铁,44,0,0.0,0.0,0,0,0,20260528
20260604,fresh_breakout,801050.SI,有色金属,143,1,0.006993006993006993,0.01,0,1,2,20260528
20260604,fresh_breakout,801080.SI,电子,495,18,0.03636363636363636,0.18,12,6,29,20260528
20260604,fresh_breakout,801110.SI,家用电器,103,0,0.0,0.0,0,0,2,20260528
20260604,fresh_breakout,801120.SI,食品饮料,127,0,0.0,0.0,0,0,2,20260528
20260604,fresh_breakout,801130.SI,纺织服饰,106,0,0.0,0.0,0,0,0,20260528
20260604,fresh_breakout,801140.SI,轻工制造,167,2,0.011976047904191617,0.02,2,0,3,20260528
20260604,fresh_breakout,801150.SI,医药生物,501,1,0.001996007984031936,0.01,0,1,3,20260528
20260604,fresh_breakout,801160.SI,公用事业,132,16,0.12121212121212122,0.16,14,2,3,20260528
20260604,fresh_breakout,801170.SI,交通运输,128,2,0.015625,0.02,1,1,0,20260528
20260604,fresh_breakout,801180.SI,房地产,99,4,0.04040404040404041,0.04,4,0,0,20260528
20260604,fresh_breakout,801200.SI,商贸零售,98,4,0.04081632653061224,0.04,4,0,1,20260528
20260604,fresh_breakout,801210.SI,社会服务,85,0,0.0,0.0,0,0,1,20260528
20260604,fresh_breakout,801230.SI,综合,15,0,0.0,0.0,0,0,0,20260528
20260604,fresh_breakout,801710.SI,建筑材料,75,1,0.013333333333333334,0.01,0,1,0,20260528
20260604,fresh_breakout,801720.SI,建筑装饰,162,4,0.024691358024691357,0.04,4,0,1,20260528
20260604,fresh_breakout,801730.SI,电力设备,399,5,0.012531328320802004,0.05,3,2,5,20260528
20260604,fresh_breakout,801740.SI,国防军工,141,4,0.028368794326241134,0.04,2,2,0,20260528
20260604,fresh_breakout,801750.SI,计算机,356,4,0.011235955056179775,0.04,2,2,4,20260528
20260604,fresh_breakout,801760.SI,传媒,131,0,0.0,0.0,0,0,0,20260528
20260604,fresh_breakout,801770.SI,通信,127,2,0.015748031496062992,0.02,2,0,2,20260528
20260604,fresh_breakout,801780.SI,银行,42,0,0.0,0.0,0,0,0,20260528
20260604,fresh_breakout,801790.SI,非银金融,82,1,0.012195121951219513,0.01,1,0,2,20260528
20260604,fresh_breakout,801880.SI,汽车,313,3,0.009584664536741214,0.03,3,0,1,20260528
20260604,fresh_breakout,801890.SI,机械设备,595,8,0.013445378151260505,0.08,6,2,7,20260528
20260604,fresh_breakout,801950.SI,煤炭,37,6,0.16216216216216217,0.06,6,0,0,20260528
20260604,fresh_breakout,801960.SI,石油石化,48,0,0.0,0.0,0,0,1,20260528
20260604,fresh_breakout,801970.SI,环保,136,2,0.014705882352941176,0.02,1,1,0,20260528
20260604,fresh_breakout,801980.SI,美容护理,31,0,0.0,0.0,0,0,0,20260528
20260605,fresh_breakout,801010.SI,农林牧渔,114,1,0.008771929824561403,0.01,1,0,0,20260529
20260605,fresh_breakout,801030.SI,基础化工,440,10,0.022727272727272728,0.1,6,4,7,20260529
20260605,fresh_breakout,801040.SI,钢铁,44,0,0.0,0.0,0,0,0,20260529
20260605,fresh_breakout,801050.SI,有色金属,143,1,0.006993006993006993,0.01,1,0,3,20260529
20260605,fresh_breakout,801080.SI,电子,495,19,0.03838383838383838,0.19,11,8,23,20260529
20260605,fresh_breakout,801110.SI,家用电器,103,0,0.0,0.0,0,0,2,20260529
20260605,fresh_breakout,801120.SI,食品饮料,127,0,0.0,0.0,0,0,1,20260529
20260605,fresh_breakout,801130.SI,纺织服饰,106,1,0.009433962264150943,0.01,1,0,0,20260529
20260605,fresh_breakout,801140.SI,轻工制造,168,2,0.011904761904761904,0.02,2,0,1,20260529
20260605,fresh_breakout,801150.SI,医药生物,502,2,0.00398406374501992,0.02,1,1,3,20260529
20260605,fresh_breakout,801160.SI,公用事业,132,9,0.06818181818181818,0.09,5,4,3,20260529
20260605,fresh_breakout,801170.SI,交通运输,128,3,0.0234375,0.03,2,1,0,20260529
20260605,fresh_breakout,801180.SI,房地产,99,3,0.030303030303030304,0.03,2,1,1,20260529
20260605,fresh_breakout,801200.SI,商贸零售,98,4,0.04081632653061224,0.04,4,0,2,20260529
20260605,fresh_breakout,801210.SI,社会服务,85,0,0.0,0.0,0,0,1,20260529
20260605,fresh_breakout,801230.SI,综合,15,0,0.0,0.0,0,0,0,20260529
20260605,fresh_breakout,801710.SI,建筑材料,75,2,0.02666666666666667,0.02,1,1,0,20260529
20260605,fresh_breakout,801720.SI,建筑装饰,162,4,0.024691358024691357,0.04,4,0,1,20260529
20260605,fresh_breakout,801730.SI,电力设备,399,6,0.015037593984962405,0.06,4,2,8,20260529
20260605,fresh_breakout,801740.SI,国防军工,141,4,0.028368794326241134,0.04,0,4,0,20260529
20260605,fresh_breakout,801750.SI,计算机,356,4,0.011235955056179775,0.04,2,2,3,20260529
20260605,fresh_breakout,801760.SI,传媒,131,0,0.0,0.0,0,0,0,20260529
20260605,fresh_breakout,801770.SI,通信,127,3,0.023622047244094488,0.03,3,0,3,20260529
20260605,fresh_breakout,801780.SI,银行,42,0,0.0,0.0,0,0,0,20260529
20260605,fresh_breakout,801790.SI,非银金融,82,2,0.024390243902439025,0.02,2,0,1,20260529
20260605,fresh_breakout,801880.SI,汽车,313,3,0.009584664536741214,0.03,3,0,1,20260529
20260605,fresh_breakout,801890.SI,机械设备,595,9,0.015126050420168067,0.09,7,2,5,20260529
20260605,fresh_breakout,801950.SI,煤炭,37,8,0.21621621621621623,0.08,8,0,0,20260529
20260605,fresh_breakout,801960.SI,石油石化,48,0,0.0,0.0,0,0,0,20260529
20260605,fresh_breakout,801970.SI,环保,136,0,0.0,0.0,0,0,1,20260529
20260605,fresh_breakout,801980.SI,美容护理,31,0,0.0,0.0,0,0,0,20260529
20260608,fresh_breakout,801010.SI,农林牧渔,114,1,0.008771929824561403,0.01,1,0,0,20260601
20260608,fresh_breakout,801030.SI,基础化工,439,10,0.022779043280182234,0.1,7,3,10,20260601
20260608,fresh_breakout,801040.SI,钢铁,44,0,0.0,0.0,0,0,0,20260601
20260608,fresh_breakout,801050.SI,有色金属,143,3,0.02097902097902098,0.03,3,0,2,20260601
20260608,fresh_breakout,801080.SI,电子,495,21,0.04242424242424243,0.21,13,8,16,20260601
20260608,fresh_breakout,801110.SI,家用电器,103,1,0.009708737864077669,0.01,0,1,1,20260601
20260608,fresh_breakout,801120.SI,食品饮料,127,1,0.007874015748031496,0.01,1,0,3,20260601
20260608,fresh_breakout,801130.SI,纺织服饰,106,1,0.009433962264150943,0.01,1,0,0,20260601
20260608,fresh_breakout,801140.SI,轻工制造,168,2,0.011904761904761904,0.02,2,0,0,20260601
20260608,fresh_breakout,801150.SI,医药生物,502,2,0.00398406374501992,0.02,1,1,1,20260601
20260608,fresh_breakout,801160.SI,公用事业,132,5,0.03787878787878788,0.05,2,3,10,20260601
20260608,fresh_breakout,801170.SI,交通运输,128,2,0.015625,0.02,1,1,0,20260601
20260608,fresh_breakout,801180.SI,房地产,99,2,0.020202020202020204,0.02,1,1,1,20260601
20260608,fresh_breakout,801200.SI,商贸零售,99,3,0.030303030303030304,0.03,3,0,1,20260601
20260608,fresh_breakout,801210.SI,社会服务,85,0,0.0,0.0,0,0,1,20260601
20260608,fresh_breakout,801230.SI,综合,15,0,0.0,0.0,0,0,0,20260601
20260608,fresh_breakout,801710.SI,建筑材料,75,2,0.02666666666666667,0.02,1,1,0,20260601
20260608,fresh_breakout,801720.SI,建筑装饰,163,3,0.018404907975460124,0.03,3,0,1,20260601
20260608,fresh_breakout,801730.SI,电力设备,399,6,0.015037593984962405,0.06,4,2,9,20260601
20260608,fresh_breakout,801740.SI,国防军工,142,4,0.028169014084507043,0.04,1,3,0,20260601
20260608,fresh_breakout,801750.SI,计算机,356,3,0.008426966292134831,0.03,2,1,4,20260601
20260608,fresh_breakout,801760.SI,传媒,130,0,0.0,0.0,0,0,0,20260601
20260608,fresh_breakout,801770.SI,通信,127,3,0.023622047244094488,0.03,3,0,1,20260601
20260608,fresh_breakout,801780.SI,银行,42,0,0.0,0.0,0,0,1,20260601
20260608,fresh_breakout,801790.SI,非银金融,82,2,0.024390243902439025,0.02,2,0,1,20260601
20260608,fresh_breakout,801880.SI,汽车,313,3,0.009584664536741214,0.03,3,0,1,20260601
20260608,fresh_breakout,801890.SI,机械设备,595,11,0.018487394957983194,0.11,7,4,4,20260601
20260608,fresh_breakout,801950.SI,煤炭,37,8,0.21621621621621623,0.08,8,0,1,20260601
20260608,fresh_breakout,801960.SI,石油石化,48,0,0.0,0.0,0,0,0,20260601
20260608,fresh_breakout,801970.SI,环保,137,0,0.0,0.0,0,0,2,20260601
20260608,fresh_breakout,801980.SI,美容护理,31,1,0.03225806451612903,0.01,1,0,0,20260601
20260609,fresh_breakout,801010.SI,农林牧渔,114,1,0.008771929824561403,0.01,0,1,0,20260602
20260609,fresh_breakout,801030.SI,基础化工,439,10,0.022779043280182234,0.1,6,4,9,20260602
20260609,fresh_breakout,801040.SI,钢铁,44,0,0.0,0.0,0,0,0,20260602
20260609,fresh_breakout,801050.SI,有色金属,142,4,0.028169014084507043,0.04,4,0,2,20260602
20260609,fresh_breakout,801080.SI,电子,496,20,0.04032258064516129,0.2,12,8,12,20260602
20260609,fresh_breakout,801110.SI,家用电器,103,1,0.009708737864077669,0.01,0,1,0,20260602
20260609,fresh_breakout,801120.SI,食品饮料,127,1,0.007874015748031496,0.01,1,0,4,20260602
20260609,fresh_breakout,801130.SI,纺织服饰,106,0,0.0,0.0,0,0,0,20260602
20260609,fresh_breakout,801140.SI,轻工制造,168,2,0.011904761904761904,0.02,2,0,0,20260602
20260609,fresh_breakout,801150.SI,医药生物,502,2,0.00398406374501992,0.02,1,1,1,20260602
20260609,fresh_breakout,801160.SI,公用事业,132,3,0.022727272727272728,0.03,1,2,15,20260602
20260609,fresh_breakout,801170.SI,交通运输,127,2,0.015748031496062992,0.02,1,1,1,20260602
20260609,fresh_breakout,801180.SI,房地产,99,2,0.020202020202020204,0.02,0,2,2,20260602
20260609,fresh_breakout,801200.SI,商贸零售,99,3,0.030303030303030304,0.03,3,0,0,20260602
20260609,fresh_breakout,801210.SI,社会服务,85,0,0.0,0.0,0,0,0,20260602
20260609,fresh_breakout,801230.SI,综合,15,0,0.0,0.0,0,0,0,20260602
20260609,fresh_breakout,801710.SI,建筑材料,75,1,0.013333333333333334,0.01,1,0,1,20260602
20260609,fresh_breakout,801720.SI,建筑装饰,163,3,0.018404907975460124,0.03,3,0,2,20260602
20260609,fresh_breakout,801730.SI,电力设备,399,5,0.012531328320802004,0.05,3,2,7,20260602
20260609,fresh_breakout,801740.SI,国防军工,141,3,0.02127659574468085,0.03,0,3,1,20260602
20260609,fresh_breakout,801750.SI,计算机,356,3,0.008426966292134831,0.03,2,1,2,20260602
20260609,fresh_breakout,801760.SI,传媒,131,1,0.007633587786259542,0.01,1,0,0,20260602
20260609,fresh_breakout,801770.SI,通信,127,3,0.023622047244094488,0.03,3,0,0,20260602
20260609,fresh_breakout,801780.SI,银行,42,1,0.023809523809523808,0.01,1,0,1,20260602
20260609,fresh_breakout,801790.SI,非银金融,82,1,0.012195121951219513,0.01,1,0,2,20260602
20260609,fresh_breakout,801880.SI,汽车,313,5,0.01597444089456869,0.05,3,2,0,20260602
20260609,fresh_breakout,801890.SI,机械设备,595,14,0.023529411764705882,0.14,11,3,2,20260602
20260609,fresh_breakout,801950.SI,煤炭,37,8,0.21621621621621623,0.08,8,0,2,20260602
20260609,fresh_breakout,801960.SI,石油石化,48,1,0.020833333333333332,0.01,1,0,0,20260602
20260609,fresh_breakout,801970.SI,环保,137,0,0.0,0.0,0,0,3,20260602
20260609,fresh_breakout,801980.SI,美容护理,31,0,0.0,0.0,0,0,0,20260602
20260610,fresh_breakout,801010.SI,农林牧渔,114,0,0.0,0.0,0,0,1,20260603
20260610,fresh_breakout,801030.SI,基础化工,438,13,0.02968036529680365,0.13,11,2,10,20260603
20260610,fresh_breakout,801040.SI,钢铁,44,0,0.0,0.0,0,0,0,20260603
20260610,fresh_breakout,801050.SI,有色金属,142,5,0.035211267605633804,0.05,5,0,2,20260603
20260610,fresh_breakout,801080.SI,电子,496,19,0.038306451612903226,0.19,11,8,7,20260603
20260610,fresh_breakout,801110.SI,家用电器,103,1,0.009708737864077669,0.01,0,1,0,20260603
20260610,fresh_breakout,801120.SI,食品饮料,127,1,0.007874015748031496,0.01,1,0,3,20260603
20260610,fresh_breakout,801130.SI,纺织服饰,106,1,0.009433962264150943,0.01,1,0,0,20260603
20260610,fresh_breakout,801140.SI,轻工制造,168,2,0.011904761904761904,0.02,1,1,0,20260603
20260610,fresh_breakout,801150.SI,医药生物,502,0,0.0,0.0,0,0,1,20260603
20260610,fresh_breakout,801160.SI,公用事业,132,2,0.015151515151515152,0.02,0,2,16,20260603
20260610,fresh_breakout,801170.SI,交通运输,127,2,0.015748031496062992,0.02,1,1,2,20260603
20260610,fresh_breakout,801180.SI,房地产,99,2,0.020202020202020204,0.02,0,2,2,20260603
20260610,fresh_breakout,801200.SI,商贸零售,99,2,0.020202020202020204,0.02,1,1,3,20260603
20260610,fresh_breakout,801210.SI,社会服务,84,0,0.0,0.0,0,0,0,20260603
20260610,fresh_breakout,801230.SI,综合,15,0,0.0,0.0,0,0,0,20260603
20260610,fresh_breakout,801710.SI,建筑材料,75,2,0.02666666666666667,0.02,2,0,1,20260603
20260610,fresh_breakout,801720.SI,建筑装饰,163,3,0.018404907975460124,0.03,1,2,1,20260603
20260610,fresh_breakout,801730.SI,电力设备,399,5,0.012531328320802004,0.05,2,3,3,20260603
20260610,fresh_breakout,801740.SI,国防军工,141,2,0.014184397163120567,0.02,0,2,2,20260603
20260610,fresh_breakout,801750.SI,计算机,356,2,0.0056179775280898875,0.02,1,1,3,20260603
20260610,fresh_breakout,801760.SI,传媒,131,2,0.015267175572519083,0.02,2,0,0,20260603
20260610,fresh_breakout,801770.SI,通信,127,1,0.007874015748031496,0.01,1,0,0,20260603
20260610,fresh_breakout,801780.SI,银行,42,2,0.047619047619047616,0.02,2,0,1,20260603
20260610,fresh_breakout,801790.SI,非银金融,82,0,0.0,0.0,0,0,1,20260603
20260610,fresh_breakout,801880.SI,汽车,313,6,0.019169329073482427,0.06,4,2,0,20260603
20260610,fresh_breakout,801890.SI,机械设备,595,17,0.02857142857142857,0.17,12,5,1,20260603
20260610,fresh_breakout,801950.SI,煤炭,37,4,0.10810810810810811,0.04,3,1,3,20260603
20260610,fresh_breakout,801960.SI,石油石化,48,1,0.020833333333333332,0.01,1,0,0,20260603
20260610,fresh_breakout,801970.SI,环保,137,2,0.014598540145985401,0.02,2,0,3,20260603
20260610,fresh_breakout,801980.SI,美容护理,31,1,0.03225806451612903,0.01,1,0,0,20260603
20260611,fresh_breakout,801010.SI,农林牧渔,114,0,0.0,0.0,0,0,1,20260604
20260611,fresh_breakout,801030.SI,基础化工,440,18,0.04090909090909091,0.18,15,3,8,20260604
20260611,fresh_breakout,801040.SI,钢铁,44,0,0.0,0.0,0,0,0,20260604
20260611,fresh_breakout,801050.SI,有色金属,142,6,0.04225352112676056,0.06,6,0,1,20260604
20260611,fresh_breakout,801080.SI,电子,496,17,0.034274193548387094,0.17,9,8,10,20260604
20260611,fresh_breakout,801110.SI,家用电器,103,2,0.019417475728155338,0.02,2,0,0,20260604
20260611,fresh_breakout,801120.SI,食品饮料,127,0,0.0,0.0,0,0,0,20260604
20260611,fresh_breakout,801130.SI,纺织服饰,106,1,0.009433962264150943,0.01,1,0,0,20260604
20260611,fresh_breakout,801140.SI,轻工制造,168,3,0.017857142857142856,0.03,2,1,1,20260604
20260611,fresh_breakout,801150.SI,医药生物,501,0,0.0,0.0,0,0,1,20260604
20260611,fresh_breakout,801160.SI,公用事业,132,3,0.022727272727272728,0.03,1,2,14,20260604
20260611,fresh_breakout,801170.SI,交通运输,127,1,0.007874015748031496,0.01,1,0,2,20260604
20260611,fresh_breakout,801180.SI,房地产,99,2,0.020202020202020204,0.02,0,2,2,20260604
20260611,fresh_breakout,801200.SI,商贸零售,99,2,0.020202020202020204,0.02,1,1,3,20260604
20260611,fresh_breakout,801210.SI,社会服务,84,1,0.011904761904761904,0.01,1,0,0,20260604
20260611,fresh_breakout,801230.SI,综合,15,0,0.0,0.0,0,0,0,20260604
20260611,fresh_breakout,801710.SI,建筑材料,75,1,0.013333333333333334,0.01,1,0,1,20260604
20260611,fresh_breakout,801720.SI,建筑装饰,163,2,0.012269938650306749,0.02,0,2,2,20260604
20260611,fresh_breakout,801730.SI,电力设备,398,5,0.01256281407035176,0.05,4,1,4,20260604
20260611,fresh_breakout,801740.SI,国防军工,141,2,0.014184397163120567,0.02,0,2,2,20260604
20260611,fresh_breakout,801750.SI,计算机,356,3,0.008426966292134831,0.03,3,0,4,20260604
20260611,fresh_breakout,801760.SI,传媒,131,1,0.007633587786259542,0.01,1,0,0,20260604
20260611,fresh_breakout,801770.SI,通信,127,2,0.015748031496062992,0.02,1,1,1,20260604
20260611,fresh_breakout,801780.SI,银行,42,3,0.07142857142857142,0.03,3,0,0,20260604
20260611,fresh_breakout,801790.SI,非银金融,82,0,0.0,0.0,0,0,1,20260604
20260611,fresh_breakout,801880.SI,汽车,313,4,0.012779552715654952,0.04,2,2,1,20260604
20260611,fresh_breakout,801890.SI,机械设备,594,16,0.026936026936026935,0.16,10,6,2,20260604
20260611,fresh_breakout,801950.SI,煤炭,37,3,0.08108108108108109,0.03,2,1,5,20260604
20260611,fresh_breakout,801960.SI,石油石化,48,0,0.0,0.0,0,0,0,20260604
20260611,fresh_breakout,801970.SI,环保,137,2,0.014598540145985401,0.02,2,0,2,20260604
20260611,fresh_breakout,801980.SI,美容护理,31,0,0.0,0.0,0,0,0,20260604
20260612,fresh_breakout,801010.SI,农林牧渔,114,0,0.0,0.0,0,0,1,20260605
20260612,fresh_breakout,801030.SI,基础化工,440,17,0.038636363636363635,0.17,12,5,5,20260605
20260612,fresh_breakout,801040.SI,钢铁,44,0,0.0,0.0,0,0,0,20260605
20260612,fresh_breakout,801050.SI,有色金属,143,6,0.04195804195804196,0.06,6,0,1,20260605
20260612,fresh_breakout,801080.SI,电子,495,17,0.03434343434343434,0.17,11,6,13,20260605
20260612,fresh_breakout,801110.SI,家用电器,103,1,0.009708737864077669,0.01,1,0,0,20260605
20260612,fresh_breakout,801120.SI,食品饮料,127,0,0.0,0.0,0,0,0,20260605
20260612,fresh_breakout,801130.SI,纺织服饰,106,1,0.009433962264150943,0.01,1,0,1,20260605
20260612,fresh_breakout,801140.SI,轻工制造,168,3,0.017857142857142856,0.03,2,1,1,20260605
20260612,fresh_breakout,801150.SI,医药生物,503,1,0.0019880715705765406,0.01,1,0,2,20260605
20260612,fresh_breakout,801160.SI,公用事业,132,3,0.022727272727272728,0.03,1,2,7,20260605
20260612,fresh_breakout,801170.SI,交通运输,127,0,0.0,0.0,0,0,3,20260605
20260612,fresh_breakout,801180.SI,房地产,99,2,0.020202020202020204,0.02,0,2,1,20260605
20260612,fresh_breakout,801200.SI,商贸零售,99,2,0.020202020202020204,0.02,0,2,2,20260605
20260612,fresh_breakout,801210.SI,社会服务,85,2,0.023529411764705882,0.02,2,0,0,20260605
20260612,fresh_breakout,801230.SI,综合,15,1,0.06666666666666667,0.01,1,0,0,20260605
20260612,fresh_breakout,801710.SI,建筑材料,75,1,0.013333333333333334,0.01,0,1,1,20260605
20260612,fresh_breakout,801720.SI,建筑装饰,163,2,0.012269938650306749,0.02,0,2,2,20260605
20260612,fresh_breakout,801730.SI,电力设备,399,4,0.010025062656641603,0.04,3,1,5,20260605
20260612,fresh_breakout,801740.SI,国防军工,141,2,0.014184397163120567,0.02,0,2,2,20260605
20260612,fresh_breakout,801750.SI,计算机,356,3,0.008426966292134831,0.03,3,0,4,20260605
20260612,fresh_breakout,801760.SI,传媒,131,2,0.015267175572519083,0.02,2,0,0,20260605
20260612,fresh_breakout,801770.SI,通信,127,2,0.015748031496062992,0.02,2,0,3,20260605
20260612,fresh_breakout,801780.SI,银行,42,3,0.07142857142857142,0.03,3,0,0,20260605
20260612,fresh_breakout,801790.SI,非银金融,82,0,0.0,0.0,0,0,2,20260605
20260612,fresh_breakout,801880.SI,汽车,314,4,0.012738853503184714,0.04,2,2,1,20260605
20260612,fresh_breakout,801890.SI,机械设备,593,16,0.026981450252951095,0.16,11,5,4,20260605
20260612,fresh_breakout,801950.SI,煤炭,37,3,0.08108108108108109,0.03,2,1,7,20260605
20260612,fresh_breakout,801960.SI,石油石化,48,0,0.0,0.0,0,0,0,20260605
20260612,fresh_breakout,801970.SI,环保,137,2,0.014598540145985401,0.02,2,0,0,20260605
20260612,fresh_breakout,801980.SI,美容护理,31,0,0.0,0.0,0,0,0,20260605
20260615,fresh_breakout,801010.SI,农林牧渔,114,1,0.008771929824561403,0.01,1,0,1,20260608
20260615,fresh_breakout,801030.SI,基础化工,440,19,0.04318181818181818,0.19,13,6,4,20260608
20260615,fresh_breakout,801040.SI,钢铁,44,0,0.0,0.0,0,0,0,20260608
20260615,fresh_breakout,801050.SI,有色金属,143,8,0.055944055944055944,0.08,6,2,1,20260608
20260615,fresh_breakout,801080.SI,电子,495,18,0.03636363636363636,0.18,12,6,15,20260608
20260615,fresh_breakout,801110.SI,家用电器,103,1,0.009708737864077669,0.01,1,0,1,20260608
20260615,fresh_breakout,801120.SI,食品饮料,126,0,0.0,0.0,0,0,1,20260608
20260615,fresh_breakout,801130.SI,纺织服饰,106,1,0.009433962264150943,0.01,1,0,1,20260608
20260615,fresh_breakout,801140.SI,轻工制造,168,3,0.017857142857142856,0.03,1,2,0,20260608
20260615,fresh_breakout,801150.SI,医药生物,503,1,0.0019880715705765406,0.01,1,0,2,20260608
20260615,fresh_breakout,801160.SI,公用事业,132,3,0.022727272727272728,0.03,1,2,3,20260608
20260615,fresh_breakout,801170.SI,交通运输,125,0,0.0,0.0,0,0,2,20260608
20260615,fresh_breakout,801180.SI,房地产,99,3,0.030303030303030304,0.03,1,2,0,20260608
20260615,fresh_breakout,801200.SI,商贸零售,99,1,0.010101010101010102,0.01,0,1,2,20260608
20260615,fresh_breakout,801210.SI,社会服务,85,2,0.023529411764705882,0.02,2,0,0,20260608
20260615,fresh_breakout,801230.SI,综合,15,1,0.06666666666666667,0.01,1,0,0,20260608
20260615,fresh_breakout,801710.SI,建筑材料,75,3,0.04,0.03,2,1,1,20260608
20260615,fresh_breakout,801720.SI,建筑装饰,162,2,0.012345679012345678,0.02,0,2,1,20260608
20260615,fresh_breakout,801730.SI,电力设备,399,4,0.010025062656641603,0.04,3,1,5,20260608
20260615,fresh_breakout,801740.SI,国防军工,140,1,0.007142857142857143,0.01,0,1,3,20260608
20260615,fresh_breakout,801750.SI,计算机,356,3,0.008426966292134831,0.03,3,0,3,20260608
20260615,fresh_breakout,801760.SI,传媒,131,0,0.0,0.0,0,0,0,20260608
20260615,fresh_breakout,801770.SI,通信,127,1,0.007874015748031496,0.01,1,0,3,20260608
20260615,fresh_breakout,801780.SI,银行,42,3,0.07142857142857142,0.03,3,0,0,20260608
20260615,fresh_breakout,801790.SI,非银金融,82,0,0.0,0.0,0,0,2,20260608
20260615,fresh_breakout,801880.SI,汽车,314,3,0.009554140127388535,0.03,1,2,1,20260608
20260615,fresh_breakout,801890.SI,机械设备,594,15,0.025252525252525252,0.15,8,7,4,20260608
20260615,fresh_breakout,801950.SI,煤炭,37,2,0.05405405405405406,0.02,0,2,6,20260608
20260615,fresh_breakout,801960.SI,石油石化,48,0,0.0,0.0,0,0,0,20260608
20260615,fresh_breakout,801970.SI,环保,137,1,0.0072992700729927005,0.01,1,0,0,20260608
20260615,fresh_breakout,801980.SI,美容护理,31,0,0.0,0.0,0,0,1,20260608
20260616,fresh_breakout,801010.SI,农林牧渔,114,1,0.008771929824561403,0.01,1,0,1,20260609
20260616,fresh_breakout,801030.SI,基础化工,440,17,0.038636363636363635,0.17,11,6,4,20260609
20260616,fresh_breakout,801040.SI,钢铁,44,0,0.0,0.0,0,0,0,20260609
20260616,fresh_breakout,801050.SI,有色金属,144,8,0.05555555555555555,0.08,5,3,1,20260609
20260616,fresh_breakout,801080.SI,电子,495,17,0.03434343434343434,0.17,11,6,14,20260609
20260616,fresh_breakout,801110.SI,家用电器,103,1,0.009708737864077669,0.01,1,0,1,20260609
20260616,fresh_breakout,801120.SI,食品饮料,127,0,0.0,0.0,0,0,1,20260609
20260616,fresh_breakout,801130.SI,纺织服饰,106,1,0.009433962264150943,0.01,1,0,0,20260609
20260616,fresh_breakout,801140.SI,轻工制造,168,3,0.017857142857142856,0.03,1,2,0,20260609
20260616,fresh_breakout,801150.SI,医药生物,503,2,0.003976143141153081,0.02,2,0,2,20260609
20260616,fresh_breakout,801160.SI,公用事业,132,2,0.015151515151515152,0.02,1,1,2,20260609
20260616,fresh_breakout,801170.SI,交通运输,127,0,0.0,0.0,0,0,2,20260609
20260616,fresh_breakout,801180.SI,房地产,99,3,0.030303030303030304,0.03,1,2,0,20260609
20260616,fresh_breakout,801200.SI,商贸零售,99,0,0.0,0.0,0,0,3,20260609
20260616,fresh_breakout,801210.SI,社会服务,85,2,0.023529411764705882,0.02,2,0,0,20260609
20260616,fresh_breakout,801230.SI,综合,15,1,0.06666666666666667,0.01,1,0,0,20260609
20260616,fresh_breakout,801710.SI,建筑材料,75,3,0.04,0.03,3,0,1,20260609
20260616,fresh_breakout,801720.SI,建筑装饰,162,2,0.012345679012345678,0.02,0,2,1,20260609
20260616,fresh_breakout,801730.SI,电力设备,399,5,0.012531328320802004,0.05,5,0,5,20260609
20260616,fresh_breakout,801740.SI,国防军工,141,1,0.0070921985815602835,0.01,0,1,2,20260609
20260616,fresh_breakout,801750.SI,计算机,356,2,0.0056179775280898875,0.02,2,0,3,20260609
20260616,fresh_breakout,801760.SI,传媒,131,1,0.007633587786259542,0.01,1,0,1,20260609
20260616,fresh_breakout,801770.SI,通信,127,2,0.015748031496062992,0.02,2,0,3,20260609
20260616,fresh_breakout,801780.SI,银行,42,3,0.07142857142857142,0.03,2,1,0,20260609
20260616,fresh_breakout,801790.SI,非银金融,82,2,0.024390243902439025,0.02,1,1,0,20260609
20260616,fresh_breakout,801880.SI,汽车,314,3,0.009554140127388535,0.03,1,2,3,20260609
20260616,fresh_breakout,801890.SI,机械设备,594,17,0.02861952861952862,0.17,9,8,6,20260609
20260616,fresh_breakout,801950.SI,煤炭,37,0,0.0,0.0,0,0,8,20260609
20260616,fresh_breakout,801960.SI,石油石化,48,0,0.0,0.0,0,0,1,20260609
20260616,fresh_breakout,801970.SI,环保,137,1,0.0072992700729927005,0.01,1,0,0,20260609
20260616,fresh_breakout,801980.SI,美容护理,31,0,0.0,0.0,0,0,0,20260609
20260617,fresh_breakout,801010.SI,农林牧渔,114,2,0.017543859649122806,0.02,2,0,0,20260610
20260617,fresh_breakout,801030.SI,基础化工,439,17,0.0387243735763098,0.17,8,9,4,20260610
20260617,fresh_breakout,801040.SI,钢铁,44,0,0.0,0.0,0,0,0,20260610
20260617,fresh_breakout,801050.SI,有色金属,144,10,0.06944444444444445,0.1,6,4,1,20260610
20260617,fresh_breakout,801080.SI,电子,495,21,0.04242424242424243,0.21,13,8,11,20260610
20260617,fresh_breakout,801110.SI,家用电器,103,0,0.0,0.0,0,0,1,20260610
20260617,fresh_breakout,801120.SI,食品饮料,127,0,0.0,0.0,0,0,1,20260610
20260617,fresh_breakout,801130.SI,纺织服饰,106,1,0.009433962264150943,0.01,0,1,0,20260610
20260617,fresh_breakout,801140.SI,轻工制造,168,3,0.017857142857142856,0.03,1,2,0,20260610
20260617,fresh_breakout,801150.SI,医药生物,503,2,0.003976143141153081,0.02,2,0,0,20260610
20260617,fresh_breakout,801160.SI,公用事业,132,2,0.015151515151515152,0.02,1,1,1,20260610
20260617,fresh_breakout,801170.SI,交通运输,127,0,0.0,0.0,0,0,2,20260610
20260617,fresh_breakout,801180.SI,房地产,99,1,0.010101010101010102,0.01,0,1,1,20260610
20260617,fresh_breakout,801200.SI,商贸零售,99,0,0.0,0.0,0,0,2,20260610
20260617,fresh_breakout,801210.SI,社会服务,85,2,0.023529411764705882,0.02,2,0,0,20260610
20260617,fresh_breakout,801230.SI,综合,15,0,0.0,0.0,0,0,0,20260610
20260617,fresh_breakout,801710.SI,建筑材料,75,2,0.02666666666666667,0.02,2,0,2,20260610
20260617,fresh_breakout,801720.SI,建筑装饰,162,1,0.006172839506172839,0.01,0,1,2,20260610
20260617,fresh_breakout,801730.SI,电力设备,399,5,0.012531328320802004,0.05,4,1,4,20260610
20260617,fresh_breakout,801740.SI,国防军工,141,0,0.0,0.0,0,0,2,20260610
20260617,fresh_breakout,801750.SI,计算机,356,3,0.008426966292134831,0.03,2,1,1,20260610
20260617,fresh_breakout,801760.SI,传媒,129,0,0.0,0.0,0,0,2,20260610
20260617,fresh_breakout,801770.SI,通信,126,2,0.015873015873015872,0.02,2,0,1,20260610
20260617,fresh_breakout,801780.SI,银行,42,0,0.0,0.0,0,0,2,20260610
20260617,fresh_breakout,801790.SI,非银金融,82,3,0.036585365853658534,0.03,3,0,0,20260610
20260617,fresh_breakout,801880.SI,汽车,314,3,0.009554140127388535,0.03,1,2,4,20260610
20260617,fresh_breakout,801890.SI,机械设备,594,18,0.030303030303030304,0.18,10,8,9,20260610
20260617,fresh_breakout,801950.SI,煤炭,37,0,0.0,0.0,0,0,4,20260610
20260617,fresh_breakout,801960.SI,石油石化,48,0,0.0,0.0,0,0,1,20260610
20260617,fresh_breakout,801970.SI,环保,137,2,0.014598540145985401,0.02,1,1,1,20260610
20260617,fresh_breakout,801980.SI,美容护理,31,0,0.0,0.0,0,0,1,20260610
20260618,fresh_breakout,801010.SI,农林牧渔,113,2,0.017699115044247787,0.02,2,0,0,20260611
20260618,fresh_breakout,801030.SI,基础化工,440,13,0.029545454545454545,0.13,6,7,11,20260611
20260618,fresh_breakout,801040.SI,钢铁,44,0,0.0,0.0,0,0,0,20260611
20260618,fresh_breakout,801050.SI,有色金属,144,13,0.09027777777777778,0.13,8,5,1,20260611
20260618,fresh_breakout,801080.SI,电子,495,24,0.048484848484848485,0.24,14,10,7,20260611
20260618,fresh_breakout,801110.SI,家用电器,102,0,0.0,0.0,0,0,2,20260611
20260618,fresh_breakout,801120.SI,食品饮料,127,1,0.007874015748031496,0.01,1,0,0,20260611
20260618,fresh_breakout,801130.SI,纺织服饰,105,0,0.0,0.0,0,0,1,20260611
20260618,fresh_breakout,801140.SI,轻工制造,168,4,0.023809523809523808,0.04,1,3,0,20260611
20260618,fresh_breakout,801150.SI,医药生物,503,2,0.003976143141153081,0.02,2,0,0,20260611
20260618,fresh_breakout,801160.SI,公用事业,132,1,0.007575757575757576,0.01,0,1,2,20260611
20260618,fresh_breakout,801170.SI,交通运输,127,1,0.007874015748031496,0.01,1,0,1,20260611
20260618,fresh_breakout,801180.SI,房地产,99,1,0.010101010101010102,0.01,0,1,1,20260611
20260618,fresh_breakout,801200.SI,商贸零售,99,0,0.0,0.0,0,0,2,20260611
20260618,fresh_breakout,801210.SI,社会服务,85,1,0.011764705882352941,0.01,0,1,0,20260611
20260618,fresh_breakout,801230.SI,综合,15,0,0.0,0.0,0,0,0,20260611
20260618,fresh_breakout,801710.SI,建筑材料,75,3,0.04,0.03,3,0,1,20260611
20260618,fresh_breakout,801720.SI,建筑装饰,163,1,0.006134969325153374,0.01,1,0,2,20260611
20260618,fresh_breakout,801730.SI,电力设备,399,5,0.012531328320802004,0.05,3,2,3,20260611
20260618,fresh_breakout,801740.SI,国防军工,141,0,0.0,0.0,0,0,2,20260611
20260618,fresh_breakout,801750.SI,计算机,356,1,0.0028089887640449437,0.01,0,1,2,20260611
20260618,fresh_breakout,801760.SI,传媒,128,0,0.0,0.0,0,0,1,20260611
20260618,fresh_breakout,801770.SI,通信,126,3,0.023809523809523808,0.03,3,0,2,20260611
20260618,fresh_breakout,801780.SI,银行,42,0,0.0,0.0,0,0,3,20260611
20260618,fresh_breakout,801790.SI,非银金融,82,2,0.024390243902439025,0.02,2,0,0,20260611
20260618,fresh_breakout,801880.SI,汽车,314,3,0.009554140127388535,0.03,1,2,2,20260611
20260618,fresh_breakout,801890.SI,机械设备,594,16,0.026936026936026935,0.16,8,8,8,20260611
20260618,fresh_breakout,801950.SI,煤炭,37,1,0.02702702702702703,0.01,1,0,3,20260611
20260618,fresh_breakout,801960.SI,石油石化,48,0,0.0,0.0,0,0,0,20260611
20260618,fresh_breakout,801970.SI,环保,137,2,0.014598540145985401,0.02,1,1,1,20260611
20260618,fresh_breakout,801980.SI,美容护理,31,0,0.0,0.0,0,0,0,20260611
20260622,fresh_breakout,801010.SI,农林牧渔,114,2,0.017543859649122806,0.02,2,0,0,20260612
20260622,fresh_breakout,801030.SI,基础化工,440,15,0.03409090909090909,0.15,5,10,7,20260612
20260622,fresh_breakout,801040.SI,钢铁,44,0,0.0,0.0,0,0,0,20260612
20260622,fresh_breakout,801050.SI,有色金属,144,12,0.08333333333333333,0.12,6,6,0,20260612
20260622,fresh_breakout,801080.SI,电子,495,24,0.048484848484848485,0.24,15,9,8,20260612
20260622,fresh_breakout,801110.SI,家用电器,103,0,0.0,0.0,0,0,1,20260612
20260622,fresh_breakout,801120.SI,食品饮料,127,1,0.007874015748031496,0.01,1,0,0,20260612
20260622,fresh_breakout,801130.SI,纺织服饰,106,1,0.009433962264150943,0.01,1,0,1,20260612
20260622,fresh_breakout,801140.SI,轻工制造,168,2,0.011904761904761904,0.02,1,1,2,20260612
20260622,fresh_breakout,801150.SI,医药生物,503,3,0.005964214711729622,0.03,2,1,0,20260612
20260622,fresh_breakout,801160.SI,公用事业,132,1,0.007575757575757576,0.01,0,1,2,20260612
20260622,fresh_breakout,801170.SI,交通运输,127,2,0.015748031496062992,0.02,2,0,0,20260612
20260622,fresh_breakout,801180.SI,房地产,99,1,0.010101010101010102,0.01,0,1,1,20260612
20260622,fresh_breakout,801200.SI,商贸零售,99,0,0.0,0.0,0,0,2,20260612
20260622,fresh_breakout,801210.SI,社会服务,85,1,0.011764705882352941,0.01,0,1,1,20260612
20260622,fresh_breakout,801230.SI,综合,15,0,0.0,0.0,0,0,1,20260612
20260622,fresh_breakout,801710.SI,建筑材料,75,3,0.04,0.03,3,0,1,20260612
20260622,fresh_breakout,801720.SI,建筑装饰,163,1,0.006134969325153374,0.01,1,0,2,20260612
20260622,fresh_breakout,801730.SI,电力设备,400,4,0.01,0.04,4,0,4,20260612
20260622,fresh_breakout,801740.SI,国防军工,141,0,0.0,0.0,0,0,2,20260612
20260622,fresh_breakout,801750.SI,计算机,356,1,0.0028089887640449437,0.01,1,0,3,20260612
20260622,fresh_breakout,801760.SI,传媒,129,0,0.0,0.0,0,0,2,20260612
20260622,fresh_breakout,801770.SI,通信,126,3,0.023809523809523808,0.03,3,0,2,20260612
20260622,fresh_breakout,801780.SI,银行,42,0,0.0,0.0,0,0,3,20260612
20260622,fresh_breakout,801790.SI,非银金融,82,3,0.036585365853658534,0.03,3,0,0,20260612
20260622,fresh_breakout,801880.SI,汽车,314,3,0.009554140127388535,0.03,1,2,2,20260612
20260622,fresh_breakout,801890.SI,机械设备,595,14,0.023529411764705882,0.14,6,8,8,20260612
20260622,fresh_breakout,801950.SI,煤炭,37,1,0.02702702702702703,0.01,1,0,3,20260612
20260622,fresh_breakout,801960.SI,石油石化,47,0,0.0,0.0,0,0,0,20260612
20260622,fresh_breakout,801970.SI,环保,137,2,0.014598540145985401,0.02,1,1,1,20260612
20260622,fresh_breakout,801980.SI,美容护理,31,0,0.0,0.0,0,0,0,20260612
20260623,fresh_breakout,801010.SI,农林牧渔,114,2,0.017543859649122806,0.02,1,1,0,20260615
20260623,fresh_breakout,801030.SI,基础化工,442,13,0.029411764705882353,0.13,4,9,10,20260615
20260623,fresh_breakout,801040.SI,钢铁,44,2,0.045454545454545456,0.02,2,0,0,20260615
20260623,fresh_breakout,801050.SI,有色金属,144,12,0.08333333333333333,0.12,6,6,2,20260615
20260623,fresh_breakout,801080.SI,电子,496,22,0.04435483870967742,0.22,15,7,11,20260615
20260623,fresh_breakout,801110.SI,家用电器,103,0,0.0,0.0,0,0,1,20260615
20260623,fresh_breakout,801120.SI,食品饮料,126,1,0.007936507936507936,0.01,1,0,0,20260615
20260623,fresh_breakout,801130.SI,纺织服饰,106,1,0.009433962264150943,0.01,1,0,1,20260615
20260623,fresh_breakout,801140.SI,轻工制造,168,1,0.005952380952380952,0.01,1,0,3,20260615
20260623,fresh_breakout,801150.SI,医药生物,503,4,0.007952286282306162,0.04,3,1,0,20260615
20260623,fresh_breakout,801160.SI,公用事业,132,1,0.007575757575757576,0.01,0,1,2,20260615
20260623,fresh_breakout,801170.SI,交通运输,128,2,0.015625,0.02,2,0,0,20260615
20260623,fresh_breakout,801180.SI,房地产,99,1,0.010101010101010102,0.01,0,1,2,20260615
20260623,fresh_breakout,801200.SI,商贸零售,99,0,0.0,0.0,0,0,1,20260615
20260623,fresh_breakout,801210.SI,社会服务,84,1,0.011904761904761904,0.01,0,1,1,20260615
20260623,fresh_breakout,801230.SI,综合,15,0,0.0,0.0,0,0,1,20260615
20260623,fresh_breakout,801710.SI,建筑材料,75,3,0.04,0.03,2,1,2,20260615
20260623,fresh_breakout,801720.SI,建筑装饰,163,2,0.012269938650306749,0.02,2,0,2,20260615
20260623,fresh_breakout,801730.SI,电力设备,400,4,0.01,0.04,4,0,4,20260615
20260623,fresh_breakout,801740.SI,国防军工,141,2,0.014184397163120567,0.02,2,0,1,20260615
20260623,fresh_breakout,801750.SI,计算机,357,1,0.0028011204481792717,0.01,1,0,3,20260615
20260623,fresh_breakout,801760.SI,传媒,129,0,0.0,0.0,0,0,0,20260615
20260623,fresh_breakout,801770.SI,通信,127,3,0.023622047244094488,0.03,3,0,1,20260615
20260623,fresh_breakout,801780.SI,银行,42,0,0.0,0.0,0,0,3,20260615
20260623,fresh_breakout,801790.SI,非银金融,81,3,0.037037037037037035,0.03,3,0,0,20260615
20260623,fresh_breakout,801880.SI,汽车,314,5,0.01592356687898089,0.05,2,3,0,20260615
20260623,fresh_breakout,801890.SI,机械设备,594,12,0.020202020202020204,0.12,6,6,9,20260615
20260623,fresh_breakout,801950.SI,煤炭,37,1,0.02702702702702703,0.01,1,0,2,20260615
20260623,fresh_breakout,801960.SI,石油石化,48,0,0.0,0.0,0,0,0,20260615
20260623,fresh_breakout,801970.SI,环保,137,1,0.0072992700729927005,0.01,1,0,1,20260615
20260623,fresh_breakout,801980.SI,美容护理,31,0,0.0,0.0,0,0,0,20260615
20260624,fresh_breakout,801010.SI,农林牧渔,114,2,0.017543859649122806,0.02,1,1,0,20260616
20260624,fresh_breakout,801030.SI,基础化工,442,14,0.03167420814479638,0.14,7,7,10,20260616
20260624,fresh_breakout,801040.SI,钢铁,44,2,0.045454545454545456,0.02,2,0,0,20260616
20260624,fresh_breakout,801050.SI,有色金属,145,10,0.06896551724137931,0.1,7,3,5,20260616
20260624,fresh_breakout,801080.SI,电子,497,24,0.0482897384305835,0.24,16,8,9,20260616
20260624,fresh_breakout,801110.SI,家用电器,103,0,0.0,0.0,0,0,1,20260616
20260624,fresh_breakout,801120.SI,食品饮料,126,1,0.007936507936507936,0.01,1,0,0,20260616
20260624,fresh_breakout,801130.SI,纺织服饰,106,2,0.018867924528301886,0.02,2,0,1,20260616
20260624,fresh_breakout,801140.SI,轻工制造,168,0,0.0,0.0,0,0,3,20260616
20260624,fresh_breakout,801150.SI,医药生物,503,5,0.009940357852882704,0.05,4,1,1,20260616
20260624,fresh_breakout,801160.SI,公用事业,132,1,0.007575757575757576,0.01,0,1,1,20260616
20260624,fresh_breakout,801170.SI,交通运输,128,2,0.015625,0.02,2,0,0,20260616
20260624,fresh_breakout,801180.SI,房地产,99,1,0.010101010101010102,0.01,0,1,2,20260616
20260624,fresh_breakout,801200.SI,商贸零售,99,0,0.0,0.0,0,0,0,20260616
20260624,fresh_breakout,801210.SI,社会服务,83,2,0.024096385542168676,0.02,1,1,1,20260616
20260624,fresh_breakout,801230.SI,综合,15,0,0.0,0.0,0,0,1,20260616
20260624,fresh_breakout,801710.SI,建筑材料,75,1,0.013333333333333334,0.01,1,0,3,20260616
20260624,fresh_breakout,801720.SI,建筑装饰,163,2,0.012269938650306749,0.02,2,0,2,20260616
20260624,fresh_breakout,801730.SI,电力设备,401,4,0.00997506234413965,0.04,1,3,2,20260616
20260624,fresh_breakout,801740.SI,国防军工,141,3,0.02127659574468085,0.03,3,0,1,20260616
20260624,fresh_breakout,801750.SI,计算机,357,0,0.0,0.0,0,0,2,20260616
20260624,fresh_breakout,801760.SI,传媒,129,0,0.0,0.0,0,0,1,20260616
20260624,fresh_breakout,801770.SI,通信,127,4,0.031496062992125984,0.04,3,1,1,20260616
20260624,fresh_breakout,801780.SI,银行,42,0,0.0,0.0,0,0,3,20260616
20260624,fresh_breakout,801790.SI,非银金融,81,4,0.04938271604938271,0.04,3,1,1,20260616
20260624,fresh_breakout,801880.SI,汽车,314,5,0.01592356687898089,0.05,2,3,0,20260616
20260624,fresh_breakout,801890.SI,机械设备,593,9,0.01517706576728499,0.09,5,4,13,20260616
20260624,fresh_breakout,801950.SI,煤炭,37,1,0.02702702702702703,0.01,1,0,0,20260616
20260624,fresh_breakout,801960.SI,石油石化,48,0,0.0,0.0,0,0,0,20260616
20260624,fresh_breakout,801970.SI,环保,137,1,0.0072992700729927005,0.01,1,0,1,20260616
20260624,fresh_breakout,801980.SI,美容护理,31,0,0.0,0.0,0,0,0,20260616
20260625,fresh_breakout,801010.SI,农林牧渔,114,2,0.017543859649122806,0.02,1,1,1,20260617
20260625,fresh_breakout,801030.SI,基础化工,442,15,0.033936651583710405,0.15,8,7,10,20260617
20260625,fresh_breakout,801040.SI,钢铁,44,2,0.045454545454545456,0.02,2,0,0,20260617
20260625,fresh_breakout,801050.SI,有色金属,145,10,0.06896551724137931,0.1,8,2,8,20260617
20260625,fresh_breakout,801080.SI,电子,497,26,0.052313883299798795,0.26,18,8,13,20260617
20260625,fresh_breakout,801110.SI,家用电器,103,0,0.0,0.0,0,0,0,20260617
20260625,fresh_breakout,801120.SI,食品饮料,126,2,0.015873015873015872,0.02,2,0,0,20260617
20260625,fresh_breakout,801130.SI,纺织服饰,105,2,0.01904761904761905,0.02,2,0,1,20260617
20260625,fresh_breakout,801140.SI,轻工制造,168,0,0.0,0.0,0,0,3,20260617
20260625,fresh_breakout,801150.SI,医药生物,503,4,0.007952286282306162,0.04,4,0,2,20260617
20260625,fresh_breakout,801160.SI,公用事业,132,1,0.007575757575757576,0.01,0,1,1,20260617
20260625,fresh_breakout,801170.SI,交通运输,128,2,0.015625,0.02,2,0,0,20260617
20260625,fresh_breakout,801180.SI,房地产,99,0,0.0,0.0,0,0,1,20260617
20260625,fresh_breakout,801200.SI,商贸零售,99,0,0.0,0.0,0,0,0,20260617
20260625,fresh_breakout,801210.SI,社会服务,83,2,0.024096385542168676,0.02,1,1,1,20260617
20260625,fresh_breakout,801230.SI,综合,15,0,0.0,0.0,0,0,0,20260617
20260625,fresh_breakout,801710.SI,建筑材料,75,1,0.013333333333333334,0.01,1,0,2,20260617
20260625,fresh_breakout,801720.SI,建筑装饰,163,2,0.012269938650306749,0.02,2,0,1,20260617
20260625,fresh_breakout,801730.SI,电力设备,401,3,0.007481296758104738,0.03,1,2,3,20260617
20260625,fresh_breakout,801740.SI,国防军工,141,3,0.02127659574468085,0.03,3,0,0,20260617
20260625,fresh_breakout,801750.SI,计算机,356,0,0.0,0.0,0,0,3,20260617
20260625,fresh_breakout,801760.SI,传媒,131,1,0.007633587786259542,0.01,1,0,0,20260617
20260625,fresh_breakout,801770.SI,通信,127,5,0.03937007874015748,0.05,3,2,0,20260617
20260625,fresh_breakout,801780.SI,银行,42,0,0.0,0.0,0,0,0,20260617
20260625,fresh_breakout,801790.SI,非银金融,81,6,0.07407407407407407,0.06,4,2,1,20260617
20260625,fresh_breakout,801880.SI,汽车,314,2,0.006369426751592357,0.02,1,1,2,20260617
20260625,fresh_breakout,801890.SI,机械设备,593,6,0.01011804384485666,0.06,2,4,14,20260617
20260625,fresh_breakout,801950.SI,煤炭,37,1,0.02702702702702703,0.01,1,0,0,20260617
20260625,fresh_breakout,801960.SI,石油石化,48,0,0.0,0.0,0,0,0,20260617
20260625,fresh_breakout,801970.SI,环保,137,2,0.014598540145985401,0.02,1,1,1,20260617
20260625,fresh_breakout,801980.SI,美容护理,31,0,0.0,0.0,0,0,0,20260617
20260626,fresh_breakout,801010.SI,农林牧渔,113,2,0.017699115044247787,0.02,1,1,1,20260618
20260626,fresh_breakout,801030.SI,基础化工,442,16,0.03619909502262444,0.16,10,6,7,20260618
20260626,fresh_breakout,801040.SI,钢铁,44,2,0.045454545454545456,0.02,2,0,0,20260618
20260626,fresh_breakout,801050.SI,有色金属,145,10,0.06896551724137931,0.1,5,5,8,20260618
20260626,fresh_breakout,801080.SI,电子,498,27,0.05421686746987952,0.27,21,6,18,20260618
20260626,fresh_breakout,801110.SI,家用电器,103,1,0.009708737864077669,0.01,1,0,0,20260618
20260626,fresh_breakout,801120.SI,食品饮料,126,1,0.007936507936507936,0.01,0,1,0,20260618
20260626,fresh_breakout,801130.SI,纺织服饰,105,3,0.02857142857142857,0.03,3,0,0,20260618
20260626,fresh_breakout,801140.SI,轻工制造,168,0,0.0,0.0,0,0,4,20260618
20260626,fresh_breakout,801150.SI,医药生物,504,5,0.00992063492063492,0.05,5,0,2,20260618
20260626,fresh_breakout,801160.SI,公用事业,131,1,0.007633587786259542,0.01,0,1,0,20260618
20260626,fresh_breakout,801170.SI,交通运输,128,2,0.015625,0.02,1,1,0,20260618
20260626,fresh_breakout,801180.SI,房地产,99,0,0.0,0.0,0,0,1,20260618
20260626,fresh_breakout,801200.SI,商贸零售,99,0,0.0,0.0,0,0,0,20260618
20260626,fresh_breakout,801210.SI,社会服务,83,1,0.012048192771084338,0.01,0,1,0,20260618
20260626,fresh_breakout,801230.SI,综合,15,0,0.0,0.0,0,0,0,20260618
20260626,fresh_breakout,801710.SI,建筑材料,75,1,0.013333333333333334,0.01,1,0,3,20260618
20260626,fresh_breakout,801720.SI,建筑装饰,163,2,0.012269938650306749,0.02,1,1,0,20260618
20260626,fresh_breakout,801730.SI,电力设备,401,2,0.004987531172069825,0.02,1,1,4,20260618
20260626,fresh_breakout,801740.SI,国防军工,141,2,0.014184397163120567,0.02,2,0,0,20260618
20260626,fresh_breakout,801750.SI,计算机,357,0,0.0,0.0,0,0,1,20260618
20260626,fresh_breakout,801760.SI,传媒,131,1,0.007633587786259542,0.01,1,0,0,20260618
20260626,fresh_breakout,801770.SI,通信,127,4,0.031496062992125984,0.04,3,1,2,20260618
20260626,fresh_breakout,801780.SI,银行,42,0,0.0,0.0,0,0,0,20260618
20260626,fresh_breakout,801790.SI,非银金融,81,7,0.08641975308641975,0.07,5,2,0,20260618
20260626,fresh_breakout,801880.SI,汽车,314,2,0.006369426751592357,0.02,1,1,2,20260618
20260626,fresh_breakout,801890.SI,机械设备,593,4,0.006745362563237774,0.04,2,2,14,20260618
20260626,fresh_breakout,801950.SI,煤炭,37,1,0.02702702702702703,0.01,0,1,0,20260618
20260626,fresh_breakout,801960.SI,石油石化,48,0,0.0,0.0,0,0,0,20260618
20260626,fresh_breakout,801970.SI,环保,137,3,0.021897810218978103,0.03,2,1,1,20260618
20260626,fresh_breakout,801980.SI,美容护理,31,0,0.0,0.0,0,0,0,20260618
20260629,fresh_breakout,801010.SI,农林牧渔,113,2,0.017699115044247787,0.02,1,1,1,20260622
20260629,fresh_breakout,801030.SI,基础化工,440,15,0.03409090909090909,0.15,8,7,8,20260622
20260629,fresh_breakout,801040.SI,钢铁,44,1,0.022727272727272728,0.01,1,0,0,20260622
20260629,fresh_breakout,801050.SI,有色金属,145,7,0.04827586206896552,0.07,3,4,8,20260622
20260629,fresh_breakout,801080.SI,电子,497,27,0.05432595573440644,0.27,22,5,19,20260622
20260629,fresh_breakout,801110.SI,家用电器,103,1,0.009708737864077669,0.01,1,0,0,20260622
20260629,fresh_breakout,801120.SI,食品饮料,126,1,0.007936507936507936,0.01,0,1,0,20260622
20260629,fresh_breakout,801130.SI,纺织服饰,105,3,0.02857142857142857,0.03,2,1,0,20260622
20260629,fresh_breakout,801140.SI,轻工制造,168,2,0.011904761904761904,0.02,2,0,2,20260622
20260629,fresh_breakout,801150.SI,医药生物,504,9,0.017857142857142856,0.09,8,1,2,20260622
20260629,fresh_breakout,801160.SI,公用事业,132,2,0.015151515151515152,0.02,1,1,0,20260622
20260629,fresh_breakout,801170.SI,交通运输,128,2,0.015625,0.02,1,1,1,20260622
20260629,fresh_breakout,801180.SI,房地产,99,0,0.0,0.0,0,0,1,20260622
20260629,fresh_breakout,801200.SI,商贸零售,99,0,0.0,0.0,0,0,0,20260622
20260629,fresh_breakout,801210.SI,社会服务,83,0,0.0,0.0,0,0,1,20260622
20260629,fresh_breakout,801230.SI,综合,15,0,0.0,0.0,0,0,0,20260622
20260629,fresh_breakout,801710.SI,建筑材料,75,2,0.02666666666666667,0.02,1,1,2,20260622
20260629,fresh_breakout,801720.SI,建筑装饰,163,2,0.012269938650306749,0.02,1,1,0,20260622
20260629,fresh_breakout,801730.SI,电力设备,401,2,0.004987531172069825,0.02,1,1,3,20260622
20260629,fresh_breakout,801740.SI,国防军工,141,1,0.0070921985815602835,0.01,1,0,0,20260622
20260629,fresh_breakout,801750.SI,计算机,356,1,0.0028089887640449437,0.01,1,0,1,20260622
20260629,fresh_breakout,801760.SI,传媒,131,1,0.007633587786259542,0.01,1,0,0,20260622
20260629,fresh_breakout,801770.SI,通信,127,1,0.007874015748031496,0.01,1,0,3,20260622
20260629,fresh_breakout,801780.SI,银行,42,0,0.0,0.0,0,0,0,20260622
20260629,fresh_breakout,801790.SI,非银金融,81,7,0.08641975308641975,0.07,4,3,0,20260622
20260629,fresh_breakout,801880.SI,汽车,314,2,0.006369426751592357,0.02,2,0,3,20260622
20260629,fresh_breakout,801890.SI,机械设备,592,3,0.005067567567567568,0.03,2,1,13,20260622
20260629,fresh_breakout,801950.SI,煤炭,37,1,0.02702702702702703,0.01,0,1,0,20260622
20260629,fresh_breakout,801960.SI,石油石化,48,1,0.020833333333333332,0.01,1,0,0,20260622
20260629,fresh_breakout,801970.SI,环保,137,4,0.029197080291970802,0.04,3,1,1,20260622
20260629,fresh_breakout,801980.SI,美容护理,31,0,0.0,0.0,0,0,0,20260622
20260630,fresh_breakout,801010.SI,农林牧渔,114,2,0.017543859649122806,0.02,0,2,0,20260623
20260630,fresh_breakout,801030.SI,基础化工,439,14,0.03189066059225513,0.14,8,6,7,20260623
20260630,fresh_breakout,801040.SI,钢铁,44,1,0.022727272727272728,0.01,0,1,1,20260623
20260630,fresh_breakout,801050.SI,有色金属,145,5,0.034482758620689655,0.05,3,2,10,20260623
20260630,fresh_breakout,801080.SI,电子,497,28,0.056338028169014086,0.28,20,8,14,20260623
20260630,fresh_breakout,801110.SI,家用电器,103,1,0.009708737864077669,0.01,1,0,0,20260623
20260630,fresh_breakout,801120.SI,食品饮料,126,0,0.0,0.0,0,0,1,20260623
20260630,fresh_breakout,801130.SI,纺织服饰,105,3,0.02857142857142857,0.03,2,1,0,20260623
20260630,fresh_breakout,801140.SI,轻工制造,167,3,0.017964071856287425,0.03,3,0,1,20260623
20260630,fresh_breakout,801150.SI,医药生物,504,7,0.013888888888888888,0.07,4,3,1,20260623
20260630,fresh_breakout,801160.SI,公用事业,132,1,0.007575757575757576,0.01,1,0,1,20260623
20260630,fresh_breakout,801170.SI,交通运输,128,3,0.0234375,0.03,2,1,1,20260623
20260630,fresh_breakout,801180.SI,房地产,99,1,0.010101010101010102,0.01,1,0,1,20260623
20260630,fresh_breakout,801200.SI,商贸零售,98,1,0.01020408163265306,0.01,1,0,0,20260623
20260630,fresh_breakout,801210.SI,社会服务,83,0,0.0,0.0,0,0,1,20260623
20260630,fresh_breakout,801230.SI,综合,15,0,0.0,0.0,0,0,0,20260623
20260630,fresh_breakout,801710.SI,建筑材料,75,3,0.04,0.03,1,2,1,20260623
20260630,fresh_breakout,801720.SI,建筑装饰,162,5,0.030864197530864196,0.05,3,2,0,20260623
20260630,fresh_breakout,801730.SI,电力设备,401,1,0.0024937655860349127,0.01,1,0,4,20260623
20260630,fresh_breakout,801740.SI,国防军工,141,1,0.0070921985815602835,0.01,0,1,1,20260623
20260630,fresh_breakout,801750.SI,计算机,357,2,0.0056022408963585435,0.02,2,0,1,20260623
20260630,fresh_breakout,801760.SI,传媒,130,1,0.007692307692307693,0.01,1,0,0,20260623
20260630,fresh_breakout,801770.SI,通信,127,0,0.0,0.0,0,0,3,20260623
20260630,fresh_breakout,801780.SI,银行,42,0,0.0,0.0,0,0,0,20260623
20260630,fresh_breakout,801790.SI,非银金融,81,5,0.06172839506172839,0.05,4,1,2,20260623
20260630,fresh_breakout,801880.SI,汽车,315,2,0.006349206349206349,0.02,1,1,4,20260623
20260630,fresh_breakout,801890.SI,机械设备,594,4,0.006734006734006734,0.04,3,1,11,20260623
20260630,fresh_breakout,801950.SI,煤炭,37,1,0.02702702702702703,0.01,0,1,0,20260623
20260630,fresh_breakout,801960.SI,石油石化,48,1,0.020833333333333332,0.01,1,0,0,20260623
20260630,fresh_breakout,801970.SI,环保,136,4,0.029411764705882353,0.04,3,1,0,20260623
20260630,fresh_breakout,801980.SI,美容护理,31,0,0.0,0.0,0,0,0,20260623
20260701,fresh_breakout,801010.SI,农林牧渔,114,1,0.008771929824561403,0.01,0,1,1,20260624
20260701,fresh_breakout,801030.SI,基础化工,440,12,0.02727272727272727,0.12,7,5,9,20260624
20260701,fresh_breakout,801040.SI,钢铁,44,0,0.0,0.0,0,0,2,20260624
20260701,fresh_breakout,801050.SI,有色金属,145,2,0.013793103448275862,0.02,1,1,9,20260624
20260701,fresh_breakout,801080.SI,电子,498,30,0.060240963855421686,0.3,20,10,14,20260624
20260701,fresh_breakout,801110.SI,家用电器,103,1,0.009708737864077669,0.01,1,0,0,20260624
20260701,fresh_breakout,801120.SI,食品饮料,126,0,0.0,0.0,0,0,1,20260624
20260701,fresh_breakout,801130.SI,纺织服饰,105,2,0.01904761904761905,0.02,1,1,1,20260624
20260701,fresh_breakout,801140.SI,轻工制造,168,3,0.017857142857142856,0.03,3,0,0,20260624
20260701,fresh_breakout,801150.SI,医药生物,504,8,0.015873015873015872,0.08,5,3,2,20260624
20260701,fresh_breakout,801160.SI,公用事业,132,1,0.007575757575757576,0.01,1,0,1,20260624
20260701,fresh_breakout,801170.SI,交通运输,128,3,0.0234375,0.03,1,2,0,20260624
20260701,fresh_breakout,801180.SI,房地产,98,2,0.02040816326530612,0.02,2,0,1,20260624
20260701,fresh_breakout,801200.SI,商贸零售,98,1,0.01020408163265306,0.01,1,0,0,20260624
20260701,fresh_breakout,801210.SI,社会服务,83,0,0.0,0.0,0,0,2,20260624
20260701,fresh_breakout,801230.SI,综合,15,0,0.0,0.0,0,0,0,20260624
20260701,fresh_breakout,801710.SI,建筑材料,75,3,0.04,0.03,2,1,0,20260624
20260701,fresh_breakout,801720.SI,建筑装饰,163,3,0.018404907975460124,0.03,2,1,1,20260624
20260701,fresh_breakout,801730.SI,电力设备,402,2,0.004975124378109453,0.02,2,0,4,20260624
20260701,fresh_breakout,801740.SI,国防军工,141,1,0.0070921985815602835,0.01,0,1,2,20260624
20260701,fresh_breakout,801750.SI,计算机,357,2,0.0056022408963585435,0.02,2,0,0,20260624
20260701,fresh_breakout,801760.SI,传媒,131,1,0.007633587786259542,0.01,1,0,0,20260624
20260701,fresh_breakout,801770.SI,通信,126,0,0.0,0.0,0,0,4,20260624
20260701,fresh_breakout,801780.SI,银行,42,0,0.0,0.0,0,0,0,20260624
20260701,fresh_breakout,801790.SI,非银金融,81,6,0.07407407407407407,0.06,5,1,3,20260624
20260701,fresh_breakout,801880.SI,汽车,315,1,0.0031746031746031746,0.01,1,0,5,20260624
20260701,fresh_breakout,801890.SI,机械设备,594,9,0.015151515151515152,0.09,8,1,8,20260624
20260701,fresh_breakout,801950.SI,煤炭,37,1,0.02702702702702703,0.01,0,1,0,20260624
20260701,fresh_breakout,801960.SI,石油石化,48,1,0.020833333333333332,0.01,1,0,0,20260624
20260701,fresh_breakout,801970.SI,环保,136,4,0.029411764705882353,0.04,3,1,0,20260624
20260701,fresh_breakout,801980.SI,美容护理,31,0,0.0,0.0,0,0,0,20260624
20260702,fresh_breakout,801010.SI,农林牧渔,114,1,0.008771929824561403,0.01,0,1,1,20260625
20260702,fresh_breakout,801030.SI,基础化工,440,12,0.02727272727272727,0.12,8,4,11,20260625
20260702,fresh_breakout,801040.SI,钢铁,44,0,0.0,0.0,0,0,2,20260625
20260702,fresh_breakout,801050.SI,有色金属,145,1,0.006896551724137931,0.01,0,1,9,20260625
20260702,fresh_breakout,801080.SI,电子,498,22,0.04417670682730924,0.22,18,4,22,20260625
20260702,fresh_breakout,801110.SI,家用电器,103,1,0.009708737864077669,0.01,1,0,0,20260625
20260702,fresh_breakout,801120.SI,食品饮料,126,0,0.0,0.0,0,0,2,20260625
20260702,fresh_breakout,801130.SI,纺织服饰,106,4,0.03773584905660377,0.04,2,2,0,20260625
20260702,fresh_breakout,801140.SI,轻工制造,168,3,0.017857142857142856,0.03,3,0,0,20260625
20260702,fresh_breakout,801150.SI,医药生物,504,12,0.023809523809523808,0.12,9,3,1,20260625
20260702,fresh_breakout,801160.SI,公用事业,132,1,0.007575757575757576,0.01,1,0,1,20260625
20260702,fresh_breakout,801170.SI,交通运输,128,3,0.0234375,0.03,1,2,0,20260625
20260702,fresh_breakout,801180.SI,房地产,99,2,0.020202020202020204,0.02,2,0,0,20260625
20260702,fresh_breakout,801200.SI,商贸零售,98,2,0.02040816326530612,0.02,2,0,0,20260625
20260702,fresh_breakout,801210.SI,社会服务,83,1,0.012048192771084338,0.01,1,0,2,20260625
20260702,fresh_breakout,801230.SI,综合,15,0,0.0,0.0,0,0,0,20260625
20260702,fresh_breakout,801710.SI,建筑材料,76,3,0.039473684210526314,0.03,2,1,0,20260625
20260702,fresh_breakout,801720.SI,建筑装饰,163,3,0.018404907975460124,0.03,2,1,1,20260625
20260702,fresh_breakout,801730.SI,电力设备,402,2,0.004975124378109453,0.02,2,0,3,20260625
20260702,fresh_breakout,801740.SI,国防军工,141,2,0.014184397163120567,0.02,1,1,2,20260625
20260702,fresh_breakout,801750.SI,计算机,357,1,0.0028011204481792717,0.01,1,0,0,20260625
20260702,fresh_breakout,801760.SI,传媒,131,0,0.0,0.0,0,0,1,20260625
20260702,fresh_breakout,801770.SI,通信,127,0,0.0,0.0,0,0,5,20260625
20260702,fresh_breakout,801780.SI,银行,42,0,0.0,0.0,0,0,0,20260625
20260702,fresh_breakout,801790.SI,非银金融,81,4,0.04938271604938271,0.04,2,2,4,20260625
20260702,fresh_breakout,801880.SI,汽车,315,2,0.006349206349206349,0.02,2,0,2,20260625
20260702,fresh_breakout,801890.SI,机械设备,595,12,0.020168067226890758,0.12,11,1,5,20260625
20260702,fresh_breakout,801950.SI,煤炭,37,1,0.02702702702702703,0.01,0,1,0,20260625
20260702,fresh_breakout,801960.SI,石油石化,48,1,0.020833333333333332,0.01,1,0,0,20260625
20260702,fresh_breakout,801970.SI,环保,136,4,0.029411764705882353,0.04,2,2,0,20260625
20260702,fresh_breakout,801980.SI,美容护理,31,0,0.0,0.0,0,0,0,20260625
20260703,fresh_breakout,801010.SI,农林牧渔,114,0,0.0,0.0,0,0,2,20260626
20260703,fresh_breakout,801030.SI,基础化工,440,9,0.020454545454545454,0.09,7,2,14,20260626
20260703,fresh_breakout,801040.SI,钢铁,44,0,0.0,0.0,0,0,2,20260626
20260703,fresh_breakout,801050.SI,有色金属,145,2,0.013793103448275862,0.02,0,2,8,20260626
20260703,fresh_breakout,801080.SI,电子,500,22,0.044,0.22,12,10,17,20260626
20260703,fresh_breakout,801110.SI,家用电器,103,1,0.009708737864077669,0.01,0,1,0,20260626
20260703,fresh_breakout,801120.SI,食品饮料,126,0,0.0,0.0,0,0,1,20260626
20260703,fresh_breakout,801130.SI,纺织服饰,107,5,0.04672897196261682,0.05,2,3,0,20260626
20260703,fresh_breakout,801140.SI,轻工制造,168,3,0.017857142857142856,0.03,3,0,0,20260626
20260703,fresh_breakout,801150.SI,医药生物,504,13,0.025793650793650792,0.13,9,4,1,20260626
20260703,fresh_breakout,801160.SI,公用事业,132,1,0.007575757575757576,0.01,1,0,1,20260626
20260703,fresh_breakout,801170.SI,交通运输,128,3,0.0234375,0.03,1,2,0,20260626
20260703,fresh_breakout,801180.SI,房地产,99,2,0.020202020202020204,0.02,2,0,0,20260626
20260703,fresh_breakout,801200.SI,商贸零售,98,2,0.02040816326530612,0.02,2,0,0,20260626
20260703,fresh_breakout,801210.SI,社会服务,83,0,0.0,0.0,0,0,1,20260626
20260703,fresh_breakout,801230.SI,综合,15,0,0.0,0.0,0,0,0,20260626
20260703,fresh_breakout,801710.SI,建筑材料,76,2,0.02631578947368421,0.02,2,0,1,20260626
20260703,fresh_breakout,801720.SI,建筑装饰,162,3,0.018518518518518517,0.03,2,1,1,20260626
20260703,fresh_breakout,801730.SI,电力设备,402,2,0.004975124378109453,0.02,1,1,1,20260626
20260703,fresh_breakout,801740.SI,国防军工,141,1,0.0070921985815602835,0.01,1,0,2,20260626
20260703,fresh_breakout,801750.SI,计算机,357,1,0.0028011204481792717,0.01,1,0,0,20260626
20260703,fresh_breakout,801760.SI,传媒,131,0,0.0,0.0,0,0,1,20260626
20260703,fresh_breakout,801770.SI,通信,127,1,0.007874015748031496,0.01,1,0,4,20260626
20260703,fresh_breakout,801780.SI,银行,42,0,0.0,0.0,0,0,0,20260626
20260703,fresh_breakout,801790.SI,非银金融,81,4,0.04938271604938271,0.04,2,2,5,20260626
20260703,fresh_breakout,801880.SI,汽车,315,2,0.006349206349206349,0.02,2,0,2,20260626
20260703,fresh_breakout,801890.SI,机械设备,595,13,0.021848739495798318,0.13,12,1,3,20260626
20260703,fresh_breakout,801950.SI,煤炭,37,2,0.05405405405405406,0.02,1,1,0,20260626
20260703,fresh_breakout,801960.SI,石油石化,48,1,0.020833333333333332,0.01,1,0,0,20260626
20260703,fresh_breakout,801970.SI,环保,136,4,0.029411764705882353,0.04,2,2,1,20260626
20260703,fresh_breakout,801980.SI,美容护理,31,1,0.03225806451612903,0.01,1,0,0,20260626
20260706,fresh_breakout,801010.SI,农林牧渔,114,0,0.0,0.0,0,0,2,20260629
20260706,fresh_breakout,801030.SI,基础化工,441,6,0.013605442176870748,0.06,4,2,13,20260629
20260706,fresh_breakout,801040.SI,钢铁,44,0,0.0,0.0,0,0,1,20260629
20260706,fresh_breakout,801050.SI,有色金属,145,2,0.013793103448275862,0.02,1,1,6,20260629
20260706,fresh_breakout,801080.SI,电子,501,15,0.029940119760479042,0.15,9,6,21,20260629
20260706,fresh_breakout,801110.SI,家用电器,103,2,0.019417475728155338,0.02,1,1,0,20260629
20260706,fresh_breakout,801120.SI,食品饮料,126,0,0.0,0.0,0,0,1,20260629
20260706,fresh_breakout,801130.SI,纺织服饰,107,4,0.037383177570093455,0.04,2,2,1,20260629
20260706,fresh_breakout,801140.SI,轻工制造,168,4,0.023809523809523808,0.04,2,2,0,20260629
20260706,fresh_breakout,801150.SI,医药生物,504,21,0.041666666666666664,0.21,15,6,3,20260629
20260706,fresh_breakout,801160.SI,公用事业,132,1,0.007575757575757576,0.01,0,1,1,20260629
20260706,fresh_breakout,801170.SI,交通运输,128,3,0.0234375,0.03,1,2,0,20260629
20260706,fresh_breakout,801180.SI,房地产,99,2,0.020202020202020204,0.02,2,0,0,20260629
20260706,fresh_breakout,801200.SI,商贸零售,98,2,0.02040816326530612,0.02,2,0,0,20260629
20260706,fresh_breakout,801210.SI,社会服务,83,1,0.012048192771084338,0.01,1,0,0,20260629
20260706,fresh_breakout,801230.SI,综合,15,0,0.0,0.0,0,0,0,20260629
20260706,fresh_breakout,801710.SI,建筑材料,76,1,0.013157894736842105,0.01,1,0,2,20260629
20260706,fresh_breakout,801720.SI,建筑装饰,162,3,0.018518518518518517,0.03,2,1,1,20260629
20260706,fresh_breakout,801730.SI,电力设备,401,1,0.0024937655860349127,0.01,1,0,2,20260629
20260706,fresh_breakout,801740.SI,国防军工,141,1,0.0070921985815602835,0.01,1,0,1,20260629
20260706,fresh_breakout,801750.SI,计算机,357,2,0.0056022408963585435,0.02,1,1,0,20260629
20260706,fresh_breakout,801760.SI,传媒,131,0,0.0,0.0,0,0,1,20260629
20260706,fresh_breakout,801770.SI,通信,127,1,0.007874015748031496,0.01,1,0,1,20260629
20260706,fresh_breakout,801780.SI,银行,42,0,0.0,0.0,0,0,0,20260629
20260706,fresh_breakout,801790.SI,非银金融,81,5,0.06172839506172839,0.05,3,2,5,20260629
20260706,fresh_breakout,801880.SI,汽车,315,1,0.0031746031746031746,0.01,1,0,2,20260629
20260706,fresh_breakout,801890.SI,机械设备,595,15,0.025210084033613446,0.15,14,1,2,20260629
20260706,fresh_breakout,801950.SI,煤炭,37,2,0.05405405405405406,0.02,1,1,0,20260629
20260706,fresh_breakout,801960.SI,石油石化,48,1,0.020833333333333332,0.01,0,1,0,20260629
20260706,fresh_breakout,801970.SI,环保,136,3,0.022058823529411766,0.03,1,2,2,20260629
20260706,fresh_breakout,801980.SI,美容护理,31,1,0.03225806451612903,0.01,1,0,0,20260629
20260707,fresh_breakout,801010.SI,农林牧渔,114,1,0.008771929824561403,0.01,0,1,1,20260630
20260707,fresh_breakout,801030.SI,基础化工,440,4,0.00909090909090909,0.04,2,2,12,20260630
20260707,fresh_breakout,801040.SI,钢铁,44,0,0.0,0.0,0,0,1,20260630
20260707,fresh_breakout,801050.SI,有色金属,145,3,0.020689655172413793,0.03,2,1,4,20260630
20260707,fresh_breakout,801080.SI,电子,501,14,0.027944111776447105,0.14,10,4,24,20260630
20260707,fresh_breakout,801110.SI,家用电器,103,2,0.019417475728155338,0.02,1,1,0,20260630
20260707,fresh_breakout,801120.SI,食品饮料,126,0,0.0,0.0,0,0,0,20260630
20260707,fresh_breakout,801130.SI,纺织服饰,108,4,0.037037037037037035,0.04,2,2,1,20260630
20260707,fresh_breakout,801140.SI,轻工制造,168,4,0.023809523809523808,0.04,2,2,1,20260630
20260707,fresh_breakout,801150.SI,医药生物,504,20,0.03968253968253968,0.2,16,4,3,20260630
20260707,fresh_breakout,801160.SI,公用事业,132,1,0.007575757575757576,0.01,0,1,0,20260630
20260707,fresh_breakout,801170.SI,交通运输,128,4,0.03125,0.04,1,3,0,20260630
20260707,fresh_breakout,801180.SI,房地产,99,3,0.030303030303030304,0.03,2,1,0,20260630
20260707,fresh_breakout,801200.SI,商贸零售,98,1,0.01020408163265306,0.01,0,1,0,20260630
20260707,fresh_breakout,801210.SI,社会服务,83,0,0.0,0.0,0,0,0,20260630
20260707,fresh_breakout,801230.SI,综合,15,0,0.0,0.0,0,0,0,20260630
20260707,fresh_breakout,801710.SI,建筑材料,76,1,0.013157894736842105,0.01,0,1,2,20260630
20260707,fresh_breakout,801720.SI,建筑装饰,162,5,0.030864197530864196,0.05,3,2,3,20260630
20260707,fresh_breakout,801730.SI,电力设备,401,1,0.0024937655860349127,0.01,1,0,1,20260630
20260707,fresh_breakout,801740.SI,国防军工,141,2,0.014184397163120567,0.02,2,0,1,20260630
20260707,fresh_breakout,801750.SI,计算机,357,2,0.0056022408963585435,0.02,1,1,1,20260630
20260707,fresh_breakout,801760.SI,传媒,131,0,0.0,0.0,0,0,1,20260630
20260707,fresh_breakout,801770.SI,通信,127,1,0.007874015748031496,0.01,1,0,0,20260630
20260707,fresh_breakout,801780.SI,银行,42,0,0.0,0.0,0,0,0,20260630
20260707,fresh_breakout,801790.SI,非银金融,81,5,0.06172839506172839,0.05,3,2,3,20260630
20260707,fresh_breakout,801880.SI,汽车,315,1,0.0031746031746031746,0.01,1,0,2,20260630
20260707,fresh_breakout,801890.SI,机械设备,595,15,0.025210084033613446,0.15,13,2,2,20260630
20260707,fresh_breakout,801950.SI,煤炭,37,1,0.02702702702702703,0.01,1,0,1,20260630
20260707,fresh_breakout,801960.SI,石油石化,48,1,0.020833333333333332,0.01,0,1,0,20260630
20260707,fresh_breakout,801970.SI,环保,136,3,0.022058823529411766,0.03,2,1,3,20260630
20260707,fresh_breakout,801980.SI,美容护理,31,1,0.03225806451612903,0.01,1,0,0,20260630
20260708,fresh_breakout,801010.SI,农林牧渔,114,1,0.008771929824561403,0.01,0,1,0,20260701
20260708,fresh_breakout,801030.SI,基础化工,440,3,0.006818181818181818,0.03,3,0,12,20260701
20260708,fresh_breakout,801040.SI,钢铁,44,0,0.0,0.0,0,0,0,20260701
20260708,fresh_breakout,801050.SI,有色金属,145,4,0.027586206896551724,0.04,3,1,1,20260701
20260708,fresh_breakout,801080.SI,电子,501,11,0.021956087824351298,0.11,6,5,25,20260701
20260708,fresh_breakout,801110.SI,家用电器,103,3,0.02912621359223301,0.03,2,1,0,20260701
20260708,fresh_breakout,801120.SI,食品饮料,126,0,0.0,0.0,0,0,0,20260701
20260708,fresh_breakout,801130.SI,纺织服饰,108,4,0.037037037037037035,0.04,2,2,0,20260701
20260708,fresh_breakout,801140.SI,轻工制造,168,3,0.017857142857142856,0.03,1,2,1,20260701
20260708,fresh_breakout,801150.SI,医药生物,503,24,0.04771371769383698,0.24,19,5,3,20260701
20260708,fresh_breakout,801160.SI,公用事业,132,1,0.007575757575757576,0.01,0,1,0,20260701
20260708,fresh_breakout,801170.SI,交通运输,128,4,0.03125,0.04,1,3,0,20260701
20260708,fresh_breakout,801180.SI,房地产,99,2,0.020202020202020204,0.02,0,2,0,20260701
20260708,fresh_breakout,801200.SI,商贸零售,98,1,0.01020408163265306,0.01,0,1,0,20260701
20260708,fresh_breakout,801210.SI,社会服务,84,0,0.0,0.0,0,0,0,20260701
20260708,fresh_breakout,801230.SI,综合,15,0,0.0,0.0,0,0,0,20260701
20260708,fresh_breakout,801710.SI,建筑材料,76,1,0.013157894736842105,0.01,0,1,2,20260701
20260708,fresh_breakout,801720.SI,建筑装饰,162,3,0.018518518518518517,0.03,2,1,2,20260701
20260708,fresh_breakout,801730.SI,电力设备,401,2,0.004987531172069825,0.02,1,1,1,20260701
20260708,fresh_breakout,801740.SI,国防军工,141,3,0.02127659574468085,0.03,2,1,0,20260701
20260708,fresh_breakout,801750.SI,计算机,357,2,0.0056022408963585435,0.02,1,1,1,20260701
20260708,fresh_breakout,801760.SI,传媒,131,0,0.0,0.0,0,0,1,20260701
20260708,fresh_breakout,801770.SI,通信,127,2,0.015748031496062992,0.02,2,0,0,20260701
20260708,fresh_breakout,801780.SI,银行,42,0,0.0,0.0,0,0,0,20260701
20260708,fresh_breakout,801790.SI,非银金融,81,4,0.04938271604938271,0.04,2,2,4,20260701
20260708,fresh_breakout,801880.SI,汽车,315,2,0.006349206349206349,0.02,2,0,1,20260701
20260708,fresh_breakout,801890.SI,机械设备,597,15,0.02512562814070352,0.15,11,4,5,20260701
20260708,fresh_breakout,801950.SI,煤炭,37,1,0.02702702702702703,0.01,1,0,1,20260701
20260708,fresh_breakout,801960.SI,石油石化,48,1,0.020833333333333332,0.01,0,1,0,20260701
20260708,fresh_breakout,801970.SI,环保,136,2,0.014705882352941176,0.02,1,1,3,20260701
20260708,fresh_breakout,801980.SI,美容护理,31,1,0.03225806451612903,0.01,1,0,0,20260701
20260709,fresh_breakout,801010.SI,农林牧渔,114,1,0.008771929824561403,0.01,0,1,0,20260702
20260709,fresh_breakout,801030.SI,基础化工,440,5,0.011363636363636364,0.05,4,1,11,20260702
20260709,fresh_breakout,801040.SI,钢铁,44,0,0.0,0.0,0,0,0,20260702
20260709,fresh_breakout,801050.SI,有色金属,145,3,0.020689655172413793,0.03,3,0,1,20260702
20260709,fresh_breakout,801080.SI,电子,501,19,0.03792415169660679,0.19,13,6,16,20260702
20260709,fresh_breakout,801110.SI,家用电器,103,2,0.019417475728155338,0.02,2,0,1,20260702
20260709,fresh_breakout,801120.SI,食品饮料,126,0,0.0,0.0,0,0,0,20260702
20260709,fresh_breakout,801130.SI,纺织服饰,108,3,0.027777777777777776,0.03,2,1,3,20260702
20260709,fresh_breakout,801140.SI,轻工制造,168,3,0.017857142857142856,0.03,1,2,1,20260702
20260709,fresh_breakout,801150.SI,医药生物,503,23,0.04572564612326044,0.23,16,7,5,20260702
20260709,fresh_breakout,801160.SI,公用事业,133,1,0.007518796992481203,0.01,0,1,0,20260702
20260709,fresh_breakout,801170.SI,交通运输,128,4,0.03125,0.04,1,3,0,20260702
20260709,fresh_breakout,801180.SI,房地产,99,2,0.020202020202020204,0.02,0,2,0,20260702
20260709,fresh_breakout,801200.SI,商贸零售,98,1,0.01020408163265306,0.01,0,1,1,20260702
20260709,fresh_breakout,801210.SI,社会服务,84,0,0.0,0.0,0,0,1,20260702
20260709,fresh_breakout,801230.SI,综合,15,0,0.0,0.0,0,0,0,20260702
20260709,fresh_breakout,801710.SI,建筑材料,76,1,0.013157894736842105,0.01,1,0,3,20260702
20260709,fresh_breakout,801720.SI,建筑装饰,162,3,0.018518518518518517,0.03,2,1,2,20260702
20260709,fresh_breakout,801730.SI,电力设备,401,1,0.0024937655860349127,0.01,0,1,1,20260702
20260709,fresh_breakout,801740.SI,国防军工,141,3,0.02127659574468085,0.03,1,2,0,20260702
20260709,fresh_breakout,801750.SI,计算机,358,2,0.00558659217877095,0.02,1,1,0,20260702
20260709,fresh_breakout,801760.SI,传媒,131,0,0.0,0.0,0,0,0,20260702
20260709,fresh_breakout,801770.SI,通信,127,2,0.015748031496062992,0.02,2,0,0,20260702
20260709,fresh_breakout,801780.SI,银行,42,0,0.0,0.0,0,0,0,20260702
20260709,fresh_breakout,801790.SI,非银金融,81,2,0.024691358024691357,0.02,1,1,3,20260702
20260709,fresh_breakout,801880.SI,汽车,315,2,0.006349206349206349,0.02,1,1,1,20260702
20260709,fresh_breakout,801890.SI,机械设备,597,14,0.023450586264656615,0.14,10,4,8,20260702
20260709,fresh_breakout,801950.SI,煤炭,37,0,0.0,0.0,0,0,1,20260702
20260709,fresh_breakout,801960.SI,石油石化,48,0,0.0,0.0,0,0,1,20260702
20260709,fresh_breakout,801970.SI,环保,136,2,0.014705882352941176,0.02,2,0,4,20260702
20260709,fresh_breakout,801980.SI,美容护理,31,1,0.03225806451612903,0.01,1,0,0,20260702
20260710,fresh_breakout,801010.SI,农林牧渔,114,1,0.008771929824561403,0.01,1,0,0,20260703
20260710,fresh_breakout,801030.SI,基础化工,440,5,0.011363636363636364,0.05,4,1,8,20260703
20260710,fresh_breakout,801040.SI,钢铁,44,0,0.0,0.0,0,0,0,20260703
20260710,fresh_breakout,801050.SI,有色金属,145,1,0.006896551724137931,0.01,1,0,2,20260703
20260710,fresh_breakout,801080.SI,电子,501,19,0.03792415169660679,0.19,12,7,15,20260703
20260710,fresh_breakout,801110.SI,家用电器,102,2,0.0196078431372549,0.02,2,0,1,20260703
20260710,fresh_breakout,801120.SI,食品饮料,126,0,0.0,0.0,0,0,0,20260703
20260710,fresh_breakout,801130.SI,纺织服饰,108,2,0.018518518518518517,0.02,1,1,4,20260703
20260710,fresh_breakout,801140.SI,轻工制造,168,3,0.017857142857142856,0.03,2,1,2,20260703
20260710,fresh_breakout,801150.SI,医药生物,503,24,0.04771371769383698,0.24,16,8,5,20260703
20260710,fresh_breakout,801160.SI,公用事业,133,1,0.007518796992481203,0.01,0,1,0,20260703
20260710,fresh_breakout,801170.SI,交通运输,128,4,0.03125,0.04,1,3,0,20260703
20260710,fresh_breakout,801180.SI,房地产,99,1,0.010101010101010102,0.01,0,1,1,20260703
20260710,fresh_breakout,801200.SI,商贸零售,98,1,0.01020408163265306,0.01,0,1,1,20260703
20260710,fresh_breakout,801210.SI,社会服务,84,0,0.0,0.0,0,0,0,20260703
20260710,fresh_breakout,801230.SI,综合,15,0,0.0,0.0,0,0,0,20260703
20260710,fresh_breakout,801710.SI,建筑材料,76,1,0.013157894736842105,0.01,1,0,2,20260703
20260710,fresh_breakout,801720.SI,建筑装饰,162,3,0.018518518518518517,0.03,2,1,2,20260703
20260710,fresh_breakout,801730.SI,电力设备,401,1,0.0024937655860349127,0.01,0,1,1,20260703
20260710,fresh_breakout,801740.SI,国防军工,141,3,0.02127659574468085,0.03,2,1,0,20260703
20260710,fresh_breakout,801750.SI,计算机,358,5,0.013966480446927373,0.05,4,1,0,20260703
20260710,fresh_breakout,801760.SI,传媒,131,0,0.0,0.0,0,0,0,20260703
20260710,fresh_breakout,801770.SI,通信,127,2,0.015748031496062992,0.02,1,1,0,20260703
20260710,fresh_breakout,801780.SI,银行,42,0,0.0,0.0,0,0,0,20260703
20260710,fresh_breakout,801790.SI,非银金融,81,0,0.0,0.0,0,0,4,20260703
20260710,fresh_breakout,801880.SI,汽车,315,3,0.009523809523809525,0.03,2,1,1,20260703
20260710,fresh_breakout,801890.SI,机械设备,597,12,0.020100502512562814,0.12,8,4,9,20260703
20260710,fresh_breakout,801950.SI,煤炭,37,0,0.0,0.0,0,0,2,20260703
20260710,fresh_breakout,801960.SI,石油石化,48,1,0.020833333333333332,0.01,1,0,1,20260703
20260710,fresh_breakout,801970.SI,环保,136,3,0.022058823529411766,0.03,3,0,4,20260703
20260710,fresh_breakout,801980.SI,美容护理,31,2,0.06451612903225806,0.02,1,1,0,20260703
20260713,fresh_breakout,801010.SI,农林牧渔,114,0,0.0,0.0,0,0,0,20260706
20260713,fresh_breakout,801030.SI,基础化工,441,5,0.011337868480725623,0.05,4,1,5,20260706
20260713,fresh_breakout,801040.SI,钢铁,44,0,0.0,0.0,0,0,0,20260706
20260713,fresh_breakout,801050.SI,有色金属,145,1,0.006896551724137931,0.01,1,0,2,20260706
20260713,fresh_breakout,801080.SI,电子,503,19,0.03777335984095427,0.19,13,6,9,20260706
20260713,fresh_breakout,801110.SI,家用电器,101,2,0.019801980198019802,0.02,1,1,1,20260706
20260713,fresh_breakout,801120.SI,食品饮料,126,0,0.0,0.0,0,0,0,20260706
20260713,fresh_breakout,801130.SI,纺织服饰,108,3,0.027777777777777776,0.03,0,3,1,20260706
20260713,fresh_breakout,801140.SI,轻工制造,168,3,0.017857142857142856,0.03,2,1,3,20260706
20260713,fresh_breakout,801150.SI,医药生物,503,25,0.04970178926441352,0.25,13,12,9,20260706
20260713,fresh_breakout,801160.SI,公用事业,133,1,0.007518796992481203,0.01,0,1,0,20260706
20260713,fresh_breakout,801170.SI,交通运输,128,3,0.0234375,0.03,1,2,1,20260706
20260713,fresh_breakout,801180.SI,房地产,99,0,0.0,0.0,0,0,2,20260706
20260713,fresh_breakout,801200.SI,商贸零售,98,1,0.01020408163265306,0.01,0,1,1,20260706
20260713,fresh_breakout,801210.SI,社会服务,84,0,0.0,0.0,0,0,1,20260706
20260713,fresh_breakout,801230.SI,综合,15,0,0.0,0.0,0,0,0,20260706
20260713,fresh_breakout,801710.SI,建筑材料,76,1,0.013157894736842105,0.01,1,0,1,20260706
20260713,fresh_breakout,801720.SI,建筑装饰,162,3,0.018518518518518517,0.03,2,1,2,20260706
20260713,fresh_breakout,801730.SI,电力设备,402,1,0.0024875621890547263,0.01,0,1,0,20260706
20260713,fresh_breakout,801740.SI,国防军工,141,3,0.02127659574468085,0.03,2,1,0,20260706
20260713,fresh_breakout,801750.SI,计算机,358,5,0.013966480446927373,0.05,4,1,1,20260706
20260713,fresh_breakout,801760.SI,传媒,131,1,0.007633587786259542,0.01,1,0,0,20260706
20260713,fresh_breakout,801770.SI,通信,127,4,0.031496062992125984,0.04,3,1,0,20260706
20260713,fresh_breakout,801780.SI,银行,42,0,0.0,0.0,0,0,0,20260706
20260713,fresh_breakout,801790.SI,非银金融,81,1,0.012345679012345678,0.01,1,0,5,20260706
20260713,fresh_breakout,801880.SI,汽车,315,3,0.009523809523809525,0.03,2,1,0,20260706
20260713,fresh_breakout,801890.SI,机械设备,598,8,0.013377926421404682,0.08,4,4,11,20260706
20260713,fresh_breakout,801950.SI,煤炭,37,0,0.0,0.0,0,0,2,20260706
20260713,fresh_breakout,801960.SI,石油石化,48,1,0.020833333333333332,0.01,1,0,1,20260706
20260713,fresh_breakout,801970.SI,环保,136,3,0.022058823529411766,0.03,3,0,3,20260706
20260713,fresh_breakout,801980.SI,美容护理,31,3,0.0967741935483871,0.03,2,1,0,20260706
20260714,fresh_breakout,801010.SI,农林牧渔,114,0,0.0,0.0,0,0,1,20260707
20260714,fresh_breakout,801030.SI,基础化工,442,5,0.011312217194570135,0.05,3,2,2,20260707
20260714,fresh_breakout,801040.SI,钢铁,44,0,0.0,0.0,0,0,0,20260707
20260714,fresh_breakout,801050.SI,有色金属,145,1,0.006896551724137931,0.01,1,0,3,20260707
20260714,fresh_breakout,801080.SI,电子,502,15,0.029880478087649404,0.15,9,6,8,20260707
20260714,fresh_breakout,801110.SI,家用电器,102,2,0.0196078431372549,0.02,1,1,1,20260707
20260714,fresh_breakout,801120.SI,食品饮料,126,0,0.0,0.0,0,0,0,20260707
20260714,fresh_breakout,801130.SI,纺织服饰,108,2,0.018518518518518517,0.02,1,1,3,20260707
20260714,fresh_breakout,801140.SI,轻工制造,168,2,0.011904761904761904,0.02,1,1,3,20260707
20260714,fresh_breakout,801150.SI,医药生物,503,34,0.06759443339960239,0.34,20,14,6,20260707
20260714,fresh_breakout,801160.SI,公用事业,133,1,0.007518796992481203,0.01,0,1,0,20260707
20260714,fresh_breakout,801170.SI,交通运输,128,3,0.0234375,0.03,1,2,2,20260707
20260714,fresh_breakout,801180.SI,房地产,99,1,0.010101010101010102,0.01,1,0,3,20260707
20260714,fresh_breakout,801200.SI,商贸零售,98,1,0.01020408163265306,0.01,0,1,0,20260707
20260714,fresh_breakout,801210.SI,社会服务,84,0,0.0,0.0,0,0,0,20260707
20260714,fresh_breakout,801230.SI,综合,15,0,0.0,0.0,0,0,0,20260707
20260714,fresh_breakout,801710.SI,建筑材料,76,0,0.0,0.0,0,0,1,20260707
20260714,fresh_breakout,801720.SI,建筑装饰,162,2,0.012345679012345678,0.02,1,1,4,20260707
20260714,fresh_breakout,801730.SI,电力设备,402,0,0.0,0.0,0,0,1,20260707
20260714,fresh_breakout,801740.SI,国防军工,141,2,0.014184397163120567,0.02,1,1,1,20260707
20260714,fresh_breakout,801750.SI,计算机,357,6,0.01680672268907563,0.06,5,1,1,20260707
20260714,fresh_breakout,801760.SI,传媒,131,1,0.007633587786259542,0.01,1,0,0,20260707
20260714,fresh_breakout,801770.SI,通信,127,4,0.031496062992125984,0.04,3,1,0,20260707
20260714,fresh_breakout,801780.SI,银行,42,0,0.0,0.0,0,0,0,20260707
20260714,fresh_breakout,801790.SI,非银金融,81,1,0.012345679012345678,0.01,1,0,5,20260707
20260714,fresh_breakout,801880.SI,汽车,315,4,0.012698412698412698,0.04,3,1,0,20260707
20260714,fresh_breakout,801890.SI,机械设备,599,6,0.01001669449081803,0.06,4,2,13,20260707
20260714,fresh_breakout,801950.SI,煤炭,37,0,0.0,0.0,0,0,1,20260707
20260714,fresh_breakout,801960.SI,石油石化,48,1,0.020833333333333332,0.01,1,0,1,20260707
20260714,fresh_breakout,801970.SI,环保,136,3,0.022058823529411766,0.03,2,1,2,20260707
20260714,fresh_breakout,801980.SI,美容护理,31,3,0.0967741935483871,0.03,2,1,0,20260707
20260715,fresh_breakout,801010.SI,农林牧渔,114,0,0.0,0.0,0,0,1,20260708
20260715,fresh_breakout,801030.SI,基础化工,442,5,0.011312217194570135,0.05,3,2,1,20260708
20260715,fresh_breakout,801040.SI,钢铁,44,0,0.0,0.0,0,0,0,20260708
20260715,fresh_breakout,801050.SI,有色金属,145,1,0.006896551724137931,0.01,0,1,3,20260708
20260715,fresh_breakout,801080.SI,电子,502,11,0.021912350597609563,0.11,6,5,6,20260708
20260715,fresh_breakout,801110.SI,家用电器,102,2,0.0196078431372549,0.02,1,1,2,20260708
20260715,fresh_breakout,801120.SI,食品饮料,126,0,0.0,0.0,0,0,0,20260708
20260715,fresh_breakout,801130.SI,纺织服饰,108,2,0.018518518518518517,0.02,1,1,3,20260708
20260715,fresh_breakout,801140.SI,轻工制造,168,2,0.011904761904761904,0.02,1,1,2,20260708
20260715,fresh_breakout,801150.SI,医药生物,503,46,0.09145129224652088,0.46,27,19,5,20260708
20260715,fresh_breakout,801160.SI,公用事业,133,0,0.0,0.0,0,0,1,20260708
20260715,fresh_breakout,801170.SI,交通运输,128,1,0.0078125,0.01,1,0,4,20260708
20260715,fresh_breakout,801180.SI,房地产,99,1,0.010101010101010102,0.01,1,0,2,20260708
20260715,fresh_breakout,801200.SI,商贸零售,98,1,0.01020408163265306,0.01,0,1,0,20260708
20260715,fresh_breakout,801210.SI,社会服务,84,0,0.0,0.0,0,0,0,20260708
20260715,fresh_breakout,801230.SI,综合,15,0,0.0,0.0,0,0,0,20260708
20260715,fresh_breakout,801710.SI,建筑材料,76,0,0.0,0.0,0,0,1,20260708
20260715,fresh_breakout,801720.SI,建筑装饰,162,2,0.012345679012345678,0.02,1,1,2,20260708
20260715,fresh_breakout,801730.SI,电力设备,403,0,0.0,0.0,0,0,2,20260708
20260715,fresh_breakout,801740.SI,国防军工,141,1,0.0070921985815602835,0.01,1,0,3,20260708
20260715,fresh_breakout,801750.SI,计算机,357,5,0.014005602240896359,0.05,4,1,1,20260708
20260715,fresh_breakout,801760.SI,传媒,131,1,0.007633587786259542,0.01,1,0,0,20260708
20260715,fresh_breakout,801770.SI,通信,127,3,0.023622047244094488,0.03,1,2,0,20260708
20260715,fresh_breakout,801780.SI,银行,42,1,0.023809523809523808,0.01,1,0,0,20260708
20260715,fresh_breakout,801790.SI,非银金融,81,2,0.024691358024691357,0.02,1,1,3,20260708
20260715,fresh_breakout,801880.SI,汽车,315,2,0.006349206349206349,0.02,1,1,1,20260708
20260715,fresh_breakout,801890.SI,机械设备,599,5,0.008347245409015025,0.05,2,3,12,20260708
20260715,fresh_breakout,801950.SI,煤炭,37,0,0.0,0.0,0,0,1,20260708
20260715,fresh_breakout,801960.SI,石油石化,48,1,0.020833333333333332,0.01,1,0,1,20260708
20260715,fresh_breakout,801970.SI,环保,136,2,0.014705882352941176,0.02,1,1,1,20260708
20260715,fresh_breakout,801980.SI,美容护理,31,3,0.0967741935483871,0.03,2,1,0,20260708
20260716,fresh_breakout,801010.SI,农林牧渔,114,1,0.008771929824561403,0.01,1,0,1,20260709
20260716,fresh_breakout,801030.SI,基础化工,442,3,0.006787330316742082,0.03,2,1,4,20260709
20260716,fresh_breakout,801040.SI,钢铁,44,0,0.0,0.0,0,0,0,20260709
20260716,fresh_breakout,801050.SI,有色金属,145,1,0.006896551724137931,0.01,0,1,2,20260709
20260716,fresh_breakout,801080.SI,电子,502,7,0.013944223107569721,0.07,2,5,14,20260709
20260716,fresh_breakout,801110.SI,家用电器,102,2,0.0196078431372549,0.02,0,2,0,20260709
20260716,fresh_breakout,801120.SI,食品饮料,126,0,0.0,0.0,0,0,0,20260709
20260716,fresh_breakout,801130.SI,纺织服饰,108,1,0.009259259259259259,0.01,0,1,2,20260709
20260716,fresh_breakout,801140.SI,轻工制造,168,2,0.011904761904761904,0.02,1,1,2,20260709
20260716,fresh_breakout,801150.SI,医药生物,502,58,0.11553784860557768,0.58,39,19,4,20260709
20260716,fresh_breakout,801160.SI,公用事业,133,0,0.0,0.0,0,0,1,20260709
20260716,fresh_breakout,801170.SI,交通运输,128,1,0.0078125,0.01,1,0,4,20260709
20260716,fresh_breakout,801180.SI,房地产,99,1,0.010101010101010102,0.01,1,0,2,20260709
20260716,fresh_breakout,801200.SI,商贸零售,98,0,0.0,0.0,0,0,1,20260709
20260716,fresh_breakout,801210.SI,社会服务,84,0,0.0,0.0,0,0,0,20260709
20260716,fresh_breakout,801230.SI,综合,15,0,0.0,0.0,0,0,0,20260709
20260716,fresh_breakout,801710.SI,建筑材料,76,0,0.0,0.0,0,0,1,20260709
20260716,fresh_breakout,801720.SI,建筑装饰,162,2,0.012345679012345678,0.02,0,2,1,20260709
20260716,fresh_breakout,801730.SI,电力设备,404,0,0.0,0.0,0,0,1,20260709
20260716,fresh_breakout,801740.SI,国防军工,140,0,0.0,0.0,0,0,3,20260709
20260716,fresh_breakout,801750.SI,计算机,357,4,0.011204481792717087,0.04,3,1,1,20260709
20260716,fresh_breakout,801760.SI,传媒,131,1,0.007633587786259542,0.01,1,0,0,20260709
20260716,fresh_breakout,801770.SI,通信,127,2,0.015748031496062992,0.02,1,1,1,20260709
20260716,fresh_breakout,801780.SI,银行,42,1,0.023809523809523808,0.01,1,0,0,20260709
20260716,fresh_breakout,801790.SI,非银金融,81,2,0.024691358024691357,0.02,1,1,1,20260709
20260716,fresh_breakout,801880.SI,汽车,315,3,0.009523809523809525,0.03,2,1,1,20260709
20260716,fresh_breakout,801890.SI,机械设备,599,2,0.00333889816360601,0.02,1,1,13,20260709
20260716,fresh_breakout,801950.SI,煤炭,37,0,0.0,0.0,0,0,0,20260709
20260716,fresh_breakout,801960.SI,石油石化,48,1,0.020833333333333332,0.01,1,0,0,20260709
20260716,fresh_breakout,801970.SI,环保,136,2,0.014705882352941176,0.02,1,1,1,20260709
20260716,fresh_breakout,801980.SI,美容护理,31,3,0.0967741935483871,0.03,2,1,0,20260709
20260717,fresh_breakout,801010.SI,农林牧渔,114,1,0.008771929824561403,0.01,1,0,1,20260710
20260717,fresh_breakout,801030.SI,基础化工,442,3,0.006787330316742082,0.03,2,1,4,20260710
20260717,fresh_breakout,801040.SI,钢铁,44,0,0.0,0.0,0,0,0,20260710
20260717,fresh_breakout,801050.SI,有色金属,145,1,0.006896551724137931,0.01,0,1,0,20260710
20260717,fresh_breakout,801080.SI,电子,502,4,0.00796812749003984,0.04,1,3,16,20260710
20260717,fresh_breakout,801110.SI,家用电器,103,4,0.038834951456310676,0.04,2,2,0,20260710
20260717,fresh_breakout,801120.SI,食品饮料,126,2,0.015873015873015872,0.02,2,0,0,20260710
20260717,fresh_breakout,801130.SI,纺织服饰,107,0,0.0,0.0,0,0,2,20260710
20260717,fresh_breakout,801140.SI,轻工制造,168,3,0.017857142857142856,0.03,1,2,1,20260710
20260717,fresh_breakout,801150.SI,医药生物,501,56,0.11177644710578842,0.56,37,19,5,20260710
20260717,fresh_breakout,801160.SI,公用事业,133,1,0.007518796992481203,0.01,1,0,1,20260710
20260717,fresh_breakout,801170.SI,交通运输,128,1,0.0078125,0.01,1,0,4,20260710
20260717,fresh_breakout,801180.SI,房地产,99,1,0.010101010101010102,0.01,1,0,1,20260710
20260717,fresh_breakout,801200.SI,商贸零售,98,0,0.0,0.0,0,0,1,20260710
20260717,fresh_breakout,801210.SI,社会服务,84,0,0.0,0.0,0,0,0,20260710
20260717,fresh_breakout,801230.SI,综合,15,0,0.0,0.0,0,0,0,20260710
20260717,fresh_breakout,801710.SI,建筑材料,76,0,0.0,0.0,0,0,1,20260710
20260717,fresh_breakout,801720.SI,建筑装饰,161,3,0.018633540372670808,0.03,1,2,1,20260710
20260717,fresh_breakout,801730.SI,电力设备,404,0,0.0,0.0,0,0,1,20260710
20260717,fresh_breakout,801740.SI,国防军工,140,0,0.0,0.0,0,0,3,20260710
20260717,fresh_breakout,801750.SI,计算机,357,2,0.0056022408963585435,0.02,0,2,3,20260710
20260717,fresh_breakout,801760.SI,传媒,131,1,0.007633587786259542,0.01,1,0,0,20260710
20260717,fresh_breakout,801770.SI,通信,127,2,0.015748031496062992,0.02,1,1,1,20260710
20260717,fresh_breakout,801780.SI,银行,42,3,0.07142857142857142,0.03,3,0,0,20260710
20260717,fresh_breakout,801790.SI,非银金融,81,2,0.024691358024691357,0.02,2,0,0,20260710
20260717,fresh_breakout,801880.SI,汽车,315,3,0.009523809523809525,0.03,3,0,3,20260710
20260717,fresh_breakout,801890.SI,机械设备,599,2,0.00333889816360601,0.02,1,1,11,20260710
20260717,fresh_breakout,801950.SI,煤炭,37,0,0.0,0.0,0,0,0,20260710
20260717,fresh_breakout,801960.SI,石油石化,48,1,0.020833333333333332,0.01,0,1,0,20260710
20260717,fresh_breakout,801970.SI,环保,136,2,0.014705882352941176,0.02,1,1,2,20260710
20260717,fresh_breakout,801980.SI,美容护理,31,2,0.06451612903225806,0.02,1,1,1,20260710
20260720,fresh_breakout,801010.SI,农林牧渔,114,1,0.008771929824561403,0.01,1,0,0,20260713
20260720,fresh_breakout,801030.SI,基础化工,442,2,0.004524886877828055,0.02,2,0,5,20260713
20260720,fresh_breakout,801040.SI,钢铁,44,0,0.0,0.0,0,0,0,20260713
20260720,fresh_breakout,801050.SI,有色金属,147,0,0.0,0.0,0,0,1,20260713
20260720,fresh_breakout,801080.SI,电子,502,3,0.00597609561752988,0.03,0,3,16,20260713
20260720,fresh_breakout,801110.SI,家用电器,103,3,0.02912621359223301,0.03,2,1,1,20260713
20260720,fresh_breakout,801120.SI,食品饮料,126,2,0.015873015873015872,0.02,2,0,0,20260713
20260720,fresh_breakout,801130.SI,纺织服饰,108,0,0.0,0.0,0,0,3,20260713
20260720,fresh_breakout,801140.SI,轻工制造,168,3,0.017857142857142856,0.03,1,2,1,20260713
20260720,fresh_breakout,801150.SI,医药生物,501,57,0.11377245508982035,0.57,41,16,9,20260713
20260720,fresh_breakout,801160.SI,公用事业,133,2,0.015037593984962405,0.02,2,0,1,20260713
20260720,fresh_breakout,801170.SI,交通运输,128,1,0.0078125,0.01,0,1,2,20260713
20260720,fresh_breakout,801180.SI,房地产,99,1,0.010101010101010102,0.01,1,0,0,20260713
20260720,fresh_breakout,801200.SI,商贸零售,98,0,0.0,0.0,0,0,1,20260713
20260720,fresh_breakout,801210.SI,社会服务,84,0,0.0,0.0,0,0,0,20260713
20260720,fresh_breakout,801230.SI,综合,15,0,0.0,0.0,0,0,0,20260713
20260720,fresh_breakout,801710.SI,建筑材料,76,0,0.0,0.0,0,0,1,20260713
20260720,fresh_breakout,801720.SI,建筑装饰,162,3,0.018518518518518517,0.03,1,2,1,20260713
20260720,fresh_breakout,801730.SI,电力设备,404,0,0.0,0.0,0,0,1,20260713
20260720,fresh_breakout,801740.SI,国防军工,140,0,0.0,0.0,0,0,3,20260713
20260720,fresh_breakout,801750.SI,计算机,357,2,0.0056022408963585435,0.02,0,2,3,20260713
20260720,fresh_breakout,801760.SI,传媒,131,2,0.015267175572519083,0.02,2,0,1,20260713
20260720,fresh_breakout,801770.SI,通信,127,2,0.015748031496062992,0.02,0,2,2,20260713
20260720,fresh_breakout,801780.SI,银行,42,4,0.09523809523809523,0.04,4,0,0,20260713
20260720,fresh_breakout,801790.SI,非银金融,81,2,0.024691358024691357,0.02,1,1,0,20260713
20260720,fresh_breakout,801880.SI,汽车,315,2,0.006349206349206349,0.02,2,0,3,20260713
20260720,fresh_breakout,801890.SI,机械设备,599,2,0.00333889816360601,0.02,1,1,7,20260713
20260720,fresh_breakout,801950.SI,煤炭,37,0,0.0,0.0,0,0,0,20260713
20260720,fresh_breakout,801960.SI,石油石化,48,2,0.041666666666666664,0.02,1,1,0,20260713
20260720,fresh_breakout,801970.SI,环保,136,2,0.014705882352941176,0.02,1,1,2,20260713
20260720,fresh_breakout,801980.SI,美容护理,31,2,0.06451612903225806,0.02,0,2,1,20260713
20260721,fresh_breakout,801010.SI,农林牧渔,114,2,0.017543859649122806,0.02,2,0,0,20260714
20260721,fresh_breakout,801030.SI,基础化工,442,2,0.004524886877828055,0.02,2,0,5,20260714
20260721,fresh_breakout,801040.SI,钢铁,44,0,0.0,0.0,0,0,0,20260714
20260721,fresh_breakout,801050.SI,有色金属,147,0,0.0,0.0,0,0,1,20260714
20260721,fresh_breakout,801080.SI,电子,502,2,0.00398406374501992,0.02,0,2,13,20260714
20260721,fresh_breakout,801110.SI,家用电器,103,4,0.038834951456310676,0.04,3,1,1,20260714
20260721,fresh_breakout,801120.SI,食品饮料,126,4,0.031746031746031744,0.04,4,0,0,20260714
20260721,fresh_breakout,801130.SI,纺织服饰,108,1,0.009259259259259259,0.01,0,1,1,20260714
20260721,fresh_breakout,801140.SI,轻工制造,168,0,0.0,0.0,0,0,2,20260714
20260721,fresh_breakout,801150.SI,医药生物,501,52,0.10379241516966067,0.52,35,17,17,20260714
20260721,fresh_breakout,801160.SI,公用事业,133,2,0.015037593984962405,0.02,2,0,1,20260714
20260721,fresh_breakout,801170.SI,交通运输,128,4,0.03125,0.04,3,1,2,20260714
20260721,fresh_breakout,801180.SI,房地产,99,1,0.010101010101010102,0.01,0,1,0,20260714
20260721,fresh_breakout,801200.SI,商贸零售,98,0,0.0,0.0,0,0,1,20260714
20260721,fresh_breakout,801210.SI,社会服务,84,0,0.0,0.0,0,0,0,20260714
20260721,fresh_breakout,801230.SI,综合,15,0,0.0,0.0,0,0,0,20260714
20260721,fresh_breakout,801710.SI,建筑材料,76,0,0.0,0.0,0,0,0,20260714
20260721,fresh_breakout,801720.SI,建筑装饰,162,3,0.018518518518518517,0.03,1,2,0,20260714
20260721,fresh_breakout,801730.SI,电力设备,404,0,0.0,0.0,0,0,0,20260714
20260721,fresh_breakout,801740.SI,国防军工,140,0,0.0,0.0,0,0,2,20260714
20260721,fresh_breakout,801750.SI,计算机,357,2,0.0056022408963585435,0.02,0,2,4,20260714
20260721,fresh_breakout,801760.SI,传媒,131,2,0.015267175572519083,0.02,2,0,1,20260714
20260721,fresh_breakout,801770.SI,通信,127,2,0.015748031496062992,0.02,0,2,2,20260714
20260721,fresh_breakout,801780.SI,银行,42,4,0.09523809523809523,0.04,4,0,0,20260714
20260721,fresh_breakout,801790.SI,非银金融,81,3,0.037037037037037035,0.03,2,1,0,20260714
20260721,fresh_breakout,801880.SI,汽车,315,2,0.006349206349206349,0.02,2,0,4,20260714
20260721,fresh_breakout,801890.SI,机械设备,599,2,0.00333889816360601,0.02,1,1,5,20260714
20260721,fresh_breakout,801950.SI,煤炭,37,0,0.0,0.0,0,0,0,20260714
20260721,fresh_breakout,801960.SI,石油石化,48,2,0.041666666666666664,0.02,1,1,0,20260714
20260721,fresh_breakout,801970.SI,环保,136,2,0.014705882352941176,0.02,1,1,2,20260714
20260721,fresh_breakout,801980.SI,美容护理,31,2,0.06451612903225806,0.02,0,2,1,20260714
20260722,fresh_breakout,801010.SI,农林牧渔,114,2,0.017543859649122806,0.02,2,0,0,20260715
20260722,fresh_breakout,801030.SI,基础化工,442,4,0.00904977375565611,0.04,3,1,4,20260715
20260722,fresh_breakout,801040.SI,钢铁,44,0,0.0,0.0,0,0,0,20260715
20260722,fresh_breakout,801050.SI,有色金属,147,0,0.0,0.0,0,0,1,20260715
20260722,fresh_breakout,801080.SI,电子,501,2,0.003992015968063872,0.02,0,2,9,20260715
20260722,fresh_breakout,801110.SI,家用电器,103,3,0.02912621359223301,0.03,3,0,2,20260715
20260722,fresh_breakout,801120.SI,食品饮料,126,5,0.03968253968253968,0.05,5,0,0,20260715
20260722,fresh_breakout,801130.SI,纺织服饰,108,3,0.027777777777777776,0.03,3,0,2,20260715
20260722,fresh_breakout,801140.SI,轻工制造,168,0,0.0,0.0,0,0,2,20260715
20260722,fresh_breakout,801150.SI,医药生物,502,46,0.09163346613545817,0.46,28,18,28,20260715
20260722,fresh_breakout,801160.SI,公用事业,133,4,0.03007518796992481,0.04,4,0,0,20260715
20260722,fresh_breakout,801170.SI,交通运输,128,5,0.0390625,0.05,4,1,0,20260715
20260722,fresh_breakout,801180.SI,房地产,99,1,0.010101010101010102,0.01,0,1,0,20260715
20260722,fresh_breakout,801200.SI,商贸零售,98,0,0.0,0.0,0,0,1,20260715
20260722,fresh_breakout,801210.SI,社会服务,84,0,0.0,0.0,0,0,0,20260715
20260722,fresh_breakout,801230.SI,综合,15,0,0.0,0.0,0,0,0,20260715
20260722,fresh_breakout,801710.SI,建筑材料,76,1,0.013157894736842105,0.01,1,0,0,20260715
20260722,fresh_breakout,801720.SI,建筑装饰,162,3,0.018518518518518517,0.03,1,2,0,20260715
20260722,fresh_breakout,801730.SI,电力设备,404,0,0.0,0.0,0,0,0,20260715
20260722,fresh_breakout,801740.SI,国防军工,140,0,0.0,0.0,0,0,1,20260715
20260722,fresh_breakout,801750.SI,计算机,357,3,0.008403361344537815,0.03,1,2,3,20260715
20260722,fresh_breakout,801760.SI,传媒,131,2,0.015267175572519083,0.02,2,0,1,20260715
20260722,fresh_breakout,801770.SI,通信,127,2,0.015748031496062992,0.02,0,2,1,20260715
20260722,fresh_breakout,801780.SI,银行,42,4,0.09523809523809523,0.04,3,1,0,20260715
20260722,fresh_breakout,801790.SI,非银金融,81,2,0.024691358024691357,0.02,1,1,1,20260715
20260722,fresh_breakout,801880.SI,汽车,315,2,0.006349206349206349,0.02,2,0,2,20260715
20260722,fresh_breakout,801890.SI,机械设备,599,1,0.001669449081803005,0.01,1,0,5,20260715
20260722,fresh_breakout,801950.SI,煤炭,37,0,0.0,0.0,0,0,0,20260715
20260722,fresh_breakout,801960.SI,石油石化,48,2,0.041666666666666664,0.02,2,0,1,20260715
20260722,fresh_breakout,801970.SI,环保,136,2,0.014705882352941176,0.02,1,1,1,20260715
20260722,fresh_breakout,801980.SI,美容护理,31,1,0.03225806451612903,0.01,0,1,2,20260715
20260723,fresh_breakout,801010.SI,农林牧渔,114,2,0.017543859649122806,0.02,1,1,0,20260716
20260723,fresh_breakout,801030.SI,基础化工,442,4,0.00904977375565611,0.04,3,1,2,20260716
20260723,fresh_breakout,801040.SI,钢铁,44,1,0.022727272727272728,0.01,1,0,0,20260716
20260723,fresh_breakout,801050.SI,有色金属,147,1,0.006802721088435374,0.01,1,0,1,20260716
20260723,fresh_breakout,801080.SI,电子,501,2,0.003992015968063872,0.02,0,2,5,20260716
20260723,fresh_breakout,801110.SI,家用电器,103,3,0.02912621359223301,0.03,3,0,2,20260716
20260723,fresh_breakout,801120.SI,食品饮料,126,5,0.03968253968253968,0.05,5,0,0,20260716
20260723,fresh_breakout,801130.SI,纺织服饰,108,2,0.018518518518518517,0.02,2,0,1,20260716
20260723,fresh_breakout,801140.SI,轻工制造,168,1,0.005952380952380952,0.01,1,0,2,20260716
20260723,fresh_breakout,801150.SI,医药生物,502,36,0.07171314741035857,0.36,14,22,36,20260716
20260723,fresh_breakout,801160.SI,公用事业,133,4,0.03007518796992481,0.04,4,0,0,20260716
20260723,fresh_breakout,801170.SI,交通运输,128,8,0.0625,0.08,7,1,0,20260716
20260723,fresh_breakout,801180.SI,房地产,99,2,0.020202020202020204,0.02,1,1,0,20260716
20260723,fresh_breakout,801200.SI,商贸零售,98,0,0.0,0.0,0,0,0,20260716
20260723,fresh_breakout,801210.SI,社会服务,84,1,0.011904761904761904,0.01,1,0,0,20260716
20260723,fresh_breakout,801230.SI,综合,15,0,0.0,0.0,0,0,0,20260716
20260723,fresh_breakout,801710.SI,建筑材料,76,1,0.013157894736842105,0.01,1,0,0,20260716
20260723,fresh_breakout,801720.SI,建筑装饰,162,2,0.012345679012345678,0.02,2,0,2,20260716
20260723,fresh_breakout,801730.SI,电力设备,404,0,0.0,0.0,0,0,0,20260716
20260723,fresh_breakout,801740.SI,国防军工,141,0,0.0,0.0,0,0,0,20260716
20260723,fresh_breakout,801750.SI,计算机,357,3,0.008403361344537815,0.03,1,2,2,20260716
20260723,fresh_breakout,801760.SI,传媒,130,2,0.015384615384615385,0.02,2,0,1,20260716
20260723,fresh_breakout,801770.SI,通信,127,3,0.023622047244094488,0.03,1,2,0,20260716
20260723,fresh_breakout,801780.SI,银行,42,3,0.07142857142857142,0.03,2,1,0,20260716
20260723,fresh_breakout,801790.SI,非银金融,81,5,0.06172839506172839,0.05,4,1,1,20260716
20260723,fresh_breakout,801880.SI,汽车,315,2,0.006349206349206349,0.02,1,1,2,20260716
20260723,fresh_breakout,801890.SI,机械设备,599,2,0.00333889816360601,0.02,2,0,2,20260716
20260723,fresh_breakout,801950.SI,煤炭,37,0,0.0,0.0,0,0,0,20260716
20260723,fresh_breakout,801960.SI,石油石化,48,2,0.041666666666666664,0.02,2,0,1,20260716
20260723,fresh_breakout,801970.SI,环保,136,2,0.014705882352941176,0.02,1,1,1,20260716
20260723,fresh_breakout,801980.SI,美容护理,31,1,0.03225806451612903,0.01,0,1,2,20260716
20260724,fresh_breakout,801010.SI,农林牧渔,114,2,0.017543859649122806,0.02,1,1,0,20260717
20260724,fresh_breakout,801030.SI,基础化工,442,4,0.00904977375565611,0.04,3,1,2,20260717
20260724,fresh_breakout,801040.SI,钢铁,44,1,0.022727272727272728,0.01,1,0,0,20260717
20260724,fresh_breakout,801050.SI,有色金属,147,1,0.006802721088435374,0.01,1,0,1,20260717
20260724,fresh_breakout,801080.SI,电子,501,2,0.003992015968063872,0.02,1,1,3,20260717
20260724,fresh_breakout,801110.SI,家用电器,103,3,0.02912621359223301,0.03,2,1,3,20260717
20260724,fresh_breakout,801120.SI,食品饮料,126,5,0.03968253968253968,0.05,3,2,0,20260717
20260724,fresh_breakout,801130.SI,纺织服饰,108,3,0.027777777777777776,0.03,3,0,0,20260717
20260724,fresh_breakout,801140.SI,轻工制造,168,1,0.005952380952380952,0.01,1,0,3,20260717
20260724,fresh_breakout,801150.SI,医药生物,502,33,0.06573705179282868,0.33,9,24,32,20260717
20260724,fresh_breakout,801160.SI,公用事业,133,4,0.03007518796992481,0.04,3,1,0,20260717
20260724,fresh_breakout,801170.SI,交通运输,128,8,0.0625,0.08,7,1,0,20260717
20260724,fresh_breakout,801180.SI,房地产,99,2,0.020202020202020204,0.02,1,1,0,20260717
20260724,fresh_breakout,801200.SI,商贸零售,98,1,0.01020408163265306,0.01,1,0,0,20260717
20260724,fresh_breakout,801210.SI,社会服务,84,1,0.011904761904761904,0.01,1,0,0,20260717
20260724,fresh_breakout,801230.SI,综合,15,0,0.0,0.0,0,0,0,20260717
20260724,fresh_breakout,801710.SI,建筑材料,76,1,0.013157894736842105,0.01,1,0,0,20260717
20260724,fresh_breakout,801720.SI,建筑装饰,162,3,0.018518518518518517,0.03,2,1,2,20260717
20260724,fresh_breakout,801730.SI,电力设备,405,0,0.0,0.0,0,0,0,20260717
20260724,fresh_breakout,801740.SI,国防军工,141,0,0.0,0.0,0,0,0,20260717
20260724,fresh_breakout,801750.SI,计算机,357,3,0.008403361344537815,0.03,1,2,0,20260717
20260724,fresh_breakout,801760.SI,传媒,130,3,0.023076923076923078,0.03,3,0,1,20260717
20260724,fresh_breakout,801770.SI,通信,127,3,0.023622047244094488,0.03,1,2,0,20260717
20260724,fresh_breakout,801780.SI,银行,42,3,0.07142857142857142,0.03,0,3,0,20260717
20260724,fresh_breakout,801790.SI,非银金融,81,3,0.037037037037037035,0.03,2,1,1,20260717
20260724,fresh_breakout,801880.SI,汽车,315,2,0.006349206349206349,0.02,0,2,1,20260717
20260724,fresh_breakout,801890.SI,机械设备,600,3,0.005,0.03,2,1,1,20260717
20260724,fresh_breakout,801950.SI,煤炭,37,0,0.0,0.0,0,0,0,20260717
20260724,fresh_breakout,801960.SI,石油石化,48,3,0.0625,0.03,3,0,1,20260717
20260724,fresh_breakout,801970.SI,环保,136,2,0.014705882352941176,0.02,1,1,1,20260717
20260724,fresh_breakout,801980.SI,美容护理,30,0,0.0,0.0,0,0,2,20260717
20260727,fresh_breakout,801010.SI,农林牧渔,114,2,0.017543859649122806,0.02,2,0,1,20260720
20260727,fresh_breakout,801030.SI,基础化工,441,3,0.006802721088435374,0.03,1,2,0,20260720
20260727,fresh_breakout,801040.SI,钢铁,44,2,0.045454545454545456,0.02,2,0,0,20260720
20260727,fresh_breakout,801050.SI,有色金属,147,2,0.013605442176870748,0.02,2,0,0,20260720
20260727,fresh_breakout,801080.SI,电子,501,2,0.003992015968063872,0.02,1,1,2,20260720
20260727,fresh_breakout,801110.SI,家用电器,103,4,0.038834951456310676,0.04,2,2,1,20260720
20260727,fresh_breakout,801120.SI,食品饮料,126,3,0.023809523809523808,0.03,2,1,1,20260720
20260727,fresh_breakout,801130.SI,纺织服饰,108,3,0.027777777777777776,0.03,3,0,0,20260720
20260727,fresh_breakout,801140.SI,轻工制造,168,1,0.005952380952380952,0.01,1,0,3,20260720
20260727,fresh_breakout,801150.SI,医药生物,502,31,0.061752988047808766,0.31,10,21,36,20260720
20260727,fresh_breakout,801160.SI,公用事业,133,5,0.03759398496240601,0.05,3,2,0,20260720
20260727,fresh_breakout,801170.SI,交通运输,128,8,0.0625,0.08,7,1,0,20260720
20260727,fresh_breakout,801180.SI,房地产,99,2,0.020202020202020204,0.02,1,1,0,20260720
20260727,fresh_breakout,801200.SI,商贸零售,98,1,0.01020408163265306,0.01,1,0,0,20260720
20260727,fresh_breakout,801210.SI,社会服务,84,2,0.023809523809523808,0.02,2,0,0,20260720
20260727,fresh_breakout,801230.SI,综合,15,0,0.0,0.0,0,0,0,20260720
20260727,fresh_breakout,801710.SI,建筑材料,76,1,0.013157894736842105,0.01,1,0,0,20260720
20260727,fresh_breakout,801720.SI,建筑装饰,162,2,0.012345679012345678,0.02,1,1,2,20260720
20260727,fresh_breakout,801730.SI,电力设备,405,0,0.0,0.0,0,0,0,20260720
20260727,fresh_breakout,801740.SI,国防军工,141,1,0.0070921985815602835,0.01,1,0,0,20260720
20260727,fresh_breakout,801750.SI,计算机,356,3,0.008426966292134831,0.03,1,2,0,20260720
20260727,fresh_breakout,801760.SI,传媒,130,4,0.03076923076923077,0.04,2,2,0,20260720
20260727,fresh_breakout,801770.SI,通信,126,3,0.023809523809523808,0.03,1,2,0,20260720
20260727,fresh_breakout,801780.SI,银行,42,1,0.023809523809523808,0.01,0,1,3,20260720
20260727,fresh_breakout,801790.SI,非银金融,81,1,0.012345679012345678,0.01,1,0,2,20260720
20260727,fresh_breakout,801880.SI,汽车,316,3,0.00949367088607595,0.03,1,2,0,20260720
20260727,fresh_breakout,801890.SI,机械设备,600,4,0.006666666666666667,0.04,3,1,1,20260720
20260727,fresh_breakout,801950.SI,煤炭,37,0,0.0,0.0,0,0,0,20260720
20260727,fresh_breakout,801960.SI,石油石化,47,2,0.0425531914893617,0.02,1,1,1,20260720
20260727,fresh_breakout,801970.SI,环保,136,3,0.022058823529411766,0.03,2,1,1,20260720
20260727,fresh_breakout,801980.SI,美容护理,30,1,0.03333333333333333,0.01,1,0,2,20260720
20260728,fresh_breakout,801010.SI,农林牧渔,114,3,0.02631578947368421,0.03,2,1,1,20260721
20260728,fresh_breakout,801030.SI,基础化工,442,3,0.006787330316742082,0.03,2,1,1,20260721
20260728,fresh_breakout,801040.SI,钢铁,44,2,0.045454545454545456,0.02,2,0,0,20260721
20260728,fresh_breakout,801050.SI,有色金属,147,2,0.013605442176870748,0.02,2,0,0,20260721
20260728,fresh_breakout,801080.SI,电子,501,2,0.003992015968063872,0.02,1,1,1,20260721
20260728,fresh_breakout,801110.SI,家用电器,103,4,0.038834951456310676,0.04,1,3,1,20260721
20260728,fresh_breakout,801120.SI,食品饮料,126,3,0.023809523809523808,0.03,2,1,3,20260721
20260728,fresh_breakout,801130.SI,纺织服饰,108,5,0.046296296296296294,0.05,5,0,1,20260721
20260728,fresh_breakout,801140.SI,轻工制造,168,2,0.011904761904761904,0.02,2,0,0,20260721
20260728,fresh_breakout,801150.SI,医药生物,502,25,0.049800796812749,0.25,9,16,36,20260721
20260728,fresh_breakout,801160.SI,公用事业,133,5,0.03759398496240601,0.05,3,2,0,20260721
20260728,fresh_breakout,801170.SI,交通运输,128,8,0.0625,0.08,4,4,0,20260721
20260728,fresh_breakout,801180.SI,房地产,99,2,0.020202020202020204,0.02,1,1,0,20260721
20260728,fresh_breakout,801200.SI,商贸零售,98,1,0.01020408163265306,0.01,1,0,0,20260721
20260728,fresh_breakout,801210.SI,社会服务,84,2,0.023809523809523808,0.02,2,0,0,20260721
20260728,fresh_breakout,801230.SI,综合,15,0,0.0,0.0,0,0,0,20260721
20260728,fresh_breakout,801710.SI,建筑材料,76,1,0.013157894736842105,0.01,1,0,0,20260721
20260728,fresh_breakout,801720.SI,建筑装饰,162,2,0.012345679012345678,0.02,2,0,3,20260721
20260728,fresh_breakout,801730.SI,电力设备,405,1,0.0024691358024691358,0.01,1,0,0,20260721
20260728,fresh_breakout,801740.SI,国防军工,141,1,0.0070921985815602835,0.01,1,0,0,20260721
20260728,fresh_breakout,801750.SI,计算机,356,4,0.011235955056179775,0.04,2,2,0,20260721
20260728,fresh_breakout,801760.SI,传媒,130,4,0.03076923076923077,0.04,2,2,0,20260721
20260728,fresh_breakout,801770.SI,通信,126,3,0.023809523809523808,0.03,1,2,0,20260721
20260728,fresh_breakout,801780.SI,银行,42,2,0.047619047619047616,0.02,0,2,2,20260721
20260728,fresh_breakout,801790.SI,非银金融,81,0,0.0,0.0,0,0,3,20260721
20260728,fresh_breakout,801880.SI,汽车,316,4,0.012658227848101266,0.04,2,2,0,20260721
20260728,fresh_breakout,801890.SI,机械设备,600,4,0.006666666666666667,0.04,4,0,2,20260721
20260728,fresh_breakout,801950.SI,煤炭,37,0,0.0,0.0,0,0,0,20260721
20260728,fresh_breakout,801960.SI,石油石化,47,1,0.02127659574468085,0.01,0,1,1,20260721
20260728,fresh_breakout,801970.SI,环保,136,3,0.022058823529411766,0.03,1,2,0,20260721
20260728,fresh_breakout,801980.SI,美容护理,30,1,0.03333333333333333,0.01,1,0,2,20260721
20260729,fresh_breakout,801010.SI,农林牧渔,114,2,0.017543859649122806,0.02,1,1,1,20260722
20260729,fresh_breakout,801030.SI,基础化工,442,4,0.00904977375565611,0.04,2,2,2,20260722
20260729,fresh_breakout,801040.SI,钢铁,44,3,0.06818181818181818,0.03,3,0,0,20260722
20260729,fresh_breakout,801050.SI,有色金属,147,2,0.013605442176870748,0.02,2,0,0,20260722
20260729,fresh_breakout,801080.SI,电子,501,0,0.0,0.0,0,0,2,20260722
20260729,fresh_breakout,801110.SI,家用电器,103,4,0.038834951456310676,0.04,2,2,1,20260722
20260729,fresh_breakout,801120.SI,食品饮料,126,4,0.031746031746031744,0.04,2,2,3,20260722
20260729,fresh_breakout,801130.SI,纺织服饰,108,5,0.046296296296296294,0.05,3,2,1,20260722
20260729,fresh_breakout,801140.SI,轻工制造,168,3,0.017857142857142856,0.03,3,0,0,20260722
20260729,fresh_breakout,801150.SI,医药生物,502,21,0.04183266932270916,0.21,10,11,35,20260722
20260729,fresh_breakout,801160.SI,公用事业,133,5,0.03759398496240601,0.05,2,3,1,20260722
20260729,fresh_breakout,801170.SI,交通运输,128,11,0.0859375,0.11,6,5,0,20260722
20260729,fresh_breakout,801180.SI,房地产,99,2,0.020202020202020204,0.02,1,1,0,20260722
20260729,fresh_breakout,801200.SI,商贸零售,98,1,0.01020408163265306,0.01,1,0,0,20260722
20260729,fresh_breakout,801210.SI,社会服务,84,2,0.023809523809523808,0.02,2,0,0,20260722
20260729,fresh_breakout,801230.SI,综合,15,0,0.0,0.0,0,0,0,20260722
20260729,fresh_breakout,801710.SI,建筑材料,76,1,0.013157894736842105,0.01,0,1,0,20260722
20260729,fresh_breakout,801720.SI,建筑装饰,162,1,0.006172839506172839,0.01,1,0,3,20260722
20260729,fresh_breakout,801730.SI,电力设备,405,2,0.0049382716049382715,0.02,2,0,0,20260722
20260729,fresh_breakout,801740.SI,国防军工,141,1,0.0070921985815602835,0.01,1,0,0,20260722
20260729,fresh_breakout,801750.SI,计算机,356,2,0.0056179775280898875,0.02,1,1,2,20260722
20260729,fresh_breakout,801760.SI,传媒,130,5,0.038461538461538464,0.05,3,2,0,20260722
20260729,fresh_breakout,801770.SI,通信,126,1,0.007936507936507936,0.01,1,0,2,20260722
20260729,fresh_breakout,801780.SI,银行,42,4,0.09523809523809523,0.04,2,2,2,20260722
20260729,fresh_breakout,801790.SI,非银金融,81,0,0.0,0.0,0,0,2,20260722
20260729,fresh_breakout,801880.SI,汽车,316,4,0.012658227848101266,0.04,2,2,0,20260722
20260729,fresh_breakout,801890.SI,机械设备,600,7,0.011666666666666667,0.07,7,0,1,20260722
20260729,fresh_breakout,801950.SI,煤炭,37,0,0.0,0.0,0,0,0,20260722
20260729,fresh_breakout,801960.SI,石油石化,47,1,0.02127659574468085,0.01,0,1,1,20260722
20260729,fresh_breakout,801970.SI,环保,135,2,0.014814814814814815,0.02,1,1,1,20260722
20260729,fresh_breakout,801980.SI,美容护理,30,0,0.0,0.0,0,0,1,20260722
20260424,healthy_uptrend,801010.SI,农林牧渔,113,0,0.0,0.0,0,0,0,
20260424,healthy_uptrend,801030.SI,基础化工,436,8,0.01834862385321101,0.08,8,0,0,
20260424,healthy_uptrend,801040.SI,钢铁,43,0,0.0,0.0,0,0,0,
20260424,healthy_uptrend,801050.SI,有色金属,142,2,0.014084507042253521,0.02,2,0,0,
20260424,healthy_uptrend,801080.SI,电子,493,20,0.04056795131845842,0.2,20,0,0,
20260424,healthy_uptrend,801110.SI,家用电器,103,1,0.009708737864077669,0.01,1,0,0,
20260424,healthy_uptrend,801120.SI,食品饮料,126,1,0.007936507936507936,0.01,1,0,0,
20260424,healthy_uptrend,801130.SI,纺织服饰,105,3,0.02857142857142857,0.03,3,0,0,
20260424,healthy_uptrend,801140.SI,轻工制造,166,2,0.012048192771084338,0.02,2,0,0,
20260424,healthy_uptrend,801150.SI,医药生物,498,4,0.008032128514056224,0.04,4,0,0,
20260424,healthy_uptrend,801160.SI,公用事业,133,8,0.06015037593984962,0.08,8,0,0,
20260424,healthy_uptrend,801170.SI,交通运输,127,2,0.015748031496062992,0.02,2,0,0,
20260424,healthy_uptrend,801180.SI,房地产,97,3,0.030927835051546393,0.03,3,0,0,
20260424,healthy_uptrend,801200.SI,商贸零售,99,1,0.010101010101010102,0.01,1,0,0,
20260424,healthy_uptrend,801210.SI,社会服务,83,1,0.012048192771084338,0.01,1,0,0,
20260424,healthy_uptrend,801230.SI,综合,15,0,0.0,0.0,0,0,0,
20260424,healthy_uptrend,801710.SI,建筑材料,73,0,0.0,0.0,0,0,0,
20260424,healthy_uptrend,801720.SI,建筑装饰,163,2,0.012269938650306749,0.02,2,0,0,
20260424,healthy_uptrend,801730.SI,电力设备,398,14,0.035175879396984924,0.14,14,0,0,
20260424,healthy_uptrend,801740.SI,国防军工,140,0,0.0,0.0,0,0,0,
20260424,healthy_uptrend,801750.SI,计算机,356,5,0.014044943820224719,0.05,5,0,0,
20260424,healthy_uptrend,801760.SI,传媒,131,0,0.0,0.0,0,0,0,
20260424,healthy_uptrend,801770.SI,通信,126,1,0.007936507936507936,0.01,1,0,0,
20260424,healthy_uptrend,801780.SI,银行,42,2,0.047619047619047616,0.02,2,0,0,
20260424,healthy_uptrend,801790.SI,非银金融,81,1,0.012345679012345678,0.01,1,0,0,
20260424,healthy_uptrend,801880.SI,汽车,308,3,0.00974025974025974,0.03,3,0,0,
20260424,healthy_uptrend,801890.SI,机械设备,593,9,0.01517706576728499,0.09,9,0,0,
20260424,healthy_uptrend,801950.SI,煤炭,37,0,0.0,0.0,0,0,0,
20260424,healthy_uptrend,801960.SI,石油石化,48,1,0.020833333333333332,0.01,1,0,0,
20260424,healthy_uptrend,801970.SI,环保,137,6,0.043795620437956206,0.06,6,0,0,
20260424,healthy_uptrend,801980.SI,美容护理,31,0,0.0,0.0,0,0,0,
20260427,healthy_uptrend,801010.SI,农林牧渔,114,0,0.0,0.0,0,0,0,
20260427,healthy_uptrend,801030.SI,基础化工,435,9,0.020689655172413793,0.09,9,0,0,
20260427,healthy_uptrend,801040.SI,钢铁,43,0,0.0,0.0,0,0,0,
20260427,healthy_uptrend,801050.SI,有色金属,142,2,0.014084507042253521,0.02,2,0,0,
20260427,healthy_uptrend,801080.SI,电子,493,20,0.04056795131845842,0.2,20,0,0,
20260427,healthy_uptrend,801110.SI,家用电器,103,1,0.009708737864077669,0.01,1,0,0,
20260427,healthy_uptrend,801120.SI,食品饮料,126,1,0.007936507936507936,0.01,1,0,0,
20260427,healthy_uptrend,801130.SI,纺织服饰,105,3,0.02857142857142857,0.03,3,0,0,
20260427,healthy_uptrend,801140.SI,轻工制造,165,2,0.012121212121212121,0.02,2,0,0,
20260427,healthy_uptrend,801150.SI,医药生物,499,3,0.006012024048096192,0.03,3,0,0,
20260427,healthy_uptrend,801160.SI,公用事业,133,9,0.06766917293233082,0.09,9,0,0,
20260427,healthy_uptrend,801170.SI,交通运输,126,2,0.015873015873015872,0.02,2,0,0,
20260427,healthy_uptrend,801180.SI,房地产,99,3,0.030303030303030304,0.03,3,0,0,
20260427,healthy_uptrend,801200.SI,商贸零售,99,1,0.010101010101010102,0.01,1,0,0,
20260427,healthy_uptrend,801210.SI,社会服务,83,1,0.012048192771084338,0.01,1,0,0,
20260427,healthy_uptrend,801230.SI,综合,15,0,0.0,0.0,0,0,0,
20260427,healthy_uptrend,801710.SI,建筑材料,73,0,0.0,0.0,0,0,0,
20260427,healthy_uptrend,801720.SI,建筑装饰,161,2,0.012422360248447204,0.02,2,0,0,
20260427,healthy_uptrend,801730.SI,电力设备,398,15,0.03768844221105527,0.15,15,0,0,
20260427,healthy_uptrend,801740.SI,国防军工,139,0,0.0,0.0,0,0,0,
20260427,healthy_uptrend,801750.SI,计算机,356,5,0.014044943820224719,0.05,5,0,0,
20260427,healthy_uptrend,801760.SI,传媒,131,0,0.0,0.0,0,0,0,
20260427,healthy_uptrend,801770.SI,通信,126,1,0.007936507936507936,0.01,1,0,0,
20260427,healthy_uptrend,801780.SI,银行,42,3,0.07142857142857142,0.03,3,0,0,
20260427,healthy_uptrend,801790.SI,非银金融,81,1,0.012345679012345678,0.01,1,0,0,
20260427,healthy_uptrend,801880.SI,汽车,308,2,0.006493506493506494,0.02,2,0,0,
20260427,healthy_uptrend,801890.SI,机械设备,594,8,0.013468013468013467,0.08,8,0,0,
20260427,healthy_uptrend,801950.SI,煤炭,37,0,0.0,0.0,0,0,0,
20260427,healthy_uptrend,801960.SI,石油石化,48,1,0.020833333333333332,0.01,1,0,0,
20260427,healthy_uptrend,801970.SI,环保,137,5,0.0364963503649635,0.05,5,0,0,
20260427,healthy_uptrend,801980.SI,美容护理,31,0,0.0,0.0,0,0,0,
20260428,healthy_uptrend,801010.SI,农林牧渔,114,0,0.0,0.0,0,0,0,
20260428,healthy_uptrend,801030.SI,基础化工,435,7,0.016091954022988506,0.07,7,0,0,
20260428,healthy_uptrend,801040.SI,钢铁,43,0,0.0,0.0,0,0,0,
20260428,healthy_uptrend,801050.SI,有色金属,142,2,0.014084507042253521,0.02,2,0,0,
20260428,healthy_uptrend,801080.SI,电子,493,20,0.04056795131845842,0.2,20,0,0,
20260428,healthy_uptrend,801110.SI,家用电器,103,1,0.009708737864077669,0.01,1,0,0,
20260428,healthy_uptrend,801120.SI,食品饮料,125,1,0.008,0.01,1,0,0,
20260428,healthy_uptrend,801130.SI,纺织服饰,107,2,0.018691588785046728,0.02,2,0,0,
20260428,healthy_uptrend,801140.SI,轻工制造,166,1,0.006024096385542169,0.01,1,0,0,
20260428,healthy_uptrend,801150.SI,医药生物,499,3,0.006012024048096192,0.03,3,0,0,
20260428,healthy_uptrend,801160.SI,公用事业,133,10,0.07518796992481203,0.1,10,0,0,
20260428,healthy_uptrend,801170.SI,交通运输,127,2,0.015748031496062992,0.02,2,0,0,
20260428,healthy_uptrend,801180.SI,房地产,99,3,0.030303030303030304,0.03,3,0,0,
20260428,healthy_uptrend,801200.SI,商贸零售,99,0,0.0,0.0,0,0,0,
20260428,healthy_uptrend,801210.SI,社会服务,83,1,0.012048192771084338,0.01,1,0,0,
20260428,healthy_uptrend,801230.SI,综合,15,0,0.0,0.0,0,0,0,
20260428,healthy_uptrend,801710.SI,建筑材料,72,0,0.0,0.0,0,0,0,
20260428,healthy_uptrend,801720.SI,建筑装饰,161,3,0.018633540372670808,0.03,3,0,0,
20260428,healthy_uptrend,801730.SI,电力设备,397,17,0.042821158690176324,0.17,17,0,0,
20260428,healthy_uptrend,801740.SI,国防军工,139,0,0.0,0.0,0,0,0,
20260428,healthy_uptrend,801750.SI,计算机,352,5,0.014204545454545454,0.05,5,0,0,
20260428,healthy_uptrend,801760.SI,传媒,131,0,0.0,0.0,0,0,0,
20260428,healthy_uptrend,801770.SI,通信,126,1,0.007936507936507936,0.01,1,0,0,
20260428,healthy_uptrend,801780.SI,银行,42,3,0.07142857142857142,0.03,3,0,0,
20260428,healthy_uptrend,801790.SI,非银金融,81,1,0.012345679012345678,0.01,1,0,0,
20260428,healthy_uptrend,801880.SI,汽车,307,1,0.003257328990228013,0.01,1,0,0,
20260428,healthy_uptrend,801890.SI,机械设备,594,9,0.015151515151515152,0.09,9,0,0,
20260428,healthy_uptrend,801950.SI,煤炭,37,1,0.02702702702702703,0.01,1,0,0,
20260428,healthy_uptrend,801960.SI,石油石化,46,1,0.021739130434782608,0.01,1,0,0,
20260428,healthy_uptrend,801970.SI,环保,137,5,0.0364963503649635,0.05,5,0,0,
20260428,healthy_uptrend,801980.SI,美容护理,31,0,0.0,0.0,0,0,0,
20260429,healthy_uptrend,801010.SI,农林牧渔,112,0,0.0,0.0,0,0,0,
20260429,healthy_uptrend,801030.SI,基础化工,435,9,0.020689655172413793,0.09,9,0,0,
20260429,healthy_uptrend,801040.SI,钢铁,43,0,0.0,0.0,0,0,0,
20260429,healthy_uptrend,801050.SI,有色金属,141,2,0.014184397163120567,0.02,2,0,0,
20260429,healthy_uptrend,801080.SI,电子,491,19,0.038696537678207736,0.19,19,0,0,
20260429,healthy_uptrend,801110.SI,家用电器,102,1,0.00980392156862745,0.01,1,0,0,
20260429,healthy_uptrend,801120.SI,食品饮料,125,1,0.008,0.01,1,0,0,
20260429,healthy_uptrend,801130.SI,纺织服饰,107,2,0.018691588785046728,0.02,2,0,0,
20260429,healthy_uptrend,801140.SI,轻工制造,167,1,0.005988023952095809,0.01,1,0,0,
20260429,healthy_uptrend,801150.SI,医药生物,495,3,0.006060606060606061,0.03,3,0,0,
20260429,healthy_uptrend,801160.SI,公用事业,133,10,0.07518796992481203,0.1,10,0,0,
20260429,healthy_uptrend,801170.SI,交通运输,126,2,0.015873015873015872,0.02,2,0,0,
20260429,healthy_uptrend,801180.SI,房地产,98,3,0.030612244897959183,0.03,3,0,0,
20260429,healthy_uptrend,801200.SI,商贸零售,98,2,0.02040816326530612,0.02,2,0,0,
20260429,healthy_uptrend,801210.SI,社会服务,84,1,0.011904761904761904,0.01,1,0,0,
20260429,healthy_uptrend,801230.SI,综合,14,0,0.0,0.0,0,0,0,
20260429,healthy_uptrend,801710.SI,建筑材料,71,0,0.0,0.0,0,0,0,
20260429,healthy_uptrend,801720.SI,建筑装饰,156,2,0.01282051282051282,0.02,2,0,0,
20260429,healthy_uptrend,801730.SI,电力设备,396,15,0.03787878787878788,0.15,15,0,0,
20260429,healthy_uptrend,801740.SI,国防军工,138,0,0.0,0.0,0,0,0,
20260429,healthy_uptrend,801750.SI,计算机,353,5,0.014164305949008499,0.05,5,0,0,
20260429,healthy_uptrend,801760.SI,传媒,129,0,0.0,0.0,0,0,0,
20260429,healthy_uptrend,801770.SI,通信,125,1,0.008,0.01,1,0,0,
20260429,healthy_uptrend,801780.SI,银行,42,3,0.07142857142857142,0.03,3,0,0,
20260429,healthy_uptrend,801790.SI,非银金融,80,1,0.0125,0.01,1,0,0,
20260429,healthy_uptrend,801880.SI,汽车,306,1,0.0032679738562091504,0.01,1,0,0,
20260429,healthy_uptrend,801890.SI,机械设备,591,9,0.015228426395939087,0.09,9,0,0,
20260429,healthy_uptrend,801950.SI,煤炭,37,1,0.02702702702702703,0.01,1,0,0,
20260429,healthy_uptrend,801960.SI,石油石化,48,1,0.020833333333333332,0.01,1,0,0,
20260429,healthy_uptrend,801970.SI,环保,135,5,0.037037037037037035,0.05,5,0,0,
20260429,healthy_uptrend,801980.SI,美容护理,31,0,0.0,0.0,0,0,0,
20260430,healthy_uptrend,801010.SI,农林牧渔,113,0,0.0,0.0,0,0,0,
20260430,healthy_uptrend,801030.SI,基础化工,434,8,0.018433179723502304,0.08,8,0,0,
20260430,healthy_uptrend,801040.SI,钢铁,43,0,0.0,0.0,0,0,0,
20260430,healthy_uptrend,801050.SI,有色金属,142,2,0.014084507042253521,0.02,2,0,0,
20260430,healthy_uptrend,801080.SI,电子,491,18,0.03665987780040733,0.18,18,0,0,
20260430,healthy_uptrend,801110.SI,家用电器,103,1,0.009708737864077669,0.01,1,0,0,
20260430,healthy_uptrend,801120.SI,食品饮料,126,1,0.007936507936507936,0.01,1,0,0,
20260430,healthy_uptrend,801130.SI,纺织服饰,103,2,0.019417475728155338,0.02,2,0,0,
20260430,healthy_uptrend,801140.SI,轻工制造,165,2,0.012121212121212121,0.02,2,0,0,
20260430,healthy_uptrend,801150.SI,医药生物,492,2,0.0040650406504065045,0.02,2,0,0,
20260430,healthy_uptrend,801160.SI,公用事业,133,8,0.06015037593984962,0.08,8,0,0,
20260430,healthy_uptrend,801170.SI,交通运输,127,2,0.015748031496062992,0.02,2,0,0,
20260430,healthy_uptrend,801180.SI,房地产,98,3,0.030612244897959183,0.03,3,0,0,
20260430,healthy_uptrend,801200.SI,商贸零售,98,2,0.02040816326530612,0.02,2,0,0,
20260430,healthy_uptrend,801210.SI,社会服务,82,1,0.012195121951219513,0.01,1,0,0,
20260430,healthy_uptrend,801230.SI,综合,15,0,0.0,0.0,0,0,0,
20260430,healthy_uptrend,801710.SI,建筑材料,72,0,0.0,0.0,0,0,0,
20260430,healthy_uptrend,801720.SI,建筑装饰,159,3,0.018867924528301886,0.03,3,0,0,
20260430,healthy_uptrend,801730.SI,电力设备,397,16,0.04030226700251889,0.16,16,0,0,
20260430,healthy_uptrend,801740.SI,国防军工,137,0,0.0,0.0,0,0,0,
20260430,healthy_uptrend,801750.SI,计算机,351,5,0.014245014245014245,0.05,5,0,0,
20260430,healthy_uptrend,801760.SI,传媒,131,0,0.0,0.0,0,0,0,
20260430,healthy_uptrend,801770.SI,通信,126,2,0.015873015873015872,0.02,2,0,0,
20260430,healthy_uptrend,801780.SI,银行,42,3,0.07142857142857142,0.03,3,0,0,
20260430,healthy_uptrend,801790.SI,非银金融,80,1,0.0125,0.01,1,0,0,
20260430,healthy_uptrend,801880.SI,汽车,308,1,0.003246753246753247,0.01,1,0,0,
20260430,healthy_uptrend,801890.SI,机械设备,588,9,0.015306122448979591,0.09,9,0,0,
20260430,healthy_uptrend,801950.SI,煤炭,37,1,0.02702702702702703,0.01,1,0,0,
20260430,healthy_uptrend,801960.SI,石油石化,48,1,0.020833333333333332,0.01,1,0,0,
20260430,healthy_uptrend,801970.SI,环保,134,6,0.04477611940298507,0.06,6,0,0,
20260430,healthy_uptrend,801980.SI,美容护理,31,0,0.0,0.0,0,0,0,
20260506,healthy_uptrend,801010.SI,农林牧渔,114,0,0.0,0.0,0,0,0,20260424
20260506,healthy_uptrend,801030.SI,基础化工,437,9,0.020594965675057208,0.09,4,5,3,20260424
20260506,healthy_uptrend,801040.SI,钢铁,43,1,0.023255813953488372,0.01,1,0,0,20260424
20260506,healthy_uptrend,801050.SI,有色金属,142,2,0.014084507042253521,0.02,0,2,0,20260424
20260506,healthy_uptrend,801080.SI,电子,493,18,0.036511156186612576,0.18,2,16,4,20260424
20260506,healthy_uptrend,801110.SI,家用电器,103,1,0.009708737864077669,0.01,0,1,0,20260424
20260506,healthy_uptrend,801120.SI,食品饮料,125,1,0.008,0.01,0,1,0,20260424
20260506,healthy_uptrend,801130.SI,纺织服饰,106,2,0.018867924528301886,0.02,0,2,1,20260424
20260506,healthy_uptrend,801140.SI,轻工制造,167,2,0.011976047904191617,0.02,1,1,1,20260424
20260506,healthy_uptrend,801150.SI,医药生物,498,2,0.004016064257028112,0.02,1,1,3,20260424
20260506,healthy_uptrend,801160.SI,公用事业,133,7,0.05263157894736842,0.07,4,3,5,20260424
20260506,healthy_uptrend,801170.SI,交通运输,127,2,0.015748031496062992,0.02,0,2,0,20260424
20260506,healthy_uptrend,801180.SI,房地产,99,3,0.030303030303030304,0.03,0,3,0,20260424
20260506,healthy_uptrend,801200.SI,商贸零售,98,2,0.02040816326530612,0.02,1,1,0,20260424
20260506,healthy_uptrend,801210.SI,社会服务,83,1,0.012048192771084338,0.01,0,1,0,20260424
20260506,healthy_uptrend,801230.SI,综合,15,0,0.0,0.0,0,0,0,20260424
20260506,healthy_uptrend,801710.SI,建筑材料,73,0,0.0,0.0,0,0,0,20260424
20260506,healthy_uptrend,801720.SI,建筑装饰,162,3,0.018518518518518517,0.03,2,1,1,20260424
20260506,healthy_uptrend,801730.SI,电力设备,397,16,0.04030226700251889,0.16,7,9,5,20260424
20260506,healthy_uptrend,801740.SI,国防军工,138,0,0.0,0.0,0,0,0,20260424
20260506,healthy_uptrend,801750.SI,计算机,354,5,0.014124293785310734,0.05,0,5,0,20260424
20260506,healthy_uptrend,801760.SI,传媒,131,0,0.0,0.0,0,0,0,20260424
20260506,healthy_uptrend,801770.SI,通信,126,2,0.015873015873015872,0.02,1,1,0,20260424
20260506,healthy_uptrend,801780.SI,银行,42,3,0.07142857142857142,0.03,1,2,0,20260424
20260506,healthy_uptrend,801790.SI,非银金融,80,0,0.0,0.0,0,0,1,20260424
20260506,healthy_uptrend,801880.SI,汽车,308,1,0.003246753246753247,0.01,0,1,2,20260424
20260506,healthy_uptrend,801890.SI,机械设备,593,8,0.013490725126475547,0.08,2,6,3,20260424
20260506,healthy_uptrend,801950.SI,煤炭,37,1,0.02702702702702703,0.01,1,0,0,20260424
20260506,healthy_uptrend,801960.SI,石油石化,48,1,0.020833333333333332,0.01,0,1,0,20260424
20260506,healthy_uptrend,801970.SI,环保,136,7,0.051470588235294115,0.07,2,5,1,20260424
20260506,healthy_uptrend,801980.SI,美容护理,31,0,0.0,0.0,0,0,0,20260424
20260507,healthy_uptrend,801010.SI,农林牧渔,114,0,0.0,0.0,0,0,0,20260427
20260507,healthy_uptrend,801030.SI,基础化工,438,9,0.02054794520547945,0.09,2,7,2,20260427
20260507,healthy_uptrend,801040.SI,钢铁,43,1,0.023255813953488372,0.01,1,0,0,20260427
20260507,healthy_uptrend,801050.SI,有色金属,142,3,0.02112676056338028,0.03,1,2,0,20260427
20260507,healthy_uptrend,801080.SI,电子,493,18,0.036511156186612576,0.18,2,16,4,20260427
20260507,healthy_uptrend,801110.SI,家用电器,103,2,0.019417475728155338,0.02,1,1,0,20260427
20260507,healthy_uptrend,801120.SI,食品饮料,125,0,0.0,0.0,0,0,1,20260427
20260507,healthy_uptrend,801130.SI,纺织服饰,106,1,0.009433962264150943,0.01,0,1,2,20260427
20260507,healthy_uptrend,801140.SI,轻工制造,167,2,0.011976047904191617,0.02,1,1,1,20260427
20260507,healthy_uptrend,801150.SI,医药生物,498,2,0.004016064257028112,0.02,1,1,2,20260427
20260507,healthy_uptrend,801160.SI,公用事业,133,8,0.06015037593984962,0.08,4,4,5,20260427
20260507,healthy_uptrend,801170.SI,交通运输,127,2,0.015748031496062992,0.02,0,2,0,20260427
20260507,healthy_uptrend,801180.SI,房地产,99,3,0.030303030303030304,0.03,0,3,0,20260427
20260507,healthy_uptrend,801200.SI,商贸零售,98,2,0.02040816326530612,0.02,1,1,0,20260427
20260507,healthy_uptrend,801210.SI,社会服务,83,0,0.0,0.0,0,0,1,20260427
20260507,healthy_uptrend,801230.SI,综合,15,0,0.0,0.0,0,0,0,20260427
20260507,healthy_uptrend,801710.SI,建筑材料,73,0,0.0,0.0,0,0,0,20260427
20260507,healthy_uptrend,801720.SI,建筑装饰,162,3,0.018518518518518517,0.03,2,1,1,20260427
20260507,healthy_uptrend,801730.SI,电力设备,397,17,0.042821158690176324,0.17,6,11,4,20260427
20260507,healthy_uptrend,801740.SI,国防军工,138,0,0.0,0.0,0,0,0,20260427
20260507,healthy_uptrend,801750.SI,计算机,355,5,0.014084507042253521,0.05,0,5,0,20260427
20260507,healthy_uptrend,801760.SI,传媒,131,0,0.0,0.0,0,0,0,20260427
20260507,healthy_uptrend,801770.SI,通信,127,2,0.015748031496062992,0.02,1,1,0,20260427
20260507,healthy_uptrend,801780.SI,银行,42,3,0.07142857142857142,0.03,0,3,0,20260427
20260507,healthy_uptrend,801790.SI,非银金融,81,0,0.0,0.0,0,0,1,20260427
20260507,healthy_uptrend,801880.SI,汽车,308,1,0.003246753246753247,0.01,0,1,1,20260427
20260507,healthy_uptrend,801890.SI,机械设备,593,8,0.013490725126475547,0.08,2,6,2,20260427
20260507,healthy_uptrend,801950.SI,煤炭,37,1,0.02702702702702703,0.01,1,0,0,20260427
20260507,healthy_uptrend,801960.SI,石油石化,48,1,0.020833333333333332,0.01,0,1,0,20260427
20260507,healthy_uptrend,801970.SI,环保,136,6,0.04411764705882353,0.06,3,3,2,20260427
20260507,healthy_uptrend,801980.SI,美容护理,31,0,0.0,0.0,0,0,0,20260427
20260508,healthy_uptrend,801010.SI,农林牧渔,114,0,0.0,0.0,0,0,0,20260428
20260508,healthy_uptrend,801030.SI,基础化工,438,8,0.0182648401826484,0.08,2,6,1,20260428
20260508,healthy_uptrend,801040.SI,钢铁,44,1,0.022727272727272728,0.01,1,0,0,20260428
20260508,healthy_uptrend,801050.SI,有色金属,142,3,0.02112676056338028,0.03,1,2,0,20260428
20260508,healthy_uptrend,801080.SI,电子,493,18,0.036511156186612576,0.18,1,17,3,20260428
20260508,healthy_uptrend,801110.SI,家用电器,103,2,0.019417475728155338,0.02,1,1,0,20260428
20260508,healthy_uptrend,801120.SI,食品饮料,125,0,0.0,0.0,0,0,1,20260428
20260508,healthy_uptrend,801130.SI,纺织服饰,106,1,0.009433962264150943,0.01,0,1,1,20260428
20260508,healthy_uptrend,801140.SI,轻工制造,167,3,0.017964071856287425,0.03,2,1,0,20260428
20260508,healthy_uptrend,801150.SI,医药生物,497,2,0.004024144869215292,0.02,0,2,1,20260428
20260508,healthy_uptrend,801160.SI,公用事业,133,7,0.05263157894736842,0.07,3,4,6,20260428
20260508,healthy_uptrend,801170.SI,交通运输,127,2,0.015748031496062992,0.02,0,2,0,20260428
20260508,healthy_uptrend,801180.SI,房地产,99,3,0.030303030303030304,0.03,0,3,0,20260428
20260508,healthy_uptrend,801200.SI,商贸零售,97,2,0.020618556701030927,0.02,2,0,0,20260428
20260508,healthy_uptrend,801210.SI,社会服务,83,0,0.0,0.0,0,0,1,20260428
20260508,healthy_uptrend,801230.SI,综合,15,0,0.0,0.0,0,0,0,20260428
20260508,healthy_uptrend,801710.SI,建筑材料,73,0,0.0,0.0,0,0,0,20260428
20260508,healthy_uptrend,801720.SI,建筑装饰,162,4,0.024691358024691357,0.04,2,2,1,20260428
20260508,healthy_uptrend,801730.SI,电力设备,396,15,0.03787878787878788,0.15,4,11,6,20260428
20260508,healthy_uptrend,801740.SI,国防军工,138,0,0.0,0.0,0,0,0,20260428
20260508,healthy_uptrend,801750.SI,计算机,355,5,0.014084507042253521,0.05,0,5,0,20260428
20260508,healthy_uptrend,801760.SI,传媒,131,0,0.0,0.0,0,0,0,20260428
20260508,healthy_uptrend,801770.SI,通信,127,3,0.023622047244094488,0.03,2,1,0,20260428
20260508,healthy_uptrend,801780.SI,银行,42,3,0.07142857142857142,0.03,0,3,0,20260428
20260508,healthy_uptrend,801790.SI,非银金融,81,0,0.0,0.0,0,0,1,20260428
20260508,healthy_uptrend,801880.SI,汽车,308,1,0.003246753246753247,0.01,0,1,0,20260428
20260508,healthy_uptrend,801890.SI,机械设备,593,9,0.01517706576728499,0.09,2,7,2,20260428
20260508,healthy_uptrend,801950.SI,煤炭,37,1,0.02702702702702703,0.01,0,1,0,20260428
20260508,healthy_uptrend,801960.SI,石油石化,48,1,0.020833333333333332,0.01,0,1,0,20260428
20260508,healthy_uptrend,801970.SI,环保,136,6,0.04411764705882353,0.06,3,3,2,20260428
20260508,healthy_uptrend,801980.SI,美容护理,31,0,0.0,0.0,0,0,0,20260428
20260511,healthy_uptrend,801010.SI,农林牧渔,114,0,0.0,0.0,0,0,0,20260429
20260511,healthy_uptrend,801030.SI,基础化工,438,7,0.01598173515981735,0.07,1,6,3,20260429
20260511,healthy_uptrend,801040.SI,钢铁,44,1,0.022727272727272728,0.01,1,0,0,20260429
20260511,healthy_uptrend,801050.SI,有色金属,142,4,0.028169014084507043,0.04,2,2,0,20260429
20260511,healthy_uptrend,801080.SI,电子,492,18,0.036585365853658534,0.18,1,17,2,20260429
20260511,healthy_uptrend,801110.SI,家用电器,102,2,0.0196078431372549,0.02,1,1,0,20260429
20260511,healthy_uptrend,801120.SI,食品饮料,125,0,0.0,0.0,0,0,1,20260429
20260511,healthy_uptrend,801130.SI,纺织服饰,106,1,0.009433962264150943,0.01,0,1,1,20260429
20260511,healthy_uptrend,801140.SI,轻工制造,167,3,0.017964071856287425,0.03,2,1,0,20260429
20260511,healthy_uptrend,801150.SI,医药生物,497,3,0.006036217303822937,0.03,1,2,1,20260429
20260511,healthy_uptrend,801160.SI,公用事业,133,6,0.045112781954887216,0.06,2,4,6,20260429
20260511,healthy_uptrend,801170.SI,交通运输,127,2,0.015748031496062992,0.02,0,2,0,20260429
20260511,healthy_uptrend,801180.SI,房地产,99,3,0.030303030303030304,0.03,0,3,0,20260429
20260511,healthy_uptrend,801200.SI,商贸零售,97,2,0.020618556701030927,0.02,0,2,0,20260429
20260511,healthy_uptrend,801210.SI,社会服务,84,0,0.0,0.0,0,0,1,20260429
20260511,healthy_uptrend,801230.SI,综合,15,0,0.0,0.0,0,0,0,20260429
20260511,healthy_uptrend,801710.SI,建筑材料,73,0,0.0,0.0,0,0,0,20260429
20260511,healthy_uptrend,801720.SI,建筑装饰,162,5,0.030864197530864196,0.05,4,1,1,20260429
20260511,healthy_uptrend,801730.SI,电力设备,397,12,0.030226700251889168,0.12,3,9,6,20260429
20260511,healthy_uptrend,801740.SI,国防军工,138,0,0.0,0.0,0,0,0,20260429
20260511,healthy_uptrend,801750.SI,计算机,355,5,0.014084507042253521,0.05,0,5,0,20260429
20260511,healthy_uptrend,801760.SI,传媒,131,0,0.0,0.0,0,0,0,20260429
20260511,healthy_uptrend,801770.SI,通信,126,6,0.047619047619047616,0.06,5,1,0,20260429
20260511,healthy_uptrend,801780.SI,银行,42,3,0.07142857142857142,0.03,0,3,0,20260429
20260511,healthy_uptrend,801790.SI,非银金融,81,0,0.0,0.0,0,0,1,20260429
20260511,healthy_uptrend,801880.SI,汽车,308,0,0.0,0.0,0,0,1,20260429
20260511,healthy_uptrend,801890.SI,机械设备,593,9,0.01517706576728499,0.09,1,8,1,20260429
20260511,healthy_uptrend,801950.SI,煤炭,37,1,0.02702702702702703,0.01,0,1,0,20260429
20260511,healthy_uptrend,801960.SI,石油石化,48,1,0.020833333333333332,0.01,0,1,0,20260429
20260511,healthy_uptrend,801970.SI,环保,136,6,0.04411764705882353,0.06,3,3,2,20260429
20260511,healthy_uptrend,801980.SI,美容护理,31,0,0.0,0.0,0,0,0,20260429
20260512,healthy_uptrend,801010.SI,农林牧渔,112,0,0.0,0.0,0,0,0,20260430
20260512,healthy_uptrend,801030.SI,基础化工,438,7,0.01598173515981735,0.07,1,6,2,20260430
20260512,healthy_uptrend,801040.SI,钢铁,44,0,0.0,0.0,0,0,0,20260430
20260512,healthy_uptrend,801050.SI,有色金属,142,5,0.035211267605633804,0.05,3,2,0,20260430
20260512,healthy_uptrend,801080.SI,电子,493,18,0.036511156186612576,0.18,0,18,0,20260430
20260512,healthy_uptrend,801110.SI,家用电器,102,2,0.0196078431372549,0.02,1,1,0,20260430
20260512,healthy_uptrend,801120.SI,食品饮料,125,0,0.0,0.0,0,0,1,20260430
20260512,healthy_uptrend,801130.SI,纺织服饰,106,1,0.009433962264150943,0.01,0,1,1,20260430
20260512,healthy_uptrend,801140.SI,轻工制造,167,3,0.017964071856287425,0.03,1,2,0,20260430
20260512,healthy_uptrend,801150.SI,医药生物,497,3,0.006036217303822937,0.03,1,2,0,20260430
20260512,healthy_uptrend,801160.SI,公用事业,133,4,0.03007518796992481,0.04,1,3,5,20260430
20260512,healthy_uptrend,801170.SI,交通运输,127,1,0.007874015748031496,0.01,1,0,2,20260430
20260512,healthy_uptrend,801180.SI,房地产,99,2,0.020202020202020204,0.02,0,2,1,20260430
20260512,healthy_uptrend,801200.SI,商贸零售,98,2,0.02040816326530612,0.02,0,2,0,20260430
20260512,healthy_uptrend,801210.SI,社会服务,84,0,0.0,0.0,0,0,1,20260430
20260512,healthy_uptrend,801230.SI,综合,15,0,0.0,0.0,0,0,0,20260430
20260512,healthy_uptrend,801710.SI,建筑材料,73,0,0.0,0.0,0,0,0,20260430
20260512,healthy_uptrend,801720.SI,建筑装饰,162,4,0.024691358024691357,0.04,2,2,1,20260430
20260512,healthy_uptrend,801730.SI,电力设备,397,13,0.0327455919395466,0.13,4,9,7,20260430
20260512,healthy_uptrend,801740.SI,国防军工,138,0,0.0,0.0,0,0,0,20260430
20260512,healthy_uptrend,801750.SI,计算机,355,5,0.014084507042253521,0.05,1,4,1,20260430
20260512,healthy_uptrend,801760.SI,传媒,131,0,0.0,0.0,0,0,0,20260430
20260512,healthy_uptrend,801770.SI,通信,127,8,0.06299212598425197,0.08,6,2,0,20260430
20260512,healthy_uptrend,801780.SI,银行,42,2,0.047619047619047616,0.02,0,2,1,20260430
20260512,healthy_uptrend,801790.SI,非银金融,81,0,0.0,0.0,0,0,1,20260430
20260512,healthy_uptrend,801880.SI,汽车,308,1,0.003246753246753247,0.01,1,0,1,20260430
20260512,healthy_uptrend,801890.SI,机械设备,592,11,0.018581081081081082,0.11,3,8,1,20260430
20260512,healthy_uptrend,801950.SI,煤炭,37,1,0.02702702702702703,0.01,0,1,0,20260430
20260512,healthy_uptrend,801960.SI,石油石化,48,1,0.020833333333333332,0.01,0,1,0,20260430
20260512,healthy_uptrend,801970.SI,环保,135,6,0.044444444444444446,0.06,3,3,3,20260430
20260512,healthy_uptrend,801980.SI,美容护理,31,0,0.0,0.0,0,0,0,20260430
20260513,healthy_uptrend,801010.SI,农林牧渔,114,0,0.0,0.0,0,0,0,20260506
20260513,healthy_uptrend,801030.SI,基础化工,438,5,0.01141552511415525,0.05,0,5,4,20260506
20260513,healthy_uptrend,801040.SI,钢铁,44,0,0.0,0.0,0,0,1,20260506
20260513,healthy_uptrend,801050.SI,有色金属,142,5,0.035211267605633804,0.05,3,2,0,20260506
20260513,healthy_uptrend,801080.SI,电子,493,18,0.036511156186612576,0.18,1,17,1,20260506
20260513,healthy_uptrend,801110.SI,家用电器,102,2,0.0196078431372549,0.02,1,1,0,20260506
20260513,healthy_uptrend,801120.SI,食品饮料,126,0,0.0,0.0,0,0,1,20260506
20260513,healthy_uptrend,801130.SI,纺织服饰,106,1,0.009433962264150943,0.01,0,1,1,20260506
20260513,healthy_uptrend,801140.SI,轻工制造,167,4,0.023952095808383235,0.04,2,2,0,20260506
20260513,healthy_uptrend,801150.SI,医药生物,497,3,0.006036217303822937,0.03,1,2,0,20260506
20260513,healthy_uptrend,801160.SI,公用事业,133,4,0.03007518796992481,0.04,1,3,4,20260506
20260513,healthy_uptrend,801170.SI,交通运输,127,1,0.007874015748031496,0.01,1,0,2,20260506
20260513,healthy_uptrend,801180.SI,房地产,99,2,0.020202020202020204,0.02,0,2,1,20260506
20260513,healthy_uptrend,801200.SI,商贸零售,98,2,0.02040816326530612,0.02,0,2,0,20260506
20260513,healthy_uptrend,801210.SI,社会服务,84,0,0.0,0.0,0,0,1,20260506
20260513,healthy_uptrend,801230.SI,综合,15,0,0.0,0.0,0,0,0,20260506
20260513,healthy_uptrend,801710.SI,建筑材料,73,0,0.0,0.0,0,0,0,20260506
20260513,healthy_uptrend,801720.SI,建筑装饰,162,5,0.030864197530864196,0.05,2,3,0,20260506
20260513,healthy_uptrend,801730.SI,电力设备,397,13,0.0327455919395466,0.13,4,9,7,20260506
20260513,healthy_uptrend,801740.SI,国防军工,139,0,0.0,0.0,0,0,0,20260506
20260513,healthy_uptrend,801750.SI,计算机,355,5,0.014084507042253521,0.05,1,4,1,20260506
20260513,healthy_uptrend,801760.SI,传媒,131,0,0.0,0.0,0,0,0,20260506
20260513,healthy_uptrend,801770.SI,通信,127,8,0.06299212598425197,0.08,6,2,0,20260506
20260513,healthy_uptrend,801780.SI,银行,42,2,0.047619047619047616,0.02,0,2,1,20260506
20260513,healthy_uptrend,801790.SI,非银金融,81,0,0.0,0.0,0,0,0,20260506
20260513,healthy_uptrend,801880.SI,汽车,307,1,0.003257328990228013,0.01,1,0,1,20260506
20260513,healthy_uptrend,801890.SI,机械设备,592,12,0.02027027027027027,0.12,4,8,0,20260506
20260513,healthy_uptrend,801950.SI,煤炭,37,1,0.02702702702702703,0.01,0,1,0,20260506
20260513,healthy_uptrend,801960.SI,石油石化,48,0,0.0,0.0,0,0,1,20260506
20260513,healthy_uptrend,801970.SI,环保,135,6,0.044444444444444446,0.06,2,4,3,20260506
20260513,healthy_uptrend,801980.SI,美容护理,31,0,0.0,0.0,0,0,0,20260506
20260514,healthy_uptrend,801010.SI,农林牧渔,114,0,0.0,0.0,0,0,0,20260507
20260514,healthy_uptrend,801030.SI,基础化工,438,5,0.01141552511415525,0.05,0,5,4,20260507
20260514,healthy_uptrend,801040.SI,钢铁,44,0,0.0,0.0,0,0,1,20260507
20260514,healthy_uptrend,801050.SI,有色金属,142,4,0.028169014084507043,0.04,2,2,1,20260507
20260514,healthy_uptrend,801080.SI,电子,493,17,0.034482758620689655,0.17,1,16,2,20260507
20260514,healthy_uptrend,801110.SI,家用电器,102,2,0.0196078431372549,0.02,0,2,0,20260507
20260514,healthy_uptrend,801120.SI,食品饮料,126,0,0.0,0.0,0,0,0,20260507
20260514,healthy_uptrend,801130.SI,纺织服饰,106,1,0.009433962264150943,0.01,0,1,0,20260507
20260514,healthy_uptrend,801140.SI,轻工制造,167,3,0.017964071856287425,0.03,1,2,0,20260507
20260514,healthy_uptrend,801150.SI,医药生物,497,3,0.006036217303822937,0.03,1,2,0,20260507
20260514,healthy_uptrend,801160.SI,公用事业,133,3,0.022556390977443608,0.03,0,3,5,20260507
20260514,healthy_uptrend,801170.SI,交通运输,127,1,0.007874015748031496,0.01,1,0,2,20260507
20260514,healthy_uptrend,801180.SI,房地产,99,2,0.020202020202020204,0.02,0,2,1,20260507
20260514,healthy_uptrend,801200.SI,商贸零售,98,2,0.02040816326530612,0.02,0,2,0,20260507
20260514,healthy_uptrend,801210.SI,社会服务,84,0,0.0,0.0,0,0,0,20260507
20260514,healthy_uptrend,801230.SI,综合,15,0,0.0,0.0,0,0,0,20260507
20260514,healthy_uptrend,801710.SI,建筑材料,73,0,0.0,0.0,0,0,0,20260507
20260514,healthy_uptrend,801720.SI,建筑装饰,162,5,0.030864197530864196,0.05,2,3,0,20260507
20260514,healthy_uptrend,801730.SI,电力设备,397,14,0.03526448362720403,0.14,4,10,7,20260507
20260514,healthy_uptrend,801740.SI,国防军工,139,1,0.007194244604316547,0.01,1,0,0,20260507
20260514,healthy_uptrend,801750.SI,计算机,355,6,0.016901408450704224,0.06,2,4,1,20260507
20260514,healthy_uptrend,801760.SI,传媒,131,0,0.0,0.0,0,0,0,20260507
20260514,healthy_uptrend,801770.SI,通信,127,9,0.07086614173228346,0.09,7,2,0,20260507
20260514,healthy_uptrend,801780.SI,银行,42,2,0.047619047619047616,0.02,0,2,1,20260507
20260514,healthy_uptrend,801790.SI,非银金融,81,0,0.0,0.0,0,0,0,20260507
20260514,healthy_uptrend,801880.SI,汽车,307,1,0.003257328990228013,0.01,1,0,1,20260507
20260514,healthy_uptrend,801890.SI,机械设备,592,13,0.02195945945945946,0.13,6,7,1,20260507
20260514,healthy_uptrend,801950.SI,煤炭,37,1,0.02702702702702703,0.01,0,1,0,20260507
20260514,healthy_uptrend,801960.SI,石油石化,47,0,0.0,0.0,0,0,1,20260507
20260514,healthy_uptrend,801970.SI,环保,136,5,0.03676470588235294,0.05,1,4,2,20260507
20260514,healthy_uptrend,801980.SI,美容护理,31,0,0.0,0.0,0,0,0,20260507
20260515,healthy_uptrend,801010.SI,农林牧渔,114,0,0.0,0.0,0,0,0,20260508
20260515,healthy_uptrend,801030.SI,基础化工,438,6,0.0136986301369863,0.06,1,5,3,20260508
20260515,healthy_uptrend,801040.SI,钢铁,44,0,0.0,0.0,0,0,1,20260508
20260515,healthy_uptrend,801050.SI,有色金属,142,4,0.028169014084507043,0.04,2,2,1,20260508
20260515,healthy_uptrend,801080.SI,电子,493,17,0.034482758620689655,0.17,1,16,2,20260508
20260515,healthy_uptrend,801110.SI,家用电器,102,1,0.00980392156862745,0.01,0,1,1,20260508
20260515,healthy_uptrend,801120.SI,食品饮料,126,0,0.0,0.0,0,0,0,20260508
20260515,healthy_uptrend,801130.SI,纺织服饰,106,1,0.009433962264150943,0.01,0,1,0,20260508
20260515,healthy_uptrend,801140.SI,轻工制造,167,3,0.017964071856287425,0.03,1,2,1,20260508
20260515,healthy_uptrend,801150.SI,医药生物,498,4,0.008032128514056224,0.04,2,2,0,20260508
20260515,healthy_uptrend,801160.SI,公用事业,133,3,0.022556390977443608,0.03,0,3,4,20260508
20260515,healthy_uptrend,801170.SI,交通运输,127,0,0.0,0.0,0,0,2,20260508
20260515,healthy_uptrend,801180.SI,房地产,99,2,0.020202020202020204,0.02,0,2,1,20260508
20260515,healthy_uptrend,801200.SI,商贸零售,98,2,0.02040816326530612,0.02,0,2,0,20260508
20260515,healthy_uptrend,801210.SI,社会服务,83,0,0.0,0.0,0,0,0,20260508
20260515,healthy_uptrend,801230.SI,综合,15,0,0.0,0.0,0,0,0,20260508
20260515,healthy_uptrend,801710.SI,建筑材料,73,0,0.0,0.0,0,0,0,20260508
20260515,healthy_uptrend,801720.SI,建筑装饰,162,5,0.030864197530864196,0.05,1,4,0,20260508
20260515,healthy_uptrend,801730.SI,电力设备,397,13,0.0327455919395466,0.13,3,10,5,20260508
20260515,healthy_uptrend,801740.SI,国防军工,139,2,0.014388489208633094,0.02,2,0,0,20260508
20260515,healthy_uptrend,801750.SI,计算机,355,5,0.014084507042253521,0.05,2,3,2,20260508
20260515,healthy_uptrend,801760.SI,传媒,131,0,0.0,0.0,0,0,0,20260508
20260515,healthy_uptrend,801770.SI,通信,127,11,0.08661417322834646,0.11,8,3,0,20260508
20260515,healthy_uptrend,801780.SI,银行,42,1,0.023809523809523808,0.01,0,1,2,20260508
20260515,healthy_uptrend,801790.SI,非银金融,81,0,0.0,0.0,0,0,0,20260508
20260515,healthy_uptrend,801880.SI,汽车,307,1,0.003257328990228013,0.01,1,0,1,20260508
20260515,healthy_uptrend,801890.SI,机械设备,592,13,0.02195945945945946,0.13,5,8,1,20260508
20260515,healthy_uptrend,801950.SI,煤炭,37,1,0.02702702702702703,0.01,0,1,0,20260508
20260515,healthy_uptrend,801960.SI,石油石化,47,0,0.0,0.0,0,0,1,20260508
20260515,healthy_uptrend,801970.SI,环保,136,5,0.03676470588235294,0.05,1,4,2,20260508
20260515,healthy_uptrend,801980.SI,美容护理,31,0,0.0,0.0,0,0,0,20260508
20260518,healthy_uptrend,801010.SI,农林牧渔,114,0,0.0,0.0,0,0,0,20260511
20260518,healthy_uptrend,801030.SI,基础化工,438,5,0.01141552511415525,0.05,1,4,3,20260511
20260518,healthy_uptrend,801040.SI,钢铁,44,0,0.0,0.0,0,0,1,20260511
20260518,healthy_uptrend,801050.SI,有色金属,142,4,0.028169014084507043,0.04,1,3,1,20260511
20260518,healthy_uptrend,801080.SI,电子,493,16,0.032454361054766734,0.16,1,15,3,20260511
20260518,healthy_uptrend,801110.SI,家用电器,103,1,0.009708737864077669,0.01,0,1,1,20260511
20260518,healthy_uptrend,801120.SI,食品饮料,126,1,0.007936507936507936,0.01,1,0,0,20260511
20260518,healthy_uptrend,801130.SI,纺织服饰,106,1,0.009433962264150943,0.01,0,1,0,20260511
20260518,healthy_uptrend,801140.SI,轻工制造,167,3,0.017964071856287425,0.03,1,2,1,20260511
20260518,healthy_uptrend,801150.SI,医药生物,498,4,0.008032128514056224,0.04,1,3,0,20260511
20260518,healthy_uptrend,801160.SI,公用事业,133,3,0.022556390977443608,0.03,0,3,3,20260511
20260518,healthy_uptrend,801170.SI,交通运输,127,0,0.0,0.0,0,0,2,20260511
20260518,healthy_uptrend,801180.SI,房地产,99,1,0.010101010101010102,0.01,0,1,2,20260511
20260518,healthy_uptrend,801200.SI,商贸零售,98,2,0.02040816326530612,0.02,0,2,0,20260511
20260518,healthy_uptrend,801210.SI,社会服务,84,0,0.0,0.0,0,0,0,20260511
20260518,healthy_uptrend,801230.SI,综合,15,0,0.0,0.0,0,0,0,20260511
20260518,healthy_uptrend,801710.SI,建筑材料,73,1,0.0136986301369863,0.01,1,0,0,20260511
20260518,healthy_uptrend,801720.SI,建筑装饰,162,5,0.030864197530864196,0.05,1,4,1,20260511
20260518,healthy_uptrend,801730.SI,电力设备,397,14,0.03526448362720403,0.14,4,10,2,20260511
20260518,healthy_uptrend,801740.SI,国防军工,139,2,0.014388489208633094,0.02,2,0,0,20260511
20260518,healthy_uptrend,801750.SI,计算机,355,5,0.014084507042253521,0.05,2,3,2,20260511
20260518,healthy_uptrend,801760.SI,传媒,131,0,0.0,0.0,0,0,0,20260511
20260518,healthy_uptrend,801770.SI,通信,127,11,0.08661417322834646,0.11,5,6,0,20260511
20260518,healthy_uptrend,801780.SI,银行,42,0,0.0,0.0,0,0,3,20260511
20260518,healthy_uptrend,801790.SI,非银金融,81,0,0.0,0.0,0,0,0,20260511
20260518,healthy_uptrend,801880.SI,汽车,307,1,0.003257328990228013,0.01,1,0,0,20260511
20260518,healthy_uptrend,801890.SI,机械设备,592,13,0.02195945945945946,0.13,6,7,2,20260511
20260518,healthy_uptrend,801950.SI,煤炭,37,0,0.0,0.0,0,0,1,20260511
20260518,healthy_uptrend,801960.SI,石油石化,47,0,0.0,0.0,0,0,1,20260511
20260518,healthy_uptrend,801970.SI,环保,136,7,0.051470588235294115,0.07,3,4,2,20260511
20260518,healthy_uptrend,801980.SI,美容护理,31,0,0.0,0.0,0,0,0,20260511
20260519,healthy_uptrend,801010.SI,农林牧渔,114,1,0.008771929824561403,0.01,1,0,0,20260512
20260519,healthy_uptrend,801030.SI,基础化工,438,5,0.01141552511415525,0.05,1,4,3,20260512
20260519,healthy_uptrend,801040.SI,钢铁,44,0,0.0,0.0,0,0,0,20260512
20260519,healthy_uptrend,801050.SI,有色金属,142,4,0.028169014084507043,0.04,0,4,1,20260512
20260519,healthy_uptrend,801080.SI,电子,492,15,0.03048780487804878,0.15,2,13,5,20260512
20260519,healthy_uptrend,801110.SI,家用电器,103,1,0.009708737864077669,0.01,0,1,1,20260512
20260519,healthy_uptrend,801120.SI,食品饮料,126,1,0.007936507936507936,0.01,1,0,0,20260512
20260519,healthy_uptrend,801130.SI,纺织服饰,106,1,0.009433962264150943,0.01,0,1,0,20260512
20260519,healthy_uptrend,801140.SI,轻工制造,167,3,0.017964071856287425,0.03,1,2,1,20260512
20260519,healthy_uptrend,801150.SI,医药生物,497,4,0.008048289738430584,0.04,1,3,0,20260512
20260519,healthy_uptrend,801160.SI,公用事业,133,2,0.015037593984962405,0.02,0,2,2,20260512
20260519,healthy_uptrend,801170.SI,交通运输,127,0,0.0,0.0,0,0,1,20260512
20260519,healthy_uptrend,801180.SI,房地产,99,1,0.010101010101010102,0.01,0,1,1,20260512
20260519,healthy_uptrend,801200.SI,商贸零售,98,2,0.02040816326530612,0.02,0,2,0,20260512
20260519,healthy_uptrend,801210.SI,社会服务,84,0,0.0,0.0,0,0,0,20260512
20260519,healthy_uptrend,801230.SI,综合,15,0,0.0,0.0,0,0,0,20260512
20260519,healthy_uptrend,801710.SI,建筑材料,73,1,0.0136986301369863,0.01,1,0,0,20260512
20260519,healthy_uptrend,801720.SI,建筑装饰,162,5,0.030864197530864196,0.05,1,4,0,20260512
20260519,healthy_uptrend,801730.SI,电力设备,397,15,0.037783375314861464,0.15,5,10,3,20260512
20260519,healthy_uptrend,801740.SI,国防军工,139,1,0.007194244604316547,0.01,1,0,0,20260512
20260519,healthy_uptrend,801750.SI,计算机,354,5,0.014124293785310734,0.05,1,4,1,20260512
20260519,healthy_uptrend,801760.SI,传媒,131,0,0.0,0.0,0,0,0,20260512
20260519,healthy_uptrend,801770.SI,通信,127,10,0.07874015748031496,0.1,2,8,0,20260512
20260519,healthy_uptrend,801780.SI,银行,42,0,0.0,0.0,0,0,2,20260512
20260519,healthy_uptrend,801790.SI,非银金融,81,0,0.0,0.0,0,0,0,20260512
20260519,healthy_uptrend,801880.SI,汽车,307,2,0.006514657980456026,0.02,1,1,0,20260512
20260519,healthy_uptrend,801890.SI,机械设备,591,14,0.023688663282571912,0.14,7,7,4,20260512
20260519,healthy_uptrend,801950.SI,煤炭,37,0,0.0,0.0,0,0,1,20260512
20260519,healthy_uptrend,801960.SI,石油石化,47,0,0.0,0.0,0,0,1,20260512
20260519,healthy_uptrend,801970.SI,环保,136,7,0.051470588235294115,0.07,2,5,1,20260512
20260519,healthy_uptrend,801980.SI,美容护理,31,0,0.0,0.0,0,0,0,20260512
20260520,healthy_uptrend,801010.SI,农林牧渔,114,1,0.008771929824561403,0.01,1,0,0,20260513
20260520,healthy_uptrend,801030.SI,基础化工,438,5,0.01141552511415525,0.05,1,4,1,20260513
20260520,healthy_uptrend,801040.SI,钢铁,44,0,0.0,0.0,0,0,0,20260513
20260520,healthy_uptrend,801050.SI,有色金属,142,3,0.02112676056338028,0.03,0,3,2,20260513
20260520,healthy_uptrend,801080.SI,电子,493,17,0.034482758620689655,0.17,3,14,4,20260513
20260520,healthy_uptrend,801110.SI,家用电器,103,1,0.009708737864077669,0.01,0,1,1,20260513
20260520,healthy_uptrend,801120.SI,食品饮料,126,1,0.007936507936507936,0.01,1,0,0,20260513
20260520,healthy_uptrend,801130.SI,纺织服饰,106,1,0.009433962264150943,0.01,0,1,0,20260513
20260520,healthy_uptrend,801140.SI,轻工制造,167,3,0.017964071856287425,0.03,0,3,1,20260513
20260520,healthy_uptrend,801150.SI,医药生物,498,3,0.006024096385542169,0.03,1,2,1,20260513
20260520,healthy_uptrend,801160.SI,公用事业,133,2,0.015037593984962405,0.02,0,2,2,20260513
20260520,healthy_uptrend,801170.SI,交通运输,127,0,0.0,0.0,0,0,1,20260513
20260520,healthy_uptrend,801180.SI,房地产,98,1,0.01020408163265306,0.01,0,1,1,20260513
20260520,healthy_uptrend,801200.SI,商贸零售,98,2,0.02040816326530612,0.02,0,2,0,20260513
20260520,healthy_uptrend,801210.SI,社会服务,84,0,0.0,0.0,0,0,0,20260513
20260520,healthy_uptrend,801230.SI,综合,15,0,0.0,0.0,0,0,0,20260513
20260520,healthy_uptrend,801710.SI,建筑材料,73,2,0.0273972602739726,0.02,2,0,0,20260513
20260520,healthy_uptrend,801720.SI,建筑装饰,161,6,0.037267080745341616,0.06,1,5,0,20260513
20260520,healthy_uptrend,801730.SI,电力设备,398,12,0.03015075376884422,0.12,5,7,6,20260513
20260520,healthy_uptrend,801740.SI,国防军工,140,1,0.007142857142857143,0.01,1,0,0,20260513
20260520,healthy_uptrend,801750.SI,计算机,355,5,0.014084507042253521,0.05,1,4,1,20260513
20260520,healthy_uptrend,801760.SI,传媒,131,0,0.0,0.0,0,0,0,20260513
20260520,healthy_uptrend,801770.SI,通信,127,10,0.07874015748031496,0.1,2,8,0,20260513
20260520,healthy_uptrend,801780.SI,银行,42,0,0.0,0.0,0,0,2,20260513
20260520,healthy_uptrend,801790.SI,非银金融,81,0,0.0,0.0,0,0,0,20260513
20260520,healthy_uptrend,801880.SI,汽车,308,3,0.00974025974025974,0.03,2,1,0,20260513
20260520,healthy_uptrend,801890.SI,机械设备,592,15,0.02533783783783784,0.15,8,7,5,20260513
20260520,healthy_uptrend,801950.SI,煤炭,37,0,0.0,0.0,0,0,1,20260513
20260520,healthy_uptrend,801960.SI,石油石化,47,0,0.0,0.0,0,0,0,20260513
20260520,healthy_uptrend,801970.SI,环保,136,6,0.04411764705882353,0.06,1,5,1,20260513
20260520,healthy_uptrend,801980.SI,美容护理,31,0,0.0,0.0,0,0,0,20260513
20260521,healthy_uptrend,801010.SI,农林牧渔,114,1,0.008771929824561403,0.01,1,0,0,20260514
20260521,healthy_uptrend,801030.SI,基础化工,438,5,0.01141552511415525,0.05,1,4,1,20260514
20260521,healthy_uptrend,801040.SI,钢铁,44,0,0.0,0.0,0,0,0,20260514
20260521,healthy_uptrend,801050.SI,有色金属,142,3,0.02112676056338028,0.03,0,3,1,20260514
20260521,healthy_uptrend,801080.SI,电子,493,19,0.038539553752535496,0.19,5,14,3,20260514
20260521,healthy_uptrend,801110.SI,家用电器,103,1,0.009708737864077669,0.01,0,1,1,20260514
20260521,healthy_uptrend,801120.SI,食品饮料,126,0,0.0,0.0,0,0,0,20260514
20260521,healthy_uptrend,801130.SI,纺织服饰,106,1,0.009433962264150943,0.01,0,1,0,20260514
20260521,healthy_uptrend,801140.SI,轻工制造,167,3,0.017964071856287425,0.03,1,2,1,20260514
20260521,healthy_uptrend,801150.SI,医药生物,498,2,0.004016064257028112,0.02,1,1,2,20260514
20260521,healthy_uptrend,801160.SI,公用事业,133,1,0.007518796992481203,0.01,0,1,2,20260514
20260521,healthy_uptrend,801170.SI,交通运输,127,0,0.0,0.0,0,0,1,20260514
20260521,healthy_uptrend,801180.SI,房地产,99,1,0.010101010101010102,0.01,0,1,1,20260514
20260521,healthy_uptrend,801200.SI,商贸零售,98,1,0.01020408163265306,0.01,0,1,1,20260514
20260521,healthy_uptrend,801210.SI,社会服务,84,0,0.0,0.0,0,0,0,20260514
20260521,healthy_uptrend,801230.SI,综合,15,0,0.0,0.0,0,0,0,20260514
20260521,healthy_uptrend,801710.SI,建筑材料,73,2,0.0273972602739726,0.02,2,0,0,20260514
20260521,healthy_uptrend,801720.SI,建筑装饰,162,4,0.024691358024691357,0.04,1,3,2,20260514
20260521,healthy_uptrend,801730.SI,电力设备,398,13,0.032663316582914576,0.13,6,7,7,20260514
20260521,healthy_uptrend,801740.SI,国防军工,140,0,0.0,0.0,0,0,1,20260514
20260521,healthy_uptrend,801750.SI,计算机,355,6,0.016901408450704224,0.06,1,5,1,20260514
20260521,healthy_uptrend,801760.SI,传媒,131,0,0.0,0.0,0,0,0,20260514
20260521,healthy_uptrend,801770.SI,通信,127,9,0.07086614173228346,0.09,2,7,2,20260514
20260521,healthy_uptrend,801780.SI,银行,42,0,0.0,0.0,0,0,2,20260514
20260521,healthy_uptrend,801790.SI,非银金融,81,0,0.0,0.0,0,0,0,20260514
20260521,healthy_uptrend,801880.SI,汽车,309,3,0.009708737864077669,0.03,2,1,0,20260514
20260521,healthy_uptrend,801890.SI,机械设备,592,18,0.030405405405405407,0.18,9,9,4,20260514
20260521,healthy_uptrend,801950.SI,煤炭,37,0,0.0,0.0,0,0,1,20260514
20260521,healthy_uptrend,801960.SI,石油石化,48,0,0.0,0.0,0,0,0,20260514
20260521,healthy_uptrend,801970.SI,环保,136,7,0.051470588235294115,0.07,3,4,1,20260514
20260521,healthy_uptrend,801980.SI,美容护理,31,0,0.0,0.0,0,0,0,20260514
20260522,healthy_uptrend,801010.SI,农林牧渔,114,1,0.008771929824561403,0.01,1,0,0,20260515
20260522,healthy_uptrend,801030.SI,基础化工,438,4,0.0091324200913242,0.04,0,4,2,20260515
20260522,healthy_uptrend,801040.SI,钢铁,44,0,0.0,0.0,0,0,0,20260515
20260522,healthy_uptrend,801050.SI,有色金属,142,3,0.02112676056338028,0.03,0,3,1,20260515
20260522,healthy_uptrend,801080.SI,电子,493,20,0.04056795131845842,0.2,6,14,3,20260515
20260522,healthy_uptrend,801110.SI,家用电器,103,1,0.009708737864077669,0.01,0,1,0,20260515
20260522,healthy_uptrend,801120.SI,食品饮料,126,0,0.0,0.0,0,0,0,20260515
20260522,healthy_uptrend,801130.SI,纺织服饰,106,0,0.0,0.0,0,0,1,20260515
20260522,healthy_uptrend,801140.SI,轻工制造,167,4,0.023952095808383235,0.04,2,2,1,20260515
20260522,healthy_uptrend,801150.SI,医药生物,497,2,0.004024144869215292,0.02,1,1,3,20260515
20260522,healthy_uptrend,801160.SI,公用事业,133,1,0.007518796992481203,0.01,0,1,2,20260515
20260522,healthy_uptrend,801170.SI,交通运输,127,0,0.0,0.0,0,0,0,20260515
20260522,healthy_uptrend,801180.SI,房地产,99,1,0.010101010101010102,0.01,0,1,1,20260515
20260522,healthy_uptrend,801200.SI,商贸零售,98,1,0.01020408163265306,0.01,0,1,1,20260515
20260522,healthy_uptrend,801210.SI,社会服务,84,0,0.0,0.0,0,0,0,20260515
20260522,healthy_uptrend,801230.SI,综合,15,0,0.0,0.0,0,0,0,20260515
20260522,healthy_uptrend,801710.SI,建筑材料,73,2,0.0273972602739726,0.02,2,0,0,20260515
20260522,healthy_uptrend,801720.SI,建筑装饰,162,2,0.012345679012345678,0.02,1,1,4,20260515
20260522,healthy_uptrend,801730.SI,电力设备,398,13,0.032663316582914576,0.13,7,6,7,20260515
20260522,healthy_uptrend,801740.SI,国防军工,140,0,0.0,0.0,0,0,2,20260515
20260522,healthy_uptrend,801750.SI,计算机,355,6,0.016901408450704224,0.06,1,5,0,20260515
20260522,healthy_uptrend,801760.SI,传媒,131,0,0.0,0.0,0,0,0,20260515
20260522,healthy_uptrend,801770.SI,通信,127,9,0.07086614173228346,0.09,1,8,3,20260515
20260522,healthy_uptrend,801780.SI,银行,42,0,0.0,0.0,0,0,1,20260515
20260522,healthy_uptrend,801790.SI,非银金融,81,0,0.0,0.0,0,0,0,20260515
20260522,healthy_uptrend,801880.SI,汽车,309,3,0.009708737864077669,0.03,2,1,0,20260515
20260522,healthy_uptrend,801890.SI,机械设备,592,20,0.033783783783783786,0.2,10,10,3,20260515
20260522,healthy_uptrend,801950.SI,煤炭,37,0,0.0,0.0,0,0,1,20260515
20260522,healthy_uptrend,801960.SI,石油石化,48,0,0.0,0.0,0,0,0,20260515
20260522,healthy_uptrend,801970.SI,环保,136,7,0.051470588235294115,0.07,3,4,1,20260515
20260522,healthy_uptrend,801980.SI,美容护理,31,0,0.0,0.0,0,0,0,20260515
20260525,healthy_uptrend,801010.SI,农林牧渔,114,1,0.008771929824561403,0.01,1,0,0,20260518
20260525,healthy_uptrend,801030.SI,基础化工,438,4,0.0091324200913242,0.04,0,4,1,20260518
20260525,healthy_uptrend,801040.SI,钢铁,44,0,0.0,0.0,0,0,0,20260518
20260525,healthy_uptrend,801050.SI,有色金属,142,3,0.02112676056338028,0.03,0,3,1,20260518
20260525,healthy_uptrend,801080.SI,电子,493,21,0.04259634888438134,0.21,8,13,3,20260518
20260525,healthy_uptrend,801110.SI,家用电器,103,1,0.009708737864077669,0.01,0,1,0,20260518
20260525,healthy_uptrend,801120.SI,食品饮料,126,0,0.0,0.0,0,0,1,20260518
20260525,healthy_uptrend,801130.SI,纺织服饰,106,0,0.0,0.0,0,0,1,20260518
20260525,healthy_uptrend,801140.SI,轻工制造,167,4,0.023952095808383235,0.04,2,2,1,20260518
20260525,healthy_uptrend,801150.SI,医药生物,497,2,0.004024144869215292,0.02,1,1,3,20260518
20260525,healthy_uptrend,801160.SI,公用事业,133,0,0.0,0.0,0,0,3,20260518
20260525,healthy_uptrend,801170.SI,交通运输,127,0,0.0,0.0,0,0,0,20260518
20260525,healthy_uptrend,801180.SI,房地产,99,1,0.010101010101010102,0.01,0,1,0,20260518
20260525,healthy_uptrend,801200.SI,商贸零售,98,1,0.01020408163265306,0.01,0,1,1,20260518
20260525,healthy_uptrend,801210.SI,社会服务,84,0,0.0,0.0,0,0,0,20260518
20260525,healthy_uptrend,801230.SI,综合,15,0,0.0,0.0,0,0,0,20260518
20260525,healthy_uptrend,801710.SI,建筑材料,73,1,0.0136986301369863,0.01,1,0,1,20260518
20260525,healthy_uptrend,801720.SI,建筑装饰,162,2,0.012345679012345678,0.02,1,1,4,20260518
20260525,healthy_uptrend,801730.SI,电力设备,398,14,0.035175879396984924,0.14,8,6,8,20260518
20260525,healthy_uptrend,801740.SI,国防军工,140,0,0.0,0.0,0,0,2,20260518
20260525,healthy_uptrend,801750.SI,计算机,355,5,0.014084507042253521,0.05,1,4,1,20260518
20260525,healthy_uptrend,801760.SI,传媒,131,0,0.0,0.0,0,0,0,20260518
20260525,healthy_uptrend,801770.SI,通信,127,10,0.07874015748031496,0.1,2,8,3,20260518
20260525,healthy_uptrend,801780.SI,银行,42,0,0.0,0.0,0,0,0,20260518
20260525,healthy_uptrend,801790.SI,非银金融,81,0,0.0,0.0,0,0,0,20260518
20260525,healthy_uptrend,801880.SI,汽车,309,4,0.012944983818770227,0.04,3,1,0,20260518
20260525,healthy_uptrend,801890.SI,机械设备,592,20,0.033783783783783786,0.2,9,11,2,20260518
20260525,healthy_uptrend,801950.SI,煤炭,37,0,0.0,0.0,0,0,0,20260518
20260525,healthy_uptrend,801960.SI,石油石化,48,0,0.0,0.0,0,0,0,20260518
20260525,healthy_uptrend,801970.SI,环保,136,6,0.04411764705882353,0.06,1,5,2,20260518
20260525,healthy_uptrend,801980.SI,美容护理,31,0,0.0,0.0,0,0,0,20260518
20260526,healthy_uptrend,801010.SI,农林牧渔,114,1,0.008771929824561403,0.01,0,1,0,20260519
20260526,healthy_uptrend,801030.SI,基础化工,438,4,0.0091324200913242,0.04,0,4,1,20260519
20260526,healthy_uptrend,801040.SI,钢铁,44,0,0.0,0.0,0,0,0,20260519
20260526,healthy_uptrend,801050.SI,有色金属,142,2,0.014084507042253521,0.02,0,2,2,20260519
20260526,healthy_uptrend,801080.SI,电子,493,24,0.0486815415821501,0.24,11,13,2,20260519
20260526,healthy_uptrend,801110.SI,家用电器,103,1,0.009708737864077669,0.01,0,1,0,20260519
20260526,healthy_uptrend,801120.SI,食品饮料,126,0,0.0,0.0,0,0,1,20260519
20260526,healthy_uptrend,801130.SI,纺织服饰,106,0,0.0,0.0,0,0,1,20260519
20260526,healthy_uptrend,801140.SI,轻工制造,167,4,0.023952095808383235,0.04,2,2,1,20260519
20260526,healthy_uptrend,801150.SI,医药生物,498,1,0.002008032128514056,0.01,1,0,4,20260519
20260526,healthy_uptrend,801160.SI,公用事业,133,0,0.0,0.0,0,0,2,20260519
20260526,healthy_uptrend,801170.SI,交通运输,127,0,0.0,0.0,0,0,0,20260519
20260526,healthy_uptrend,801180.SI,房地产,99,1,0.010101010101010102,0.01,0,1,0,20260519
20260526,healthy_uptrend,801200.SI,商贸零售,98,1,0.01020408163265306,0.01,0,1,1,20260519
20260526,healthy_uptrend,801210.SI,社会服务,84,1,0.011904761904761904,0.01,1,0,0,20260519
20260526,healthy_uptrend,801230.SI,综合,15,0,0.0,0.0,0,0,0,20260519
20260526,healthy_uptrend,801710.SI,建筑材料,73,2,0.0273972602739726,0.02,2,0,1,20260519
20260526,healthy_uptrend,801720.SI,建筑装饰,162,2,0.012345679012345678,0.02,1,1,4,20260519
20260526,healthy_uptrend,801730.SI,电力设备,398,13,0.032663316582914576,0.13,5,8,7,20260519
20260526,healthy_uptrend,801740.SI,国防军工,140,0,0.0,0.0,0,0,1,20260519
20260526,healthy_uptrend,801750.SI,计算机,354,5,0.014124293785310734,0.05,1,4,1,20260519
20260526,healthy_uptrend,801760.SI,传媒,131,0,0.0,0.0,0,0,0,20260519
20260526,healthy_uptrend,801770.SI,通信,127,11,0.08661417322834646,0.11,4,7,3,20260519
20260526,healthy_uptrend,801780.SI,银行,42,0,0.0,0.0,0,0,0,20260519
20260526,healthy_uptrend,801790.SI,非银金融,81,0,0.0,0.0,0,0,0,20260519
20260526,healthy_uptrend,801880.SI,汽车,309,3,0.009708737864077669,0.03,2,1,1,20260519
20260526,healthy_uptrend,801890.SI,机械设备,593,18,0.03035413153456998,0.18,7,11,3,20260519
20260526,healthy_uptrend,801950.SI,煤炭,37,0,0.0,0.0,0,0,0,20260519
20260526,healthy_uptrend,801960.SI,石油石化,48,0,0.0,0.0,0,0,0,20260519
20260526,healthy_uptrend,801970.SI,环保,136,6,0.04411764705882353,0.06,1,5,2,20260519
20260526,healthy_uptrend,801980.SI,美容护理,31,0,0.0,0.0,0,0,0,20260519
20260527,healthy_uptrend,801010.SI,农林牧渔,114,1,0.008771929824561403,0.01,0,1,0,20260520
20260527,healthy_uptrend,801030.SI,基础化工,438,5,0.01141552511415525,0.05,1,4,1,20260520
20260527,healthy_uptrend,801040.SI,钢铁,44,0,0.0,0.0,0,0,0,20260520
20260527,healthy_uptrend,801050.SI,有色金属,142,2,0.014084507042253521,0.02,0,2,1,20260520
20260527,healthy_uptrend,801080.SI,电子,493,25,0.05070993914807302,0.25,9,16,1,20260520
20260527,healthy_uptrend,801110.SI,家用电器,103,1,0.009708737864077669,0.01,0,1,0,20260520
20260527,healthy_uptrend,801120.SI,食品饮料,126,0,0.0,0.0,0,0,1,20260520
20260527,healthy_uptrend,801130.SI,纺织服饰,106,0,0.0,0.0,0,0,1,20260520
20260527,healthy_uptrend,801140.SI,轻工制造,167,3,0.017964071856287425,0.03,1,2,1,20260520
20260527,healthy_uptrend,801150.SI,医药生物,498,2,0.004016064257028112,0.02,2,0,3,20260520
20260527,healthy_uptrend,801160.SI,公用事业,133,0,0.0,0.0,0,0,2,20260520
20260527,healthy_uptrend,801170.SI,交通运输,127,0,0.0,0.0,0,0,0,20260520
20260527,healthy_uptrend,801180.SI,房地产,99,1,0.010101010101010102,0.01,0,1,0,20260520
20260527,healthy_uptrend,801200.SI,商贸零售,98,1,0.01020408163265306,0.01,0,1,1,20260520
20260527,healthy_uptrend,801210.SI,社会服务,84,1,0.011904761904761904,0.01,1,0,0,20260520
20260527,healthy_uptrend,801230.SI,综合,15,0,0.0,0.0,0,0,0,20260520
20260527,healthy_uptrend,801710.SI,建筑材料,74,3,0.04054054054054054,0.03,2,1,1,20260520
20260527,healthy_uptrend,801720.SI,建筑装饰,162,2,0.012345679012345678,0.02,1,1,5,20260520
20260527,healthy_uptrend,801730.SI,电力设备,398,12,0.03015075376884422,0.12,4,8,4,20260520
20260527,healthy_uptrend,801740.SI,国防军工,140,0,0.0,0.0,0,0,1,20260520
20260527,healthy_uptrend,801750.SI,计算机,353,5,0.014164305949008499,0.05,1,4,1,20260520
20260527,healthy_uptrend,801760.SI,传媒,131,0,0.0,0.0,0,0,0,20260520
20260527,healthy_uptrend,801770.SI,通信,127,9,0.07086614173228346,0.09,5,4,6,20260520
20260527,healthy_uptrend,801780.SI,银行,42,0,0.0,0.0,0,0,0,20260520
20260527,healthy_uptrend,801790.SI,非银金融,81,0,0.0,0.0,0,0,0,20260520
20260527,healthy_uptrend,801880.SI,汽车,310,4,0.012903225806451613,0.04,2,2,1,20260520
20260527,healthy_uptrend,801890.SI,机械设备,593,20,0.03372681281618887,0.2,7,13,2,20260520
20260527,healthy_uptrend,801950.SI,煤炭,37,0,0.0,0.0,0,0,0,20260520
20260527,healthy_uptrend,801960.SI,石油石化,48,0,0.0,0.0,0,0,0,20260520
20260527,healthy_uptrend,801970.SI,环保,136,3,0.022058823529411766,0.03,2,1,5,20260520
20260527,healthy_uptrend,801980.SI,美容护理,31,0,0.0,0.0,0,0,0,20260520
20260528,healthy_uptrend,801010.SI,农林牧渔,114,1,0.008771929824561403,0.01,0,1,0,20260521
20260528,healthy_uptrend,801030.SI,基础化工,438,4,0.0091324200913242,0.04,1,3,2,20260521
20260528,healthy_uptrend,801040.SI,钢铁,44,0,0.0,0.0,0,0,0,20260521
20260528,healthy_uptrend,801050.SI,有色金属,142,2,0.014084507042253521,0.02,0,2,1,20260521
20260528,healthy_uptrend,801080.SI,电子,493,28,0.056795131845841784,0.28,11,17,2,20260521
20260528,healthy_uptrend,801110.SI,家用电器,103,1,0.009708737864077669,0.01,0,1,0,20260521
20260528,healthy_uptrend,801120.SI,食品饮料,126,1,0.007936507936507936,0.01,1,0,0,20260521
20260528,healthy_uptrend,801130.SI,纺织服饰,106,0,0.0,0.0,0,0,1,20260521
20260528,healthy_uptrend,801140.SI,轻工制造,167,3,0.017964071856287425,0.03,0,3,0,20260521
20260528,healthy_uptrend,801150.SI,医药生物,498,3,0.006024096385542169,0.03,3,0,2,20260521
20260528,healthy_uptrend,801160.SI,公用事业,132,0,0.0,0.0,0,0,1,20260521
20260528,healthy_uptrend,801170.SI,交通运输,127,0,0.0,0.0,0,0,0,20260521
20260528,healthy_uptrend,801180.SI,房地产,99,1,0.010101010101010102,0.01,0,1,0,20260521
20260528,healthy_uptrend,801200.SI,商贸零售,98,0,0.0,0.0,0,0,1,20260521
20260528,healthy_uptrend,801210.SI,社会服务,84,1,0.011904761904761904,0.01,1,0,0,20260521
20260528,healthy_uptrend,801230.SI,综合,15,0,0.0,0.0,0,0,0,20260521
20260528,healthy_uptrend,801710.SI,建筑材料,74,3,0.04054054054054054,0.03,2,1,1,20260521
20260528,healthy_uptrend,801720.SI,建筑装饰,162,1,0.006172839506172839,0.01,0,1,3,20260521
20260528,healthy_uptrend,801730.SI,电力设备,398,11,0.02763819095477387,0.11,3,8,5,20260521
20260528,healthy_uptrend,801740.SI,国防军工,140,0,0.0,0.0,0,0,0,20260521
20260528,healthy_uptrend,801750.SI,计算机,354,5,0.014124293785310734,0.05,0,5,1,20260521
20260528,healthy_uptrend,801760.SI,传媒,131,0,0.0,0.0,0,0,0,20260521
20260528,healthy_uptrend,801770.SI,通信,127,9,0.07086614173228346,0.09,5,4,5,20260521
20260528,healthy_uptrend,801780.SI,银行,42,1,0.023809523809523808,0.01,1,0,0,20260521
20260528,healthy_uptrend,801790.SI,非银金融,81,0,0.0,0.0,0,0,0,20260521
20260528,healthy_uptrend,801880.SI,汽车,310,4,0.012903225806451613,0.04,2,2,1,20260521
20260528,healthy_uptrend,801890.SI,机械设备,593,19,0.03204047217537943,0.19,5,14,4,20260521
20260528,healthy_uptrend,801950.SI,煤炭,37,0,0.0,0.0,0,0,0,20260521
20260528,healthy_uptrend,801960.SI,石油石化,48,0,0.0,0.0,0,0,0,20260521
20260528,healthy_uptrend,801970.SI,环保,136,2,0.014705882352941176,0.02,0,2,5,20260521
20260528,healthy_uptrend,801980.SI,美容护理,31,0,0.0,0.0,0,0,0,20260521
20260529,healthy_uptrend,801010.SI,农林牧渔,114,0,0.0,0.0,0,0,1,20260522
20260529,healthy_uptrend,801030.SI,基础化工,437,5,0.011441647597254004,0.05,2,3,1,20260522
20260529,healthy_uptrend,801040.SI,钢铁,44,0,0.0,0.0,0,0,0,20260522
20260529,healthy_uptrend,801050.SI,有色金属,142,2,0.014084507042253521,0.02,0,2,1,20260522
20260529,healthy_uptrend,801080.SI,电子,493,28,0.056795131845841784,0.28,10,18,2,20260522
20260529,healthy_uptrend,801110.SI,家用电器,103,1,0.009708737864077669,0.01,0,1,0,20260522
20260529,healthy_uptrend,801120.SI,食品饮料,126,1,0.007936507936507936,0.01,1,0,0,20260522
20260529,healthy_uptrend,801130.SI,纺织服饰,106,1,0.009433962264150943,0.01,1,0,0,20260522
20260529,healthy_uptrend,801140.SI,轻工制造,167,3,0.017964071856287425,0.03,0,3,1,20260522
20260529,healthy_uptrend,801150.SI,医药生物,498,2,0.004016064257028112,0.02,2,0,2,20260522
20260529,healthy_uptrend,801160.SI,公用事业,132,1,0.007575757575757576,0.01,0,1,0,20260522
20260529,healthy_uptrend,801170.SI,交通运输,127,0,0.0,0.0,0,0,0,20260522
20260529,healthy_uptrend,801180.SI,房地产,99,2,0.020202020202020204,0.02,1,1,0,20260522
20260529,healthy_uptrend,801200.SI,商贸零售,98,0,0.0,0.0,0,0,1,20260522
20260529,healthy_uptrend,801210.SI,社会服务,84,1,0.011904761904761904,0.01,1,0,0,20260522
20260529,healthy_uptrend,801230.SI,综合,15,0,0.0,0.0,0,0,0,20260522
20260529,healthy_uptrend,801710.SI,建筑材料,74,3,0.04054054054054054,0.03,2,1,1,20260522
20260529,healthy_uptrend,801720.SI,建筑装饰,162,2,0.012345679012345678,0.02,1,1,1,20260522
20260529,healthy_uptrend,801730.SI,电力设备,398,8,0.020100502512562814,0.08,1,7,6,20260522
20260529,healthy_uptrend,801740.SI,国防军工,140,0,0.0,0.0,0,0,0,20260522
20260529,healthy_uptrend,801750.SI,计算机,354,5,0.014124293785310734,0.05,1,4,2,20260522
20260529,healthy_uptrend,801760.SI,传媒,131,0,0.0,0.0,0,0,0,20260522
20260529,healthy_uptrend,801770.SI,通信,127,9,0.07086614173228346,0.09,4,5,4,20260522
20260529,healthy_uptrend,801780.SI,银行,42,1,0.023809523809523808,0.01,1,0,0,20260522
20260529,healthy_uptrend,801790.SI,非银金融,81,0,0.0,0.0,0,0,0,20260522
20260529,healthy_uptrend,801880.SI,汽车,310,3,0.00967741935483871,0.03,2,1,2,20260522
20260529,healthy_uptrend,801890.SI,机械设备,593,19,0.03204047217537943,0.19,4,15,5,20260522
20260529,healthy_uptrend,801950.SI,煤炭,37,0,0.0,0.0,0,0,0,20260522
20260529,healthy_uptrend,801960.SI,石油石化,48,0,0.0,0.0,0,0,0,20260522
20260529,healthy_uptrend,801970.SI,环保,136,3,0.022058823529411766,0.03,1,2,5,20260522
20260529,healthy_uptrend,801980.SI,美容护理,31,0,0.0,0.0,0,0,0,20260522
20260601,healthy_uptrend,801010.SI,农林牧渔,114,0,0.0,0.0,0,0,1,20260525
20260601,healthy_uptrend,801030.SI,基础化工,438,4,0.0091324200913242,0.04,3,1,3,20260525
20260601,healthy_uptrend,801040.SI,钢铁,44,0,0.0,0.0,0,0,0,20260525
20260601,healthy_uptrend,801050.SI,有色金属,142,2,0.014084507042253521,0.02,0,2,1,20260525
20260601,healthy_uptrend,801080.SI,电子,493,31,0.06288032454361055,0.31,12,19,2,20260525
20260601,healthy_uptrend,801110.SI,家用电器,102,0,0.0,0.0,0,0,1,20260525
20260601,healthy_uptrend,801120.SI,食品饮料,127,1,0.007874015748031496,0.01,1,0,0,20260525
20260601,healthy_uptrend,801130.SI,纺织服饰,106,1,0.009433962264150943,0.01,1,0,0,20260525
20260601,healthy_uptrend,801140.SI,轻工制造,166,3,0.018072289156626505,0.03,0,3,1,20260525
20260601,healthy_uptrend,801150.SI,医药生物,498,2,0.004016064257028112,0.02,2,0,2,20260525
20260601,healthy_uptrend,801160.SI,公用事业,132,1,0.007575757575757576,0.01,1,0,0,20260525
20260601,healthy_uptrend,801170.SI,交通运输,127,0,0.0,0.0,0,0,0,20260525
20260601,healthy_uptrend,801180.SI,房地产,99,2,0.020202020202020204,0.02,1,1,0,20260525
20260601,healthy_uptrend,801200.SI,商贸零售,98,0,0.0,0.0,0,0,1,20260525
20260601,healthy_uptrend,801210.SI,社会服务,85,2,0.023529411764705882,0.02,2,0,0,20260525
20260601,healthy_uptrend,801230.SI,综合,15,0,0.0,0.0,0,0,0,20260525
20260601,healthy_uptrend,801710.SI,建筑材料,74,3,0.04054054054054054,0.03,2,1,0,20260525
20260601,healthy_uptrend,801720.SI,建筑装饰,162,2,0.012345679012345678,0.02,1,1,1,20260525
20260601,healthy_uptrend,801730.SI,电力设备,398,9,0.022613065326633167,0.09,1,8,6,20260525
20260601,healthy_uptrend,801740.SI,国防军工,140,0,0.0,0.0,0,0,0,20260525
20260601,healthy_uptrend,801750.SI,计算机,354,3,0.00847457627118644,0.03,0,3,2,20260525
20260601,healthy_uptrend,801760.SI,传媒,130,0,0.0,0.0,0,0,0,20260525
20260601,healthy_uptrend,801770.SI,通信,127,9,0.07086614173228346,0.09,3,6,4,20260525
20260601,healthy_uptrend,801780.SI,银行,42,1,0.023809523809523808,0.01,1,0,0,20260525
20260601,healthy_uptrend,801790.SI,非银金融,82,0,0.0,0.0,0,0,0,20260525
20260601,healthy_uptrend,801880.SI,汽车,310,1,0.0032258064516129032,0.01,1,0,4,20260525
20260601,healthy_uptrend,801890.SI,机械设备,594,18,0.030303030303030304,0.18,5,13,7,20260525
20260601,healthy_uptrend,801950.SI,煤炭,37,0,0.0,0.0,0,0,0,20260525
20260601,healthy_uptrend,801960.SI,石油石化,48,0,0.0,0.0,0,0,0,20260525
20260601,healthy_uptrend,801970.SI,环保,136,5,0.03676470588235294,0.05,1,4,2,20260525
20260601,healthy_uptrend,801980.SI,美容护理,31,0,0.0,0.0,0,0,0,20260525
20260602,healthy_uptrend,801010.SI,农林牧渔,113,0,0.0,0.0,0,0,1,20260526
20260602,healthy_uptrend,801030.SI,基础化工,439,4,0.009111617312072893,0.04,3,1,3,20260526
20260602,healthy_uptrend,801040.SI,钢铁,44,0,0.0,0.0,0,0,0,20260526
20260602,healthy_uptrend,801050.SI,有色金属,142,2,0.014084507042253521,0.02,0,2,0,20260526
20260602,healthy_uptrend,801080.SI,电子,494,30,0.06072874493927125,0.3,9,21,3,20260526
20260602,healthy_uptrend,801110.SI,家用电器,103,1,0.009708737864077669,0.01,0,1,0,20260526
20260602,healthy_uptrend,801120.SI,食品饮料,127,1,0.007874015748031496,0.01,1,0,0,20260526
20260602,healthy_uptrend,801130.SI,纺织服饰,106,1,0.009433962264150943,0.01,1,0,0,20260526
20260602,healthy_uptrend,801140.SI,轻工制造,166,3,0.018072289156626505,0.03,0,3,1,20260526
20260602,healthy_uptrend,801150.SI,医药生物,498,2,0.004016064257028112,0.02,2,0,1,20260526
20260602,healthy_uptrend,801160.SI,公用事业,132,1,0.007575757575757576,0.01,1,0,0,20260526
20260602,healthy_uptrend,801170.SI,交通运输,127,0,0.0,0.0,0,0,0,20260526
20260602,healthy_uptrend,801180.SI,房地产,97,2,0.020618556701030927,0.02,1,1,0,20260526
20260602,healthy_uptrend,801200.SI,商贸零售,98,0,0.0,0.0,0,0,1,20260526
20260602,healthy_uptrend,801210.SI,社会服务,85,2,0.023529411764705882,0.02,1,1,0,20260526
20260602,healthy_uptrend,801230.SI,综合,15,0,0.0,0.0,0,0,0,20260526
20260602,healthy_uptrend,801710.SI,建筑材料,74,2,0.02702702702702703,0.02,1,1,1,20260526
20260602,healthy_uptrend,801720.SI,建筑装饰,161,3,0.018633540372670808,0.03,2,1,1,20260526
20260602,healthy_uptrend,801730.SI,电力设备,398,11,0.02763819095477387,0.11,4,7,6,20260526
20260602,healthy_uptrend,801740.SI,国防军工,140,0,0.0,0.0,0,0,0,20260526
20260602,healthy_uptrend,801750.SI,计算机,355,1,0.0028169014084507044,0.01,0,1,4,20260526
20260602,healthy_uptrend,801760.SI,传媒,131,0,0.0,0.0,0,0,0,20260526
20260602,healthy_uptrend,801770.SI,通信,127,10,0.07874015748031496,0.1,3,7,4,20260526
20260602,healthy_uptrend,801780.SI,银行,42,1,0.023809523809523808,0.01,1,0,0,20260526
20260602,healthy_uptrend,801790.SI,非银金融,82,0,0.0,0.0,0,0,0,20260526
20260602,healthy_uptrend,801880.SI,汽车,310,1,0.0032258064516129032,0.01,1,0,3,20260526
20260602,healthy_uptrend,801890.SI,机械设备,594,17,0.02861952861952862,0.17,7,10,8,20260526
20260602,healthy_uptrend,801950.SI,煤炭,37,0,0.0,0.0,0,0,0,20260526
20260602,healthy_uptrend,801960.SI,石油石化,48,0,0.0,0.0,0,0,0,20260526
20260602,healthy_uptrend,801970.SI,环保,136,5,0.03676470588235294,0.05,1,4,2,20260526
20260602,healthy_uptrend,801980.SI,美容护理,31,0,0.0,0.0,0,0,0,20260526
20260603,healthy_uptrend,801010.SI,农林牧渔,114,0,0.0,0.0,0,0,1,20260527
20260603,healthy_uptrend,801030.SI,基础化工,439,3,0.00683371298405467,0.03,1,2,3,20260527
20260603,healthy_uptrend,801040.SI,钢铁,44,0,0.0,0.0,0,0,0,20260527
20260603,healthy_uptrend,801050.SI,有色金属,142,2,0.014084507042253521,0.02,0,2,0,20260527
20260603,healthy_uptrend,801080.SI,电子,494,35,0.0708502024291498,0.35,15,20,5,20260527
20260603,healthy_uptrend,801110.SI,家用电器,103,1,0.009708737864077669,0.01,0,1,0,20260527
20260603,healthy_uptrend,801120.SI,食品饮料,127,1,0.007874015748031496,0.01,1,0,0,20260527
20260603,healthy_uptrend,801130.SI,纺织服饰,106,1,0.009433962264150943,0.01,1,0,0,20260527
20260603,healthy_uptrend,801140.SI,轻工制造,166,2,0.012048192771084338,0.02,0,2,1,20260527
20260603,healthy_uptrend,801150.SI,医药生物,498,2,0.004016064257028112,0.02,2,0,2,20260527
20260603,healthy_uptrend,801160.SI,公用事业,132,1,0.007575757575757576,0.01,1,0,0,20260527
20260603,healthy_uptrend,801170.SI,交通运输,127,0,0.0,0.0,0,0,0,20260527
20260603,healthy_uptrend,801180.SI,房地产,99,2,0.020202020202020204,0.02,1,1,0,20260527
20260603,healthy_uptrend,801200.SI,商贸零售,98,0,0.0,0.0,0,0,1,20260527
20260603,healthy_uptrend,801210.SI,社会服务,85,2,0.023529411764705882,0.02,1,1,0,20260527
20260603,healthy_uptrend,801230.SI,综合,15,0,0.0,0.0,0,0,0,20260527
20260603,healthy_uptrend,801710.SI,建筑材料,75,2,0.02666666666666667,0.02,0,2,1,20260527
20260603,healthy_uptrend,801720.SI,建筑装饰,162,3,0.018518518518518517,0.03,2,1,1,20260527
20260603,healthy_uptrend,801730.SI,电力设备,398,10,0.02512562814070352,0.1,4,6,6,20260527
20260603,healthy_uptrend,801740.SI,国防军工,140,0,0.0,0.0,0,0,0,20260527
20260603,healthy_uptrend,801750.SI,计算机,355,1,0.0028169014084507044,0.01,0,1,4,20260527
20260603,healthy_uptrend,801760.SI,传媒,131,0,0.0,0.0,0,0,0,20260527
20260603,healthy_uptrend,801770.SI,通信,127,9,0.07086614173228346,0.09,2,7,2,20260527
20260603,healthy_uptrend,801780.SI,银行,42,2,0.047619047619047616,0.02,2,0,0,20260527
20260603,healthy_uptrend,801790.SI,非银金融,82,0,0.0,0.0,0,0,0,20260527
20260603,healthy_uptrend,801880.SI,汽车,310,1,0.0032258064516129032,0.01,0,1,3,20260527
20260603,healthy_uptrend,801890.SI,机械设备,594,17,0.02861952861952862,0.17,8,9,11,20260527
20260603,healthy_uptrend,801950.SI,煤炭,37,0,0.0,0.0,0,0,0,20260527
20260603,healthy_uptrend,801960.SI,石油石化,48,0,0.0,0.0,0,0,0,20260527
20260603,healthy_uptrend,801970.SI,环保,136,3,0.022058823529411766,0.03,1,2,1,20260527
20260603,healthy_uptrend,801980.SI,美容护理,31,0,0.0,0.0,0,0,0,20260527
20260604,healthy_uptrend,801010.SI,农林牧渔,114,0,0.0,0.0,0,0,1,20260528
20260604,healthy_uptrend,801030.SI,基础化工,439,3,0.00683371298405467,0.03,1,2,2,20260528
20260604,healthy_uptrend,801040.SI,钢铁,44,0,0.0,0.0,0,0,0,20260528
20260604,healthy_uptrend,801050.SI,有色金属,142,3,0.02112676056338028,0.03,1,2,0,20260528
20260604,healthy_uptrend,801080.SI,电子,494,32,0.06477732793522267,0.32,13,19,9,20260528
20260604,healthy_uptrend,801110.SI,家用电器,103,1,0.009708737864077669,0.01,0,1,0,20260528
20260604,healthy_uptrend,801120.SI,食品饮料,127,1,0.007874015748031496,0.01,0,1,0,20260528
20260604,healthy_uptrend,801130.SI,纺织服饰,106,1,0.009433962264150943,0.01,1,0,0,20260528
20260604,healthy_uptrend,801140.SI,轻工制造,166,3,0.018072289156626505,0.03,1,2,1,20260528
20260604,healthy_uptrend,801150.SI,医药生物,498,4,0.008032128514056224,0.04,2,2,1,20260528
20260604,healthy_uptrend,801160.SI,公用事业,132,1,0.007575757575757576,0.01,1,0,0,20260528
20260604,healthy_uptrend,801170.SI,交通运输,127,1,0.007874015748031496,0.01,1,0,0,20260528
20260604,healthy_uptrend,801180.SI,房地产,99,2,0.020202020202020204,0.02,1,1,0,20260528
20260604,healthy_uptrend,801200.SI,商贸零售,98,0,0.0,0.0,0,0,0,20260528
20260604,healthy_uptrend,801210.SI,社会服务,85,2,0.023529411764705882,0.02,1,1,0,20260528
20260604,healthy_uptrend,801230.SI,综合,15,0,0.0,0.0,0,0,0,20260528
20260604,healthy_uptrend,801710.SI,建筑材料,75,2,0.02666666666666667,0.02,0,2,1,20260528
20260604,healthy_uptrend,801720.SI,建筑装饰,162,2,0.012345679012345678,0.02,2,0,1,20260528
20260604,healthy_uptrend,801730.SI,电力设备,399,8,0.020050125313283207,0.08,4,4,7,20260528
20260604,healthy_uptrend,801740.SI,国防军工,140,0,0.0,0.0,0,0,0,20260528
20260604,healthy_uptrend,801750.SI,计算机,355,2,0.005633802816901409,0.02,0,2,3,20260528
20260604,healthy_uptrend,801760.SI,传媒,131,0,0.0,0.0,0,0,0,20260528
20260604,healthy_uptrend,801770.SI,通信,127,10,0.07874015748031496,0.1,3,7,2,20260528
20260604,healthy_uptrend,801780.SI,银行,42,2,0.047619047619047616,0.02,1,1,0,20260528
20260604,healthy_uptrend,801790.SI,非银金融,82,0,0.0,0.0,0,0,0,20260528
20260604,healthy_uptrend,801880.SI,汽车,310,1,0.0032258064516129032,0.01,0,1,3,20260528
20260604,healthy_uptrend,801890.SI,机械设备,594,16,0.026936026936026935,0.16,7,9,10,20260528
20260604,healthy_uptrend,801950.SI,煤炭,37,0,0.0,0.0,0,0,0,20260528
20260604,healthy_uptrend,801960.SI,石油石化,48,0,0.0,0.0,0,0,0,20260528
20260604,healthy_uptrend,801970.SI,环保,136,3,0.022058823529411766,0.03,1,2,0,20260528
20260604,healthy_uptrend,801980.SI,美容护理,31,0,0.0,0.0,0,0,0,20260528
20260605,healthy_uptrend,801010.SI,农林牧渔,114,0,0.0,0.0,0,0,0,20260529
20260605,healthy_uptrend,801030.SI,基础化工,439,3,0.00683371298405467,0.03,1,2,3,20260529
20260605,healthy_uptrend,801040.SI,钢铁,44,0,0.0,0.0,0,0,0,20260529
20260605,healthy_uptrend,801050.SI,有色金属,142,3,0.02112676056338028,0.03,1,2,0,20260529
20260605,healthy_uptrend,801080.SI,电子,494,33,0.06680161943319839,0.33,13,20,8,20260529
20260605,healthy_uptrend,801110.SI,家用电器,103,2,0.019417475728155338,0.02,1,1,0,20260529
20260605,healthy_uptrend,801120.SI,食品饮料,127,1,0.007874015748031496,0.01,0,1,0,20260529
20260605,healthy_uptrend,801130.SI,纺织服饰,106,2,0.018867924528301886,0.02,1,1,0,20260529
20260605,healthy_uptrend,801140.SI,轻工制造,167,3,0.017964071856287425,0.03,1,2,1,20260529
20260605,healthy_uptrend,801150.SI,医药生物,499,3,0.006012024048096192,0.03,2,1,1,20260529
20260605,healthy_uptrend,801160.SI,公用事业,132,1,0.007575757575757576,0.01,0,1,0,20260529
20260605,healthy_uptrend,801170.SI,交通运输,127,0,0.0,0.0,0,0,0,20260529
20260605,healthy_uptrend,801180.SI,房地产,99,1,0.010101010101010102,0.01,0,1,1,20260529
20260605,healthy_uptrend,801200.SI,商贸零售,98,0,0.0,0.0,0,0,0,20260529
20260605,healthy_uptrend,801210.SI,社会服务,85,2,0.023529411764705882,0.02,1,1,0,20260529
20260605,healthy_uptrend,801230.SI,综合,15,0,0.0,0.0,0,0,0,20260529
20260605,healthy_uptrend,801710.SI,建筑材料,75,2,0.02666666666666667,0.02,0,2,1,20260529
20260605,healthy_uptrend,801720.SI,建筑装饰,162,1,0.006172839506172839,0.01,0,1,1,20260529
20260605,healthy_uptrend,801730.SI,电力设备,399,7,0.017543859649122806,0.07,4,3,5,20260529
20260605,healthy_uptrend,801740.SI,国防军工,140,0,0.0,0.0,0,0,0,20260529
20260605,healthy_uptrend,801750.SI,计算机,355,2,0.005633802816901409,0.02,0,2,3,20260529
20260605,healthy_uptrend,801760.SI,传媒,131,0,0.0,0.0,0,0,0,20260529
20260605,healthy_uptrend,801770.SI,通信,127,11,0.08661417322834646,0.11,3,8,1,20260529
20260605,healthy_uptrend,801780.SI,银行,42,2,0.047619047619047616,0.02,1,1,0,20260529
20260605,healthy_uptrend,801790.SI,非银金融,82,0,0.0,0.0,0,0,0,20260529
20260605,healthy_uptrend,801880.SI,汽车,310,0,0.0,0.0,0,0,3,20260529
20260605,healthy_uptrend,801890.SI,机械设备,594,16,0.026936026936026935,0.16,6,10,9,20260529
20260605,healthy_uptrend,801950.SI,煤炭,37,1,0.02702702702702703,0.01,1,0,0,20260529
20260605,healthy_uptrend,801960.SI,石油石化,48,0,0.0,0.0,0,0,0,20260529
20260605,healthy_uptrend,801970.SI,环保,136,4,0.029411764705882353,0.04,2,2,1,20260529
20260605,healthy_uptrend,801980.SI,美容护理,31,0,0.0,0.0,0,0,0,20260529
20260608,healthy_uptrend,801010.SI,农林牧渔,114,0,0.0,0.0,0,0,0,20260601
20260608,healthy_uptrend,801030.SI,基础化工,438,4,0.0091324200913242,0.04,1,3,1,20260601
20260608,healthy_uptrend,801040.SI,钢铁,44,0,0.0,0.0,0,0,0,20260601
20260608,healthy_uptrend,801050.SI,有色金属,142,3,0.02112676056338028,0.03,1,2,0,20260601
20260608,healthy_uptrend,801080.SI,电子,493,33,0.06693711967545639,0.33,9,24,7,20260601
20260608,healthy_uptrend,801110.SI,家用电器,103,1,0.009708737864077669,0.01,1,0,0,20260601
20260608,healthy_uptrend,801120.SI,食品饮料,127,1,0.007874015748031496,0.01,0,1,0,20260601
20260608,healthy_uptrend,801130.SI,纺织服饰,106,2,0.018867924528301886,0.02,1,1,0,20260601
20260608,healthy_uptrend,801140.SI,轻工制造,167,3,0.017964071856287425,0.03,1,2,1,20260601
20260608,healthy_uptrend,801150.SI,医药生物,499,3,0.006012024048096192,0.03,1,2,0,20260601
20260608,healthy_uptrend,801160.SI,公用事业,132,1,0.007575757575757576,0.01,0,1,0,20260601
20260608,healthy_uptrend,801170.SI,交通运输,128,0,0.0,0.0,0,0,0,20260601
20260608,healthy_uptrend,801180.SI,房地产,99,1,0.010101010101010102,0.01,1,0,2,20260601
20260608,healthy_uptrend,801200.SI,商贸零售,99,0,0.0,0.0,0,0,0,20260601
20260608,healthy_uptrend,801210.SI,社会服务,85,2,0.023529411764705882,0.02,0,2,0,20260601
20260608,healthy_uptrend,801230.SI,综合,15,0,0.0,0.0,0,0,0,20260601
20260608,healthy_uptrend,801710.SI,建筑材料,75,1,0.013333333333333334,0.01,0,1,2,20260601
20260608,healthy_uptrend,801720.SI,建筑装饰,163,1,0.006134969325153374,0.01,0,1,1,20260601
20260608,healthy_uptrend,801730.SI,电力设备,399,7,0.017543859649122806,0.07,3,4,5,20260601
20260608,healthy_uptrend,801740.SI,国防军工,140,0,0.0,0.0,0,0,0,20260601
20260608,healthy_uptrend,801750.SI,计算机,355,2,0.005633802816901409,0.02,1,1,2,20260601
20260608,healthy_uptrend,801760.SI,传媒,130,0,0.0,0.0,0,0,0,20260601
20260608,healthy_uptrend,801770.SI,通信,127,12,0.09448818897637795,0.12,3,9,0,20260601
20260608,healthy_uptrend,801780.SI,银行,42,3,0.07142857142857142,0.03,2,1,0,20260601
20260608,healthy_uptrend,801790.SI,非银金融,82,0,0.0,0.0,0,0,0,20260601
20260608,healthy_uptrend,801880.SI,汽车,310,0,0.0,0.0,0,0,1,20260601
20260608,healthy_uptrend,801890.SI,机械设备,594,15,0.025252525252525252,0.15,5,10,8,20260601
20260608,healthy_uptrend,801950.SI,煤炭,37,1,0.02702702702702703,0.01,1,0,0,20260601
20260608,healthy_uptrend,801960.SI,石油石化,48,0,0.0,0.0,0,0,0,20260601
20260608,healthy_uptrend,801970.SI,环保,137,4,0.029197080291970802,0.04,1,3,2,20260601
20260608,healthy_uptrend,801980.SI,美容护理,31,0,0.0,0.0,0,0,0,20260601
20260609,healthy_uptrend,801010.SI,农林牧渔,114,0,0.0,0.0,0,0,0,20260602
20260609,healthy_uptrend,801030.SI,基础化工,438,2,0.0045662100456621,0.02,1,1,3,20260602
20260609,healthy_uptrend,801040.SI,钢铁,44,0,0.0,0.0,0,0,0,20260602
20260609,healthy_uptrend,801050.SI,有色金属,141,4,0.028368794326241134,0.04,2,2,0,20260602
20260609,healthy_uptrend,801080.SI,电子,494,34,0.06882591093117409,0.34,11,23,7,20260602
20260609,healthy_uptrend,801110.SI,家用电器,103,1,0.009708737864077669,0.01,1,0,1,20260602
20260609,healthy_uptrend,801120.SI,食品饮料,127,1,0.007874015748031496,0.01,0,1,0,20260602
20260609,healthy_uptrend,801130.SI,纺织服饰,106,2,0.018867924528301886,0.02,1,1,0,20260602
20260609,healthy_uptrend,801140.SI,轻工制造,167,2,0.011976047904191617,0.02,1,1,2,20260602
20260609,healthy_uptrend,801150.SI,医药生物,499,4,0.008016032064128256,0.04,2,2,0,20260602
20260609,healthy_uptrend,801160.SI,公用事业,132,1,0.007575757575757576,0.01,0,1,0,20260602
20260609,healthy_uptrend,801170.SI,交通运输,127,0,0.0,0.0,0,0,0,20260602
20260609,healthy_uptrend,801180.SI,房地产,99,1,0.010101010101010102,0.01,1,0,2,20260602
20260609,healthy_uptrend,801200.SI,商贸零售,99,0,0.0,0.0,0,0,0,20260602
20260609,healthy_uptrend,801210.SI,社会服务,85,1,0.011764705882352941,0.01,0,1,1,20260602
20260609,healthy_uptrend,801230.SI,综合,15,0,0.0,0.0,0,0,0,20260602
20260609,healthy_uptrend,801710.SI,建筑材料,75,1,0.013333333333333334,0.01,0,1,1,20260602
20260609,healthy_uptrend,801720.SI,建筑装饰,163,2,0.012269938650306749,0.02,1,1,2,20260602
20260609,healthy_uptrend,801730.SI,电力设备,399,10,0.02506265664160401,0.1,4,6,5,20260602
20260609,healthy_uptrend,801740.SI,国防军工,139,0,0.0,0.0,0,0,0,20260602
20260609,healthy_uptrend,801750.SI,计算机,355,2,0.005633802816901409,0.02,1,1,0,20260602
20260609,healthy_uptrend,801760.SI,传媒,131,0,0.0,0.0,0,0,0,20260602
20260609,healthy_uptrend,801770.SI,通信,127,11,0.08661417322834646,0.11,2,9,1,20260602
20260609,healthy_uptrend,801780.SI,银行,42,3,0.07142857142857142,0.03,2,1,0,20260602
20260609,healthy_uptrend,801790.SI,非银金融,82,0,0.0,0.0,0,0,0,20260602
20260609,healthy_uptrend,801880.SI,汽车,310,0,0.0,0.0,0,0,1,20260602
20260609,healthy_uptrend,801890.SI,机械设备,594,13,0.021885521885521887,0.13,5,8,9,20260602
20260609,healthy_uptrend,801950.SI,煤炭,37,1,0.02702702702702703,0.01,1,0,0,20260602
20260609,healthy_uptrend,801960.SI,石油石化,48,0,0.0,0.0,0,0,0,20260602
20260609,healthy_uptrend,801970.SI,环保,137,4,0.029197080291970802,0.04,1,3,2,20260602
20260609,healthy_uptrend,801980.SI,美容护理,31,0,0.0,0.0,0,0,0,20260602
20260610,healthy_uptrend,801010.SI,农林牧渔,114,0,0.0,0.0,0,0,0,20260603
20260610,healthy_uptrend,801030.SI,基础化工,437,1,0.002288329519450801,0.01,1,0,3,20260603
20260610,healthy_uptrend,801040.SI,钢铁,44,0,0.0,0.0,0,0,0,20260603
20260610,healthy_uptrend,801050.SI,有色金属,141,3,0.02127659574468085,0.03,1,2,0,20260603
20260610,healthy_uptrend,801080.SI,电子,494,34,0.06882591093117409,0.34,9,25,10,20260603
20260610,healthy_uptrend,801110.SI,家用电器,103,1,0.009708737864077669,0.01,1,0,1,20260603
20260610,healthy_uptrend,801120.SI,食品饮料,127,1,0.007874015748031496,0.01,0,1,0,20260603
20260610,healthy_uptrend,801130.SI,纺织服饰,106,2,0.018867924528301886,0.02,1,1,0,20260603
20260610,healthy_uptrend,801140.SI,轻工制造,167,2,0.011976047904191617,0.02,1,1,1,20260603
20260610,healthy_uptrend,801150.SI,医药生物,499,3,0.006012024048096192,0.03,1,2,0,20260603
20260610,healthy_uptrend,801160.SI,公用事业,132,1,0.007575757575757576,0.01,0,1,0,20260603
20260610,healthy_uptrend,801170.SI,交通运输,127,0,0.0,0.0,0,0,0,20260603
20260610,healthy_uptrend,801180.SI,房地产,99,1,0.010101010101010102,0.01,1,0,2,20260603
20260610,healthy_uptrend,801200.SI,商贸零售,99,0,0.0,0.0,0,0,0,20260603
20260610,healthy_uptrend,801210.SI,社会服务,84,1,0.011904761904761904,0.01,0,1,1,20260603
20260610,healthy_uptrend,801230.SI,综合,15,0,0.0,0.0,0,0,0,20260603
20260610,healthy_uptrend,801710.SI,建筑材料,75,1,0.013333333333333334,0.01,0,1,1,20260603
20260610,healthy_uptrend,801720.SI,建筑装饰,163,2,0.012269938650306749,0.02,1,1,2,20260603
20260610,healthy_uptrend,801730.SI,电力设备,399,11,0.02756892230576441,0.11,7,4,6,20260603
20260610,healthy_uptrend,801740.SI,国防军工,139,0,0.0,0.0,0,0,0,20260603
20260610,healthy_uptrend,801750.SI,计算机,355,2,0.005633802816901409,0.02,1,1,0,20260603
20260610,healthy_uptrend,801760.SI,传媒,131,0,0.0,0.0,0,0,0,20260603
20260610,healthy_uptrend,801770.SI,通信,127,11,0.08661417322834646,0.11,3,8,1,20260603
20260610,healthy_uptrend,801780.SI,银行,42,3,0.07142857142857142,0.03,1,2,0,20260603
20260610,healthy_uptrend,801790.SI,非银金融,82,0,0.0,0.0,0,0,0,20260603
20260610,healthy_uptrend,801880.SI,汽车,310,0,0.0,0.0,0,0,1,20260603
20260610,healthy_uptrend,801890.SI,机械设备,594,15,0.025252525252525252,0.15,4,11,6,20260603
20260610,healthy_uptrend,801950.SI,煤炭,37,1,0.02702702702702703,0.01,1,0,0,20260603
20260610,healthy_uptrend,801960.SI,石油石化,48,0,0.0,0.0,0,0,0,20260603
20260610,healthy_uptrend,801970.SI,环保,137,4,0.029197080291970802,0.04,1,3,0,20260603
20260610,healthy_uptrend,801980.SI,美容护理,31,0,0.0,0.0,0,0,0,20260603
20260611,healthy_uptrend,801010.SI,农林牧渔,114,0,0.0,0.0,0,0,0,20260604
20260611,healthy_uptrend,801030.SI,基础化工,438,2,0.0045662100456621,0.02,2,0,3,20260604
20260611,healthy_uptrend,801040.SI,钢铁,44,0,0.0,0.0,0,0,0,20260604
20260611,healthy_uptrend,801050.SI,有色金属,141,3,0.02127659574468085,0.03,1,2,1,20260604
20260611,healthy_uptrend,801080.SI,电子,494,35,0.0708502024291498,0.35,12,23,9,20260604
20260611,healthy_uptrend,801110.SI,家用电器,103,1,0.009708737864077669,0.01,1,0,1,20260604
20260611,healthy_uptrend,801120.SI,食品饮料,127,1,0.007874015748031496,0.01,0,1,0,20260604
20260611,healthy_uptrend,801130.SI,纺织服饰,106,1,0.009433962264150943,0.01,1,0,1,20260604
20260611,healthy_uptrend,801140.SI,轻工制造,167,1,0.005988023952095809,0.01,0,1,2,20260604
20260611,healthy_uptrend,801150.SI,医药生物,498,3,0.006024096385542169,0.03,0,3,1,20260604
20260611,healthy_uptrend,801160.SI,公用事业,132,1,0.007575757575757576,0.01,0,1,0,20260604
20260611,healthy_uptrend,801170.SI,交通运输,127,0,0.0,0.0,0,0,1,20260604
20260611,healthy_uptrend,801180.SI,房地产,99,0,0.0,0.0,0,0,2,20260604
20260611,healthy_uptrend,801200.SI,商贸零售,99,0,0.0,0.0,0,0,0,20260604
20260611,healthy_uptrend,801210.SI,社会服务,84,1,0.011904761904761904,0.01,0,1,1,20260604
20260611,healthy_uptrend,801230.SI,综合,15,0,0.0,0.0,0,0,0,20260604
20260611,healthy_uptrend,801710.SI,建筑材料,75,1,0.013333333333333334,0.01,0,1,1,20260604
20260611,healthy_uptrend,801720.SI,建筑装饰,163,2,0.012269938650306749,0.02,1,1,1,20260604
20260611,healthy_uptrend,801730.SI,电力设备,398,12,0.03015075376884422,0.12,8,4,4,20260604
20260611,healthy_uptrend,801740.SI,国防军工,139,0,0.0,0.0,0,0,0,20260604
20260611,healthy_uptrend,801750.SI,计算机,355,2,0.005633802816901409,0.02,0,2,0,20260604
20260611,healthy_uptrend,801760.SI,传媒,131,0,0.0,0.0,0,0,0,20260604
20260611,healthy_uptrend,801770.SI,通信,127,11,0.08661417322834646,0.11,2,9,1,20260604
20260611,healthy_uptrend,801780.SI,银行,42,3,0.07142857142857142,0.03,1,2,0,20260604
20260611,healthy_uptrend,801790.SI,非银金融,82,0,0.0,0.0,0,0,0,20260604
20260611,healthy_uptrend,801880.SI,汽车,310,0,0.0,0.0,0,0,1,20260604
20260611,healthy_uptrend,801890.SI,机械设备,593,14,0.023608768971332208,0.14,5,9,7,20260604
20260611,healthy_uptrend,801950.SI,煤炭,37,1,0.02702702702702703,0.01,1,0,0,20260604
20260611,healthy_uptrend,801960.SI,石油石化,48,0,0.0,0.0,0,0,0,20260604
20260611,healthy_uptrend,801970.SI,环保,137,5,0.0364963503649635,0.05,2,3,0,20260604
20260611,healthy_uptrend,801980.SI,美容护理,31,0,0.0,0.0,0,0,0,20260604
20260612,healthy_uptrend,801010.SI,农林牧渔,114,0,0.0,0.0,0,0,0,20260605
20260612,healthy_uptrend,801030.SI,基础化工,438,2,0.0045662100456621,0.02,2,0,3,20260605
20260612,healthy_uptrend,801040.SI,钢铁,44,0,0.0,0.0,0,0,0,20260605
20260612,healthy_uptrend,801050.SI,有色金属,141,4,0.028368794326241134,0.04,2,2,1,20260605
20260612,healthy_uptrend,801080.SI,电子,493,35,0.07099391480730223,0.35,11,24,9,20260605
20260612,healthy_uptrend,801110.SI,家用电器,103,1,0.009708737864077669,0.01,0,1,1,20260605
20260612,healthy_uptrend,801120.SI,食品饮料,127,1,0.007874015748031496,0.01,0,1,0,20260605
20260612,healthy_uptrend,801130.SI,纺织服饰,106,1,0.009433962264150943,0.01,0,1,1,20260605
20260612,healthy_uptrend,801140.SI,轻工制造,167,1,0.005988023952095809,0.01,0,1,2,20260605
20260612,healthy_uptrend,801150.SI,医药生物,500,2,0.004,0.02,1,1,2,20260605
20260612,healthy_uptrend,801160.SI,公用事业,132,1,0.007575757575757576,0.01,0,1,0,20260605
20260612,healthy_uptrend,801170.SI,交通运输,127,0,0.0,0.0,0,0,0,20260605
20260612,healthy_uptrend,801180.SI,房地产,99,1,0.010101010101010102,0.01,1,0,1,20260605
20260612,healthy_uptrend,801200.SI,商贸零售,99,0,0.0,0.0,0,0,0,20260605
20260612,healthy_uptrend,801210.SI,社会服务,85,1,0.011764705882352941,0.01,0,1,1,20260605
20260612,healthy_uptrend,801230.SI,综合,15,0,0.0,0.0,0,0,0,20260605
20260612,healthy_uptrend,801710.SI,建筑材料,75,2,0.02666666666666667,0.02,1,1,1,20260605
20260612,healthy_uptrend,801720.SI,建筑装饰,163,2,0.012269938650306749,0.02,1,1,0,20260605
20260612,healthy_uptrend,801730.SI,电力设备,399,10,0.02506265664160401,0.1,6,4,3,20260605
20260612,healthy_uptrend,801740.SI,国防军工,139,0,0.0,0.0,0,0,0,20260605
20260612,healthy_uptrend,801750.SI,计算机,355,3,0.008450704225352112,0.03,1,2,0,20260605
20260612,healthy_uptrend,801760.SI,传媒,131,0,0.0,0.0,0,0,0,20260605
20260612,healthy_uptrend,801770.SI,通信,127,11,0.08661417322834646,0.11,2,9,2,20260605
20260612,healthy_uptrend,801780.SI,银行,42,3,0.07142857142857142,0.03,1,2,0,20260605
20260612,healthy_uptrend,801790.SI,非银金融,82,0,0.0,0.0,0,0,0,20260605
20260612,healthy_uptrend,801880.SI,汽车,310,0,0.0,0.0,0,0,0,20260605
20260612,healthy_uptrend,801890.SI,机械设备,591,14,0.023688663282571912,0.14,5,9,7,20260605
20260612,healthy_uptrend,801950.SI,煤炭,37,1,0.02702702702702703,0.01,0,1,0,20260605
20260612,healthy_uptrend,801960.SI,石油石化,48,0,0.0,0.0,0,0,0,20260605
20260612,healthy_uptrend,801970.SI,环保,137,4,0.029197080291970802,0.04,1,3,1,20260605
20260612,healthy_uptrend,801980.SI,美容护理,31,0,0.0,0.0,0,0,0,20260605
20260615,healthy_uptrend,801010.SI,农林牧渔,114,0,0.0,0.0,0,0,0,20260608
20260615,healthy_uptrend,801030.SI,基础化工,437,2,0.004576659038901602,0.02,1,1,3,20260608
20260615,healthy_uptrend,801040.SI,钢铁,44,0,0.0,0.0,0,0,0,20260608
20260615,healthy_uptrend,801050.SI,有色金属,141,5,0.03546099290780142,0.05,3,2,1,20260608
20260615,healthy_uptrend,801080.SI,电子,493,35,0.07099391480730223,0.35,12,23,10,20260608
20260615,healthy_uptrend,801110.SI,家用电器,103,1,0.009708737864077669,0.01,0,1,0,20260608
20260615,healthy_uptrend,801120.SI,食品饮料,126,2,0.015873015873015872,0.02,1,1,0,20260608
20260615,healthy_uptrend,801130.SI,纺织服饰,106,1,0.009433962264150943,0.01,0,1,1,20260608
20260615,healthy_uptrend,801140.SI,轻工制造,168,1,0.005952380952380952,0.01,0,1,2,20260608
20260615,healthy_uptrend,801150.SI,医药生物,501,2,0.003992015968063872,0.02,1,1,2,20260608
20260615,healthy_uptrend,801160.SI,公用事业,132,1,0.007575757575757576,0.01,0,1,0,20260608
20260615,healthy_uptrend,801170.SI,交通运输,125,0,0.0,0.0,0,0,0,20260608
20260615,healthy_uptrend,801180.SI,房地产,99,1,0.010101010101010102,0.01,1,0,1,20260608
20260615,healthy_uptrend,801200.SI,商贸零售,99,0,0.0,0.0,0,0,0,20260608
20260615,healthy_uptrend,801210.SI,社会服务,85,1,0.011764705882352941,0.01,0,1,1,20260608
20260615,healthy_uptrend,801230.SI,综合,15,0,0.0,0.0,0,0,0,20260608
20260615,healthy_uptrend,801710.SI,建筑材料,75,2,0.02666666666666667,0.02,1,1,0,20260608
20260615,healthy_uptrend,801720.SI,建筑装饰,162,2,0.012345679012345678,0.02,1,1,0,20260608
20260615,healthy_uptrend,801730.SI,电力设备,399,8,0.020050125313283207,0.08,5,3,4,20260608
20260615,healthy_uptrend,801740.SI,国防军工,139,0,0.0,0.0,0,0,0,20260608
20260615,healthy_uptrend,801750.SI,计算机,355,3,0.008450704225352112,0.03,1,2,0,20260608
20260615,healthy_uptrend,801760.SI,传媒,131,0,0.0,0.0,0,0,0,20260608
20260615,healthy_uptrend,801770.SI,通信,127,10,0.07874015748031496,0.1,1,9,3,20260608
20260615,healthy_uptrend,801780.SI,银行,42,3,0.07142857142857142,0.03,0,3,0,20260608
20260615,healthy_uptrend,801790.SI,非银金融,82,0,0.0,0.0,0,0,0,20260608
20260615,healthy_uptrend,801880.SI,汽车,310,0,0.0,0.0,0,0,0,20260608
20260615,healthy_uptrend,801890.SI,机械设备,592,15,0.02533783783783784,0.15,5,10,5,20260608
20260615,healthy_uptrend,801950.SI,煤炭,37,1,0.02702702702702703,0.01,0,1,0,20260608
20260615,healthy_uptrend,801960.SI,石油石化,48,0,0.0,0.0,0,0,0,20260608
20260615,healthy_uptrend,801970.SI,环保,137,4,0.029197080291970802,0.04,1,3,1,20260608
20260615,healthy_uptrend,801980.SI,美容护理,31,0,0.0,0.0,0,0,0,20260608
20260616,healthy_uptrend,801010.SI,农林牧渔,114,0,0.0,0.0,0,0,0,20260609
20260616,healthy_uptrend,801030.SI,基础化工,437,2,0.004576659038901602,0.02,1,1,1,20260609
20260616,healthy_uptrend,801040.SI,钢铁,44,0,0.0,0.0,0,0,0,20260609
20260616,healthy_uptrend,801050.SI,有色金属,142,4,0.028169014084507043,0.04,1,3,1,20260609
20260616,healthy_uptrend,801080.SI,电子,493,35,0.07099391480730223,0.35,11,24,10,20260609
20260616,healthy_uptrend,801110.SI,家用电器,103,1,0.009708737864077669,0.01,0,1,0,20260609
20260616,healthy_uptrend,801120.SI,食品饮料,127,2,0.015748031496062992,0.02,1,1,0,20260609
20260616,healthy_uptrend,801130.SI,纺织服饰,106,1,0.009433962264150943,0.01,0,1,1,20260609
20260616,healthy_uptrend,801140.SI,轻工制造,168,2,0.011904761904761904,0.02,1,1,1,20260609
20260616,healthy_uptrend,801150.SI,医药生物,501,2,0.003992015968063872,0.02,0,2,2,20260609
20260616,healthy_uptrend,801160.SI,公用事业,132,1,0.007575757575757576,0.01,0,1,0,20260609
20260616,healthy_uptrend,801170.SI,交通运输,127,0,0.0,0.0,0,0,0,20260609
20260616,healthy_uptrend,801180.SI,房地产,99,1,0.010101010101010102,0.01,1,0,1,20260609
20260616,healthy_uptrend,801200.SI,商贸零售,99,0,0.0,0.0,0,0,0,20260609
20260616,healthy_uptrend,801210.SI,社会服务,85,1,0.011764705882352941,0.01,0,1,0,20260609
20260616,healthy_uptrend,801230.SI,综合,15,0,0.0,0.0,0,0,0,20260609
20260616,healthy_uptrend,801710.SI,建筑材料,75,2,0.02666666666666667,0.02,1,1,0,20260609
20260616,healthy_uptrend,801720.SI,建筑装饰,162,1,0.006172839506172839,0.01,0,1,1,20260609
20260616,healthy_uptrend,801730.SI,电力设备,399,7,0.017543859649122806,0.07,2,5,5,20260609
20260616,healthy_uptrend,801740.SI,国防军工,140,0,0.0,0.0,0,0,0,20260609
20260616,healthy_uptrend,801750.SI,计算机,355,3,0.008450704225352112,0.03,1,2,0,20260609
20260616,healthy_uptrend,801760.SI,传媒,131,0,0.0,0.0,0,0,0,20260609
20260616,healthy_uptrend,801770.SI,通信,127,9,0.07086614173228346,0.09,1,8,3,20260609
20260616,healthy_uptrend,801780.SI,银行,42,3,0.07142857142857142,0.03,0,3,0,20260609
20260616,healthy_uptrend,801790.SI,非银金融,82,0,0.0,0.0,0,0,0,20260609
20260616,healthy_uptrend,801880.SI,汽车,310,0,0.0,0.0,0,0,0,20260609
20260616,healthy_uptrend,801890.SI,机械设备,593,18,0.03035413153456998,0.18,8,10,3,20260609
20260616,healthy_uptrend,801950.SI,煤炭,37,1,0.02702702702702703,0.01,0,1,0,20260609
20260616,healthy_uptrend,801960.SI,石油石化,48,0,0.0,0.0,0,0,0,20260609
20260616,healthy_uptrend,801970.SI,环保,137,4,0.029197080291970802,0.04,1,3,1,20260609
20260616,healthy_uptrend,801980.SI,美容护理,31,0,0.0,0.0,0,0,0,20260609
20260617,healthy_uptrend,801010.SI,农林牧渔,114,1,0.008771929824561403,0.01,1,0,0,20260610
20260617,healthy_uptrend,801030.SI,基础化工,436,3,0.006880733944954129,0.03,2,1,0,20260610
20260617,healthy_uptrend,801040.SI,钢铁,44,0,0.0,0.0,0,0,0,20260610
20260617,healthy_uptrend,801050.SI,有色金属,142,4,0.028169014084507043,0.04,1,3,0,20260610
20260617,healthy_uptrend,801080.SI,电子,493,33,0.06693711967545639,0.33,10,23,11,20260610
20260617,healthy_uptrend,801110.SI,家用电器,103,2,0.019417475728155338,0.02,1,1,0,20260610
20260617,healthy_uptrend,801120.SI,食品饮料,127,3,0.023622047244094488,0.03,2,1,0,20260610
20260617,healthy_uptrend,801130.SI,纺织服饰,106,1,0.009433962264150943,0.01,0,1,1,20260610
20260617,healthy_uptrend,801140.SI,轻工制造,168,2,0.011904761904761904,0.02,1,1,1,20260610
20260617,healthy_uptrend,801150.SI,医药生物,502,2,0.00398406374501992,0.02,0,2,1,20260610
20260617,healthy_uptrend,801160.SI,公用事业,132,1,0.007575757575757576,0.01,0,1,0,20260610
20260617,healthy_uptrend,801170.SI,交通运输,127,0,0.0,0.0,0,0,0,20260610
20260617,healthy_uptrend,801180.SI,房地产,99,1,0.010101010101010102,0.01,1,0,1,20260610
20260617,healthy_uptrend,801200.SI,商贸零售,99,0,0.0,0.0,0,0,0,20260610
20260617,healthy_uptrend,801210.SI,社会服务,85,1,0.011764705882352941,0.01,0,1,0,20260610
20260617,healthy_uptrend,801230.SI,综合,15,0,0.0,0.0,0,0,0,20260610
20260617,healthy_uptrend,801710.SI,建筑材料,75,2,0.02666666666666667,0.02,1,1,0,20260610
20260617,healthy_uptrend,801720.SI,建筑装饰,162,1,0.006172839506172839,0.01,0,1,1,20260610
20260617,healthy_uptrend,801730.SI,电力设备,399,9,0.022556390977443608,0.09,1,8,3,20260610
20260617,healthy_uptrend,801740.SI,国防军工,140,0,0.0,0.0,0,0,0,20260610
20260617,healthy_uptrend,801750.SI,计算机,355,3,0.008450704225352112,0.03,1,2,0,20260610
20260617,healthy_uptrend,801760.SI,传媒,129,0,0.0,0.0,0,0,0,20260610
20260617,healthy_uptrend,801770.SI,通信,126,8,0.06349206349206349,0.08,0,8,3,20260610
20260617,healthy_uptrend,801780.SI,银行,42,1,0.023809523809523808,0.01,0,1,2,20260610
20260617,healthy_uptrend,801790.SI,非银金融,82,0,0.0,0.0,0,0,0,20260610
20260617,healthy_uptrend,801880.SI,汽车,310,0,0.0,0.0,0,0,0,20260610
20260617,healthy_uptrend,801890.SI,机械设备,593,18,0.03035413153456998,0.18,7,11,4,20260610
20260617,healthy_uptrend,801950.SI,煤炭,37,1,0.02702702702702703,0.01,0,1,0,20260610
20260617,healthy_uptrend,801960.SI,石油石化,48,0,0.0,0.0,0,0,0,20260610
20260617,healthy_uptrend,801970.SI,环保,137,3,0.021897810218978103,0.03,1,2,2,20260610
20260617,healthy_uptrend,801980.SI,美容护理,31,0,0.0,0.0,0,0,0,20260610
20260618,healthy_uptrend,801010.SI,农林牧渔,113,1,0.008849557522123894,0.01,1,0,0,20260611
20260618,healthy_uptrend,801030.SI,基础化工,437,3,0.006864988558352402,0.03,1,2,0,20260611
20260618,healthy_uptrend,801040.SI,钢铁,44,0,0.0,0.0,0,0,0,20260611
20260618,healthy_uptrend,801050.SI,有色金属,142,5,0.035211267605633804,0.05,2,3,0,20260611
20260618,healthy_uptrend,801080.SI,电子,493,36,0.07302231237322515,0.36,13,23,12,20260611
20260618,healthy_uptrend,801110.SI,家用电器,102,2,0.0196078431372549,0.02,1,1,0,20260611
20260618,healthy_uptrend,801120.SI,食品饮料,127,3,0.023622047244094488,0.03,2,1,0,20260611
20260618,healthy_uptrend,801130.SI,纺织服饰,105,1,0.009523809523809525,0.01,0,1,0,20260611
20260618,healthy_uptrend,801140.SI,轻工制造,168,2,0.011904761904761904,0.02,1,1,0,20260611
20260618,healthy_uptrend,801150.SI,医药生物,502,1,0.00199203187250996,0.01,0,1,2,20260611
20260618,healthy_uptrend,801160.SI,公用事业,132,1,0.007575757575757576,0.01,0,1,0,20260611
20260618,healthy_uptrend,801170.SI,交通运输,127,0,0.0,0.0,0,0,0,20260611
20260618,healthy_uptrend,801180.SI,房地产,99,1,0.010101010101010102,0.01,1,0,0,20260611
20260618,healthy_uptrend,801200.SI,商贸零售,99,0,0.0,0.0,0,0,0,20260611
20260618,healthy_uptrend,801210.SI,社会服务,85,1,0.011764705882352941,0.01,0,1,0,20260611
20260618,healthy_uptrend,801230.SI,综合,15,0,0.0,0.0,0,0,0,20260611
20260618,healthy_uptrend,801710.SI,建筑材料,75,2,0.02666666666666667,0.02,1,1,0,20260611
20260618,healthy_uptrend,801720.SI,建筑装饰,163,1,0.006134969325153374,0.01,0,1,1,20260611
20260618,healthy_uptrend,801730.SI,电力设备,399,8,0.020050125313283207,0.08,1,7,5,20260611
20260618,healthy_uptrend,801740.SI,国防军工,140,0,0.0,0.0,0,0,0,20260611
20260618,healthy_uptrend,801750.SI,计算机,355,3,0.008450704225352112,0.03,1,2,0,20260611
20260618,healthy_uptrend,801760.SI,传媒,128,0,0.0,0.0,0,0,0,20260611
20260618,healthy_uptrend,801770.SI,通信,126,8,0.06349206349206349,0.08,1,7,4,20260611
20260618,healthy_uptrend,801780.SI,银行,42,1,0.023809523809523808,0.01,0,1,2,20260611
20260618,healthy_uptrend,801790.SI,非银金融,82,0,0.0,0.0,0,0,0,20260611
20260618,healthy_uptrend,801880.SI,汽车,310,0,0.0,0.0,0,0,0,20260611
20260618,healthy_uptrend,801890.SI,机械设备,593,17,0.02866779089376054,0.17,5,12,2,20260611
20260618,healthy_uptrend,801950.SI,煤炭,37,0,0.0,0.0,0,0,1,20260611
20260618,healthy_uptrend,801960.SI,石油石化,48,0,0.0,0.0,0,0,0,20260611
20260618,healthy_uptrend,801970.SI,环保,137,3,0.021897810218978103,0.03,0,3,2,20260611
20260618,healthy_uptrend,801980.SI,美容护理,31,0,0.0,0.0,0,0,0,20260611
20260622,healthy_uptrend,801010.SI,农林牧渔,114,1,0.008771929824561403,0.01,1,0,0,20260612
20260622,healthy_uptrend,801030.SI,基础化工,437,4,0.009153318077803204,0.04,2,2,0,20260612
20260622,healthy_uptrend,801040.SI,钢铁,44,0,0.0,0.0,0,0,0,20260612
20260622,healthy_uptrend,801050.SI,有色金属,142,4,0.028169014084507043,0.04,1,3,1,20260612
20260622,healthy_uptrend,801080.SI,电子,492,39,0.07926829268292683,0.39,16,23,12,20260612
20260622,healthy_uptrend,801110.SI,家用电器,103,2,0.019417475728155338,0.02,1,1,0,20260612
20260622,healthy_uptrend,801120.SI,食品饮料,127,3,0.023622047244094488,0.03,2,1,0,20260612
20260622,healthy_uptrend,801130.SI,纺织服饰,106,1,0.009433962264150943,0.01,0,1,0,20260612
20260622,healthy_uptrend,801140.SI,轻工制造,168,1,0.005952380952380952,0.01,0,1,0,20260612
20260622,healthy_uptrend,801150.SI,医药生物,502,1,0.00199203187250996,0.01,0,1,1,20260612
20260622,healthy_uptrend,801160.SI,公用事业,132,0,0.0,0.0,0,0,1,20260612
20260622,healthy_uptrend,801170.SI,交通运输,127,0,0.0,0.0,0,0,0,20260612
20260622,healthy_uptrend,801180.SI,房地产,99,1,0.010101010101010102,0.01,0,1,0,20260612
20260622,healthy_uptrend,801200.SI,商贸零售,99,0,0.0,0.0,0,0,0,20260612
20260622,healthy_uptrend,801210.SI,社会服务,85,1,0.011764705882352941,0.01,0,1,0,20260612
20260622,healthy_uptrend,801230.SI,综合,15,0,0.0,0.0,0,0,0,20260612
20260622,healthy_uptrend,801710.SI,建筑材料,75,2,0.02666666666666667,0.02,0,2,0,20260612
20260622,healthy_uptrend,801720.SI,建筑装饰,163,1,0.006134969325153374,0.01,0,1,1,20260612
20260622,healthy_uptrend,801730.SI,电力设备,399,8,0.020050125313283207,0.08,1,7,3,20260612
20260622,healthy_uptrend,801740.SI,国防军工,140,0,0.0,0.0,0,0,0,20260612
20260622,healthy_uptrend,801750.SI,计算机,355,3,0.008450704225352112,0.03,0,3,0,20260612
20260622,healthy_uptrend,801760.SI,传媒,129,0,0.0,0.0,0,0,0,20260612
20260622,healthy_uptrend,801770.SI,通信,126,8,0.06349206349206349,0.08,0,8,3,20260612
20260622,healthy_uptrend,801780.SI,银行,42,0,0.0,0.0,0,0,3,20260612
20260622,healthy_uptrend,801790.SI,非银金融,82,0,0.0,0.0,0,0,0,20260612
20260622,healthy_uptrend,801880.SI,汽车,310,0,0.0,0.0,0,0,0,20260612
20260622,healthy_uptrend,801890.SI,机械设备,594,18,0.030303030303030304,0.18,7,11,3,20260612
20260622,healthy_uptrend,801950.SI,煤炭,37,0,0.0,0.0,0,0,1,20260612
20260622,healthy_uptrend,801960.SI,石油石化,47,0,0.0,0.0,0,0,0,20260612
20260622,healthy_uptrend,801970.SI,环保,137,2,0.014598540145985401,0.02,0,2,2,20260612
20260622,healthy_uptrend,801980.SI,美容护理,31,0,0.0,0.0,0,0,0,20260612
20260623,healthy_uptrend,801010.SI,农林牧渔,114,1,0.008771929824561403,0.01,1,0,0,20260615
20260623,healthy_uptrend,801030.SI,基础化工,439,5,0.011389521640091117,0.05,3,2,0,20260615
20260623,healthy_uptrend,801040.SI,钢铁,44,0,0.0,0.0,0,0,0,20260615
20260623,healthy_uptrend,801050.SI,有色金属,142,3,0.02112676056338028,0.03,1,2,3,20260615
20260623,healthy_uptrend,801080.SI,电子,493,38,0.07707910750507099,0.38,15,23,12,20260615
20260623,healthy_uptrend,801110.SI,家用电器,103,2,0.019417475728155338,0.02,1,1,0,20260615
20260623,healthy_uptrend,801120.SI,食品饮料,126,2,0.015873015873015872,0.02,1,1,1,20260615
20260623,healthy_uptrend,801130.SI,纺织服饰,106,1,0.009433962264150943,0.01,0,1,0,20260615
20260623,healthy_uptrend,801140.SI,轻工制造,168,1,0.005952380952380952,0.01,0,1,0,20260615
20260623,healthy_uptrend,801150.SI,医药生物,502,1,0.00199203187250996,0.01,0,1,1,20260615
20260623,healthy_uptrend,801160.SI,公用事业,132,0,0.0,0.0,0,0,1,20260615
20260623,healthy_uptrend,801170.SI,交通运输,128,0,0.0,0.0,0,0,0,20260615
20260623,healthy_uptrend,801180.SI,房地产,99,1,0.010101010101010102,0.01,0,1,0,20260615
20260623,healthy_uptrend,801200.SI,商贸零售,99,0,0.0,0.0,0,0,0,20260615
20260623,healthy_uptrend,801210.SI,社会服务,84,1,0.011904761904761904,0.01,0,1,0,20260615
20260623,healthy_uptrend,801230.SI,综合,15,0,0.0,0.0,0,0,0,20260615
20260623,healthy_uptrend,801710.SI,建筑材料,75,2,0.02666666666666667,0.02,0,2,0,20260615
20260623,healthy_uptrend,801720.SI,建筑装饰,163,1,0.006134969325153374,0.01,0,1,1,20260615
20260623,healthy_uptrend,801730.SI,电力设备,399,10,0.02506265664160401,0.1,4,6,2,20260615
20260623,healthy_uptrend,801740.SI,国防军工,140,0,0.0,0.0,0,0,0,20260615
20260623,healthy_uptrend,801750.SI,计算机,356,3,0.008426966292134831,0.03,0,3,0,20260615
20260623,healthy_uptrend,801760.SI,传媒,129,0,0.0,0.0,0,0,0,20260615
20260623,healthy_uptrend,801770.SI,通信,127,7,0.05511811023622047,0.07,0,7,3,20260615
20260623,healthy_uptrend,801780.SI,银行,42,0,0.0,0.0,0,0,3,20260615
20260623,healthy_uptrend,801790.SI,非银金融,81,0,0.0,0.0,0,0,0,20260615
20260623,healthy_uptrend,801880.SI,汽车,310,0,0.0,0.0,0,0,0,20260615
20260623,healthy_uptrend,801890.SI,机械设备,593,19,0.03204047217537943,0.19,8,11,4,20260615
20260623,healthy_uptrend,801950.SI,煤炭,37,0,0.0,0.0,0,0,1,20260615
20260623,healthy_uptrend,801960.SI,石油石化,48,0,0.0,0.0,0,0,0,20260615
20260623,healthy_uptrend,801970.SI,环保,137,2,0.014598540145985401,0.02,0,2,2,20260615
20260623,healthy_uptrend,801980.SI,美容护理,31,0,0.0,0.0,0,0,0,20260615
20260624,healthy_uptrend,801010.SI,农林牧渔,114,1,0.008771929824561403,0.01,1,0,0,20260616
20260624,healthy_uptrend,801030.SI,基础化工,439,4,0.009111617312072893,0.04,3,1,1,20260616
20260624,healthy_uptrend,801040.SI,钢铁,44,0,0.0,0.0,0,0,0,20260616
20260624,healthy_uptrend,801050.SI,有色金属,142,3,0.02112676056338028,0.03,1,2,2,20260616
20260624,healthy_uptrend,801080.SI,电子,493,39,0.07910750507099391,0.39,17,22,13,20260616
20260624,healthy_uptrend,801110.SI,家用电器,103,2,0.019417475728155338,0.02,1,1,0,20260616
20260624,healthy_uptrend,801120.SI,食品饮料,126,2,0.015873015873015872,0.02,1,1,1,20260616
20260624,healthy_uptrend,801130.SI,纺织服饰,106,1,0.009433962264150943,0.01,0,1,0,20260616
20260624,healthy_uptrend,801140.SI,轻工制造,168,0,0.0,0.0,0,0,2,20260616
20260624,healthy_uptrend,801150.SI,医药生物,502,1,0.00199203187250996,0.01,0,1,1,20260616
20260624,healthy_uptrend,801160.SI,公用事业,132,0,0.0,0.0,0,0,1,20260616
20260624,healthy_uptrend,801170.SI,交通运输,128,0,0.0,0.0,0,0,0,20260616
20260624,healthy_uptrend,801180.SI,房地产,99,1,0.010101010101010102,0.01,0,1,0,20260616
20260624,healthy_uptrend,801200.SI,商贸零售,99,0,0.0,0.0,0,0,0,20260616
20260624,healthy_uptrend,801210.SI,社会服务,83,0,0.0,0.0,0,0,1,20260616
20260624,healthy_uptrend,801230.SI,综合,15,0,0.0,0.0,0,0,0,20260616
20260624,healthy_uptrend,801710.SI,建筑材料,75,2,0.02666666666666667,0.02,0,2,0,20260616
20260624,healthy_uptrend,801720.SI,建筑装饰,163,1,0.006134969325153374,0.01,0,1,0,20260616
20260624,healthy_uptrend,801730.SI,电力设备,399,9,0.022556390977443608,0.09,3,6,1,20260616
20260624,healthy_uptrend,801740.SI,国防军工,140,0,0.0,0.0,0,0,0,20260616
20260624,healthy_uptrend,801750.SI,计算机,356,3,0.008426966292134831,0.03,0,3,0,20260616
20260624,healthy_uptrend,801760.SI,传媒,129,0,0.0,0.0,0,0,0,20260616
20260624,healthy_uptrend,801770.SI,通信,127,6,0.047244094488188976,0.06,0,6,3,20260616
20260624,healthy_uptrend,801780.SI,银行,42,0,0.0,0.0,0,0,3,20260616
20260624,healthy_uptrend,801790.SI,非银金融,81,0,0.0,0.0,0,0,0,20260616
20260624,healthy_uptrend,801880.SI,汽车,311,1,0.003215434083601286,0.01,1,0,0,20260616
20260624,healthy_uptrend,801890.SI,机械设备,592,22,0.037162162162162164,0.22,10,12,6,20260616
20260624,healthy_uptrend,801950.SI,煤炭,37,0,0.0,0.0,0,0,1,20260616
20260624,healthy_uptrend,801960.SI,石油石化,48,0,0.0,0.0,0,0,0,20260616
20260624,healthy_uptrend,801970.SI,环保,137,2,0.014598540145985401,0.02,0,2,2,20260616
20260624,healthy_uptrend,801980.SI,美容护理,31,0,0.0,0.0,0,0,0,20260616
20260625,healthy_uptrend,801010.SI,农林牧渔,114,1,0.008771929824561403,0.01,0,1,0,20260617
20260625,healthy_uptrend,801030.SI,基础化工,439,5,0.011389521640091117,0.05,3,2,1,20260617
20260625,healthy_uptrend,801040.SI,钢铁,44,0,0.0,0.0,0,0,0,20260617
20260625,healthy_uptrend,801050.SI,有色金属,142,3,0.02112676056338028,0.03,1,2,2,20260617
20260625,healthy_uptrend,801080.SI,电子,492,41,0.08333333333333333,0.41,19,22,11,20260617
20260625,healthy_uptrend,801110.SI,家用电器,103,2,0.019417475728155338,0.02,0,2,0,20260617
20260625,healthy_uptrend,801120.SI,食品饮料,126,1,0.007936507936507936,0.01,0,1,2,20260617
20260625,healthy_uptrend,801130.SI,纺织服饰,105,1,0.009523809523809525,0.01,0,1,0,20260617
20260625,healthy_uptrend,801140.SI,轻工制造,168,0,0.0,0.0,0,0,2,20260617
20260625,healthy_uptrend,801150.SI,医药生物,502,1,0.00199203187250996,0.01,0,1,1,20260617
20260625,healthy_uptrend,801160.SI,公用事业,132,0,0.0,0.0,0,0,1,20260617
20260625,healthy_uptrend,801170.SI,交通运输,128,0,0.0,0.0,0,0,0,20260617
20260625,healthy_uptrend,801180.SI,房地产,99,1,0.010101010101010102,0.01,0,1,0,20260617
20260625,healthy_uptrend,801200.SI,商贸零售,99,0,0.0,0.0,0,0,0,20260617
20260625,healthy_uptrend,801210.SI,社会服务,83,0,0.0,0.0,0,0,1,20260617
20260625,healthy_uptrend,801230.SI,综合,15,0,0.0,0.0,0,0,0,20260617
20260625,healthy_uptrend,801710.SI,建筑材料,75,2,0.02666666666666667,0.02,0,2,0,20260617
20260625,healthy_uptrend,801720.SI,建筑装饰,163,0,0.0,0.0,0,0,1,20260617
20260625,healthy_uptrend,801730.SI,电力设备,399,9,0.022556390977443608,0.09,1,8,1,20260617
20260625,healthy_uptrend,801740.SI,国防军工,140,0,0.0,0.0,0,0,0,20260617
20260625,healthy_uptrend,801750.SI,计算机,355,3,0.008450704225352112,0.03,0,3,0,20260617
20260625,healthy_uptrend,801760.SI,传媒,131,0,0.0,0.0,0,0,0,20260617
20260625,healthy_uptrend,801770.SI,通信,127,5,0.03937007874015748,0.05,0,5,3,20260617
20260625,healthy_uptrend,801780.SI,银行,42,0,0.0,0.0,0,0,1,20260617
20260625,healthy_uptrend,801790.SI,非银金融,81,0,0.0,0.0,0,0,0,20260617
20260625,healthy_uptrend,801880.SI,汽车,311,1,0.003215434083601286,0.01,1,0,0,20260617
20260625,healthy_uptrend,801890.SI,机械设备,592,23,0.03885135135135135,0.23,10,13,5,20260617
20260625,healthy_uptrend,801950.SI,煤炭,37,0,0.0,0.0,0,0,1,20260617
20260625,healthy_uptrend,801960.SI,石油石化,48,0,0.0,0.0,0,0,0,20260617
20260625,healthy_uptrend,801970.SI,环保,137,1,0.0072992700729927005,0.01,0,1,2,20260617
20260625,healthy_uptrend,801980.SI,美容护理,31,0,0.0,0.0,0,0,0,20260617
20260626,healthy_uptrend,801010.SI,农林牧渔,113,1,0.008849557522123894,0.01,0,1,0,20260618
20260626,healthy_uptrend,801030.SI,基础化工,439,3,0.00683371298405467,0.03,2,1,2,20260618
20260626,healthy_uptrend,801040.SI,钢铁,44,0,0.0,0.0,0,0,0,20260618
20260626,healthy_uptrend,801050.SI,有色金属,142,4,0.028169014084507043,0.04,1,3,2,20260618
20260626,healthy_uptrend,801080.SI,电子,493,45,0.09127789046653144,0.45,21,24,12,20260618
20260626,healthy_uptrend,801110.SI,家用电器,103,2,0.019417475728155338,0.02,0,2,0,20260618
20260626,healthy_uptrend,801120.SI,食品饮料,126,0,0.0,0.0,0,0,3,20260618
20260626,healthy_uptrend,801130.SI,纺织服饰,105,0,0.0,0.0,0,0,1,20260618
20260626,healthy_uptrend,801140.SI,轻工制造,168,1,0.005952380952380952,0.01,1,0,2,20260618
20260626,healthy_uptrend,801150.SI,医药生物,503,1,0.0019880715705765406,0.01,0,1,0,20260618
20260626,healthy_uptrend,801160.SI,公用事业,131,0,0.0,0.0,0,0,1,20260618
20260626,healthy_uptrend,801170.SI,交通运输,128,0,0.0,0.0,0,0,0,20260618
20260626,healthy_uptrend,801180.SI,房地产,99,1,0.010101010101010102,0.01,0,1,0,20260618
20260626,healthy_uptrend,801200.SI,商贸零售,99,0,0.0,0.0,0,0,0,20260618
20260626,healthy_uptrend,801210.SI,社会服务,83,0,0.0,0.0,0,0,1,20260618
20260626,healthy_uptrend,801230.SI,综合,15,0,0.0,0.0,0,0,0,20260618
20260626,healthy_uptrend,801710.SI,建筑材料,75,2,0.02666666666666667,0.02,0,2,0,20260618
20260626,healthy_uptrend,801720.SI,建筑装饰,163,0,0.0,0.0,0,0,1,20260618
20260626,healthy_uptrend,801730.SI,电力设备,399,8,0.020050125313283207,0.08,1,7,1,20260618
20260626,healthy_uptrend,801740.SI,国防军工,140,0,0.0,0.0,0,0,0,20260618
20260626,healthy_uptrend,801750.SI,计算机,356,3,0.008426966292134831,0.03,0,3,0,20260618
20260626,healthy_uptrend,801760.SI,传媒,131,0,0.0,0.0,0,0,0,20260618
20260626,healthy_uptrend,801770.SI,通信,127,4,0.031496062992125984,0.04,0,4,4,20260618
20260626,healthy_uptrend,801780.SI,银行,42,0,0.0,0.0,0,0,1,20260618
20260626,healthy_uptrend,801790.SI,非银金融,81,0,0.0,0.0,0,0,0,20260618
20260626,healthy_uptrend,801880.SI,汽车,311,2,0.006430868167202572,0.02,2,0,0,20260618
20260626,healthy_uptrend,801890.SI,机械设备,592,22,0.037162162162162164,0.22,12,10,7,20260618
20260626,healthy_uptrend,801950.SI,煤炭,37,0,0.0,0.0,0,0,0,20260618
20260626,healthy_uptrend,801960.SI,石油石化,48,0,0.0,0.0,0,0,0,20260618
20260626,healthy_uptrend,801970.SI,环保,137,1,0.0072992700729927005,0.01,0,1,2,20260618
20260626,healthy_uptrend,801980.SI,美容护理,31,0,0.0,0.0,0,0,0,20260618
20260629,healthy_uptrend,801010.SI,农林牧渔,113,0,0.0,0.0,0,0,1,20260622
20260629,healthy_uptrend,801030.SI,基础化工,437,4,0.009153318077803204,0.04,2,2,2,20260622
20260629,healthy_uptrend,801040.SI,钢铁,44,0,0.0,0.0,0,0,0,20260622
20260629,healthy_uptrend,801050.SI,有色金属,142,3,0.02112676056338028,0.03,2,1,3,20260622
20260629,healthy_uptrend,801080.SI,电子,492,43,0.08739837398373984,0.43,21,22,17,20260622
20260629,healthy_uptrend,801110.SI,家用电器,103,2,0.019417475728155338,0.02,0,2,0,20260622
20260629,healthy_uptrend,801120.SI,食品饮料,126,0,0.0,0.0,0,0,3,20260622
20260629,healthy_uptrend,801130.SI,纺织服饰,105,0,0.0,0.0,0,0,1,20260622
20260629,healthy_uptrend,801140.SI,轻工制造,168,0,0.0,0.0,0,0,1,20260622
20260629,healthy_uptrend,801150.SI,医药生物,503,1,0.0019880715705765406,0.01,0,1,0,20260622
20260629,healthy_uptrend,801160.SI,公用事业,132,0,0.0,0.0,0,0,0,20260622
20260629,healthy_uptrend,801170.SI,交通运输,128,0,0.0,0.0,0,0,0,20260622
20260629,healthy_uptrend,801180.SI,房地产,99,1,0.010101010101010102,0.01,0,1,0,20260622
20260629,healthy_uptrend,801200.SI,商贸零售,99,0,0.0,0.0,0,0,0,20260622
20260629,healthy_uptrend,801210.SI,社会服务,83,0,0.0,0.0,0,0,1,20260622
20260629,healthy_uptrend,801230.SI,综合,15,0,0.0,0.0,0,0,0,20260622
20260629,healthy_uptrend,801710.SI,建筑材料,75,3,0.04,0.03,1,2,0,20260622
20260629,healthy_uptrend,801720.SI,建筑装饰,163,0,0.0,0.0,0,0,1,20260622
20260629,healthy_uptrend,801730.SI,电力设备,399,9,0.022556390977443608,0.09,2,7,1,20260622
20260629,healthy_uptrend,801740.SI,国防军工,140,0,0.0,0.0,0,0,0,20260622
20260629,healthy_uptrend,801750.SI,计算机,355,3,0.008450704225352112,0.03,0,3,0,20260622
20260629,healthy_uptrend,801760.SI,传媒,131,0,0.0,0.0,0,0,0,20260622
20260629,healthy_uptrend,801770.SI,通信,127,5,0.03937007874015748,0.05,1,4,4,20260622
20260629,healthy_uptrend,801780.SI,银行,42,0,0.0,0.0,0,0,0,20260622
20260629,healthy_uptrend,801790.SI,非银金融,81,0,0.0,0.0,0,0,0,20260622
20260629,healthy_uptrend,801880.SI,汽车,311,3,0.00964630225080386,0.03,3,0,0,20260622
20260629,healthy_uptrend,801890.SI,机械设备,591,23,0.038917089678511,0.23,12,11,7,20260622
20260629,healthy_uptrend,801950.SI,煤炭,37,0,0.0,0.0,0,0,0,20260622
20260629,healthy_uptrend,801960.SI,石油石化,48,0,0.0,0.0,0,0,0,20260622
20260629,healthy_uptrend,801970.SI,环保,137,0,0.0,0.0,0,0,2,20260622
20260629,healthy_uptrend,801980.SI,美容护理,31,0,0.0,0.0,0,0,0,20260622
20260630,healthy_uptrend,801010.SI,农林牧渔,114,0,0.0,0.0,0,0,1,20260623
20260630,healthy_uptrend,801030.SI,基础化工,436,4,0.009174311926605505,0.04,2,2,3,20260623
20260630,healthy_uptrend,801040.SI,钢铁,44,0,0.0,0.0,0,0,0,20260623
20260630,healthy_uptrend,801050.SI,有色金属,142,3,0.02112676056338028,0.03,2,1,2,20260623
20260630,healthy_uptrend,801080.SI,电子,493,47,0.09533468559837728,0.47,26,21,17,20260623
20260630,healthy_uptrend,801110.SI,家用电器,103,2,0.019417475728155338,0.02,0,2,0,20260623
20260630,healthy_uptrend,801120.SI,食品饮料,126,0,0.0,0.0,0,0,2,20260623
20260630,healthy_uptrend,801130.SI,纺织服饰,105,0,0.0,0.0,0,0,1,20260623
20260630,healthy_uptrend,801140.SI,轻工制造,167,0,0.0,0.0,0,0,1,20260623
20260630,healthy_uptrend,801150.SI,医药生物,503,1,0.0019880715705765406,0.01,0,1,0,20260623
20260630,healthy_uptrend,801160.SI,公用事业,132,0,0.0,0.0,0,0,0,20260623
20260630,healthy_uptrend,801170.SI,交通运输,128,0,0.0,0.0,0,0,0,20260623
20260630,healthy_uptrend,801180.SI,房地产,99,1,0.010101010101010102,0.01,0,1,0,20260623
20260630,healthy_uptrend,801200.SI,商贸零售,98,0,0.0,0.0,0,0,0,20260623
20260630,healthy_uptrend,801210.SI,社会服务,83,0,0.0,0.0,0,0,1,20260623
20260630,healthy_uptrend,801230.SI,综合,15,0,0.0,0.0,0,0,0,20260623
20260630,healthy_uptrend,801710.SI,建筑材料,75,3,0.04,0.03,1,2,0,20260623
20260630,healthy_uptrend,801720.SI,建筑装饰,162,0,0.0,0.0,0,0,1,20260623
20260630,healthy_uptrend,801730.SI,电力设备,399,6,0.015037593984962405,0.06,1,5,5,20260623
20260630,healthy_uptrend,801740.SI,国防军工,140,0,0.0,0.0,0,0,0,20260623
20260630,healthy_uptrend,801750.SI,计算机,356,2,0.0056179775280898875,0.02,1,1,2,20260623
20260630,healthy_uptrend,801760.SI,传媒,130,0,0.0,0.0,0,0,0,20260623
20260630,healthy_uptrend,801770.SI,通信,127,5,0.03937007874015748,0.05,1,4,3,20260623
20260630,healthy_uptrend,801780.SI,银行,42,0,0.0,0.0,0,0,0,20260623
20260630,healthy_uptrend,801790.SI,非银金融,81,0,0.0,0.0,0,0,0,20260623
20260630,healthy_uptrend,801880.SI,汽车,311,3,0.00964630225080386,0.03,3,0,0,20260623
20260630,healthy_uptrend,801890.SI,机械设备,592,23,0.03885135135135135,0.23,11,12,7,20260623
20260630,healthy_uptrend,801950.SI,煤炭,37,0,0.0,0.0,0,0,0,20260623
20260630,healthy_uptrend,801960.SI,石油石化,48,0,0.0,0.0,0,0,0,20260623
20260630,healthy_uptrend,801970.SI,环保,136,0,0.0,0.0,0,0,2,20260623
20260630,healthy_uptrend,801980.SI,美容护理,31,0,0.0,0.0,0,0,0,20260623
20260701,healthy_uptrend,801010.SI,农林牧渔,114,0,0.0,0.0,0,0,1,20260624
20260701,healthy_uptrend,801030.SI,基础化工,437,4,0.009153318077803204,0.04,2,2,2,20260624
20260701,healthy_uptrend,801040.SI,钢铁,44,0,0.0,0.0,0,0,0,20260624
20260701,healthy_uptrend,801050.SI,有色金属,142,3,0.02112676056338028,0.03,2,1,2,20260624
20260701,healthy_uptrend,801080.SI,电子,494,54,0.10931174089068826,0.54,34,20,19,20260624
20260701,healthy_uptrend,801110.SI,家用电器,103,2,0.019417475728155338,0.02,1,1,1,20260624
20260701,healthy_uptrend,801120.SI,食品饮料,126,0,0.0,0.0,0,0,2,20260624
20260701,healthy_uptrend,801130.SI,纺织服饰,105,0,0.0,0.0,0,0,1,20260624
20260701,healthy_uptrend,801140.SI,轻工制造,168,0,0.0,0.0,0,0,0,20260624
20260701,healthy_uptrend,801150.SI,医药生物,503,1,0.0019880715705765406,0.01,0,1,0,20260624
20260701,healthy_uptrend,801160.SI,公用事业,132,0,0.0,0.0,0,0,0,20260624
20260701,healthy_uptrend,801170.SI,交通运输,128,0,0.0,0.0,0,0,0,20260624
20260701,healthy_uptrend,801180.SI,房地产,98,0,0.0,0.0,0,0,1,20260624
20260701,healthy_uptrend,801200.SI,商贸零售,98,0,0.0,0.0,0,0,0,20260624
20260701,healthy_uptrend,801210.SI,社会服务,83,0,0.0,0.0,0,0,0,20260624
20260701,healthy_uptrend,801230.SI,综合,15,0,0.0,0.0,0,0,0,20260624
20260701,healthy_uptrend,801710.SI,建筑材料,75,4,0.05333333333333334,0.04,2,2,0,20260624
20260701,healthy_uptrend,801720.SI,建筑装饰,163,0,0.0,0.0,0,0,1,20260624
20260701,healthy_uptrend,801730.SI,电力设备,399,4,0.010025062656641603,0.04,2,2,7,20260624
20260701,healthy_uptrend,801740.SI,国防军工,140,0,0.0,0.0,0,0,0,20260624
20260701,healthy_uptrend,801750.SI,计算机,356,2,0.0056179775280898875,0.02,1,1,2,20260624
20260701,healthy_uptrend,801760.SI,传媒,131,0,0.0,0.0,0,0,0,20260624
20260701,healthy_uptrend,801770.SI,通信,126,3,0.023809523809523808,0.03,2,1,5,20260624
20260701,healthy_uptrend,801780.SI,银行,42,0,0.0,0.0,0,0,0,20260624
20260701,healthy_uptrend,801790.SI,非银金融,81,0,0.0,0.0,0,0,0,20260624
20260701,healthy_uptrend,801880.SI,汽车,312,1,0.003205128205128205,0.01,1,0,1,20260624
20260701,healthy_uptrend,801890.SI,机械设备,592,22,0.037162162162162164,0.22,8,14,8,20260624
20260701,healthy_uptrend,801950.SI,煤炭,37,0,0.0,0.0,0,0,0,20260624
20260701,healthy_uptrend,801960.SI,石油石化,48,0,0.0,0.0,0,0,0,20260624
20260701,healthy_uptrend,801970.SI,环保,136,0,0.0,0.0,0,0,2,20260624
20260701,healthy_uptrend,801980.SI,美容护理,31,0,0.0,0.0,0,0,0,20260624
20260702,healthy_uptrend,801010.SI,农林牧渔,114,0,0.0,0.0,0,0,1,20260625
20260702,healthy_uptrend,801030.SI,基础化工,437,5,0.011441647597254004,0.05,2,3,2,20260625
20260702,healthy_uptrend,801040.SI,钢铁,44,0,0.0,0.0,0,0,0,20260625
20260702,healthy_uptrend,801050.SI,有色金属,142,4,0.028169014084507043,0.04,3,1,2,20260625
20260702,healthy_uptrend,801080.SI,电子,494,53,0.10728744939271255,0.53,33,20,21,20260625
20260702,healthy_uptrend,801110.SI,家用电器,103,2,0.019417475728155338,0.02,1,1,1,20260625
20260702,healthy_uptrend,801120.SI,食品饮料,126,0,0.0,0.0,0,0,1,20260625
20260702,healthy_uptrend,801130.SI,纺织服饰,106,0,0.0,0.0,0,0,1,20260625
20260702,healthy_uptrend,801140.SI,轻工制造,168,0,0.0,0.0,0,0,0,20260625
20260702,healthy_uptrend,801150.SI,医药生物,503,1,0.0019880715705765406,0.01,0,1,0,20260625
20260702,healthy_uptrend,801160.SI,公用事业,132,0,0.0,0.0,0,0,0,20260625
20260702,healthy_uptrend,801170.SI,交通运输,128,0,0.0,0.0,0,0,0,20260625
20260702,healthy_uptrend,801180.SI,房地产,99,1,0.010101010101010102,0.01,0,1,0,20260625
20260702,healthy_uptrend,801200.SI,商贸零售,98,0,0.0,0.0,0,0,0,20260625
20260702,healthy_uptrend,801210.SI,社会服务,83,0,0.0,0.0,0,0,0,20260625
20260702,healthy_uptrend,801230.SI,综合,15,0,0.0,0.0,0,0,0,20260625
20260702,healthy_uptrend,801710.SI,建筑材料,75,4,0.05333333333333334,0.04,2,2,0,20260625
20260702,healthy_uptrend,801720.SI,建筑装饰,163,0,0.0,0.0,0,0,0,20260625
20260702,healthy_uptrend,801730.SI,电力设备,399,4,0.010025062656641603,0.04,3,1,8,20260625
20260702,healthy_uptrend,801740.SI,国防军工,140,0,0.0,0.0,0,0,0,20260625
20260702,healthy_uptrend,801750.SI,计算机,356,3,0.008426966292134831,0.03,2,1,2,20260625
20260702,healthy_uptrend,801760.SI,传媒,131,0,0.0,0.0,0,0,0,20260625
20260702,healthy_uptrend,801770.SI,通信,127,2,0.015748031496062992,0.02,2,0,5,20260625
20260702,healthy_uptrend,801780.SI,银行,42,0,0.0,0.0,0,0,0,20260625
20260702,healthy_uptrend,801790.SI,非银金融,81,0,0.0,0.0,0,0,0,20260625
20260702,healthy_uptrend,801880.SI,汽车,313,1,0.003194888178913738,0.01,1,0,1,20260625
20260702,healthy_uptrend,801890.SI,机械设备,593,20,0.03372681281618887,0.2,8,12,11,20260625
20260702,healthy_uptrend,801950.SI,煤炭,37,0,0.0,0.0,0,0,0,20260625
20260702,healthy_uptrend,801960.SI,石油石化,48,0,0.0,0.0,0,0,0,20260625
20260702,healthy_uptrend,801970.SI,环保,136,0,0.0,0.0,0,0,1,20260625
20260702,healthy_uptrend,801980.SI,美容护理,31,0,0.0,0.0,0,0,0,20260625
20260703,healthy_uptrend,801010.SI,农林牧渔,114,0,0.0,0.0,0,0,1,20260626
20260703,healthy_uptrend,801030.SI,基础化工,437,5,0.011441647597254004,0.05,3,2,1,20260626
20260703,healthy_uptrend,801040.SI,钢铁,44,0,0.0,0.0,0,0,0,20260626
20260703,healthy_uptrend,801050.SI,有色金属,142,4,0.028169014084507043,0.04,2,2,2,20260626
20260703,healthy_uptrend,801080.SI,电子,494,55,0.11133603238866396,0.55,30,25,20,20260626
20260703,healthy_uptrend,801110.SI,家用电器,103,1,0.009708737864077669,0.01,1,0,2,20260626
20260703,healthy_uptrend,801120.SI,食品饮料,126,0,0.0,0.0,0,0,0,20260626
20260703,healthy_uptrend,801130.SI,纺织服饰,106,0,0.0,0.0,0,0,0,20260626
20260703,healthy_uptrend,801140.SI,轻工制造,168,0,0.0,0.0,0,0,1,20260626
20260703,healthy_uptrend,801150.SI,医药生物,503,1,0.0019880715705765406,0.01,0,1,0,20260626
20260703,healthy_uptrend,801160.SI,公用事业,132,0,0.0,0.0,0,0,0,20260626
20260703,healthy_uptrend,801170.SI,交通运输,128,0,0.0,0.0,0,0,0,20260626
20260703,healthy_uptrend,801180.SI,房地产,99,0,0.0,0.0,0,0,1,20260626
20260703,healthy_uptrend,801200.SI,商贸零售,98,0,0.0,0.0,0,0,0,20260626
20260703,healthy_uptrend,801210.SI,社会服务,83,0,0.0,0.0,0,0,0,20260626
20260703,healthy_uptrend,801230.SI,综合,15,0,0.0,0.0,0,0,0,20260626
20260703,healthy_uptrend,801710.SI,建筑材料,75,3,0.04,0.03,2,1,1,20260626
20260703,healthy_uptrend,801720.SI,建筑装饰,162,0,0.0,0.0,0,0,0,20260626
20260703,healthy_uptrend,801730.SI,电力设备,399,3,0.007518796992481203,0.03,3,0,8,20260626
20260703,healthy_uptrend,801740.SI,国防军工,140,0,0.0,0.0,0,0,0,20260626
20260703,healthy_uptrend,801750.SI,计算机,357,3,0.008403361344537815,0.03,2,1,2,20260626
20260703,healthy_uptrend,801760.SI,传媒,131,0,0.0,0.0,0,0,0,20260626
20260703,healthy_uptrend,801770.SI,通信,127,2,0.015748031496062992,0.02,2,0,4,20260626
20260703,healthy_uptrend,801780.SI,银行,42,0,0.0,0.0,0,0,0,20260626
20260703,healthy_uptrend,801790.SI,非银金融,81,0,0.0,0.0,0,0,0,20260626
20260703,healthy_uptrend,801880.SI,汽车,313,1,0.003194888178913738,0.01,0,1,1,20260626
20260703,healthy_uptrend,801890.SI,机械设备,593,22,0.03709949409780776,0.22,9,13,9,20260626
20260703,healthy_uptrend,801950.SI,煤炭,37,0,0.0,0.0,0,0,0,20260626
20260703,healthy_uptrend,801960.SI,石油石化,48,0,0.0,0.0,0,0,0,20260626
20260703,healthy_uptrend,801970.SI,环保,136,0,0.0,0.0,0,0,1,20260626
20260703,healthy_uptrend,801980.SI,美容护理,31,0,0.0,0.0,0,0,0,20260626
20260706,healthy_uptrend,801010.SI,农林牧渔,114,0,0.0,0.0,0,0,0,20260629
20260706,healthy_uptrend,801030.SI,基础化工,438,5,0.01141552511415525,0.05,4,1,3,20260629
20260706,healthy_uptrend,801040.SI,钢铁,44,0,0.0,0.0,0,0,0,20260629
20260706,healthy_uptrend,801050.SI,有色金属,142,4,0.028169014084507043,0.04,1,3,0,20260629
20260706,healthy_uptrend,801080.SI,电子,495,55,0.1111111111111111,0.55,29,26,17,20260629
20260706,healthy_uptrend,801110.SI,家用电器,103,1,0.009708737864077669,0.01,1,0,2,20260629
20260706,healthy_uptrend,801120.SI,食品饮料,126,0,0.0,0.0,0,0,0,20260629
20260706,healthy_uptrend,801130.SI,纺织服饰,106,1,0.009433962264150943,0.01,1,0,0,20260629
20260706,healthy_uptrend,801140.SI,轻工制造,168,0,0.0,0.0,0,0,0,20260629
20260706,healthy_uptrend,801150.SI,医药生物,503,1,0.0019880715705765406,0.01,0,1,0,20260629
20260706,healthy_uptrend,801160.SI,公用事业,132,0,0.0,0.0,0,0,0,20260629
20260706,healthy_uptrend,801170.SI,交通运输,128,0,0.0,0.0,0,0,0,20260629
20260706,healthy_uptrend,801180.SI,房地产,99,0,0.0,0.0,0,0,1,20260629
20260706,healthy_uptrend,801200.SI,商贸零售,98,0,0.0,0.0,0,0,0,20260629
20260706,healthy_uptrend,801210.SI,社会服务,83,0,0.0,0.0,0,0,0,20260629
20260706,healthy_uptrend,801230.SI,综合,15,0,0.0,0.0,0,0,0,20260629
20260706,healthy_uptrend,801710.SI,建筑材料,75,3,0.04,0.03,1,2,1,20260629
20260706,healthy_uptrend,801720.SI,建筑装饰,162,0,0.0,0.0,0,0,0,20260629
20260706,healthy_uptrend,801730.SI,电力设备,398,3,0.007537688442211055,0.03,2,1,8,20260629
20260706,healthy_uptrend,801740.SI,国防军工,140,0,0.0,0.0,0,0,0,20260629
20260706,healthy_uptrend,801750.SI,计算机,357,3,0.008403361344537815,0.03,2,1,2,20260629
20260706,healthy_uptrend,801760.SI,传媒,131,0,0.0,0.0,0,0,0,20260629
20260706,healthy_uptrend,801770.SI,通信,127,2,0.015748031496062992,0.02,1,1,4,20260629
20260706,healthy_uptrend,801780.SI,银行,42,0,0.0,0.0,0,0,0,20260629
20260706,healthy_uptrend,801790.SI,非银金融,81,0,0.0,0.0,0,0,0,20260629
20260706,healthy_uptrend,801880.SI,汽车,313,0,0.0,0.0,0,0,3,20260629
20260706,healthy_uptrend,801890.SI,机械设备,593,22,0.03709949409780776,0.22,7,15,8,20260629
20260706,healthy_uptrend,801950.SI,煤炭,37,0,0.0,0.0,0,0,0,20260629
20260706,healthy_uptrend,801960.SI,石油石化,48,0,0.0,0.0,0,0,0,20260629
20260706,healthy_uptrend,801970.SI,环保,136,0,0.0,0.0,0,0,0,20260629
20260706,healthy_uptrend,801980.SI,美容护理,31,0,0.0,0.0,0,0,0,20260629
20260707,healthy_uptrend,801010.SI,农林牧渔,114,0,0.0,0.0,0,0,0,20260630
20260707,healthy_uptrend,801030.SI,基础化工,437,8,0.018306636155606407,0.08,6,2,2,20260630
20260707,healthy_uptrend,801040.SI,钢铁,44,0,0.0,0.0,0,0,0,20260630
20260707,healthy_uptrend,801050.SI,有色金属,142,3,0.02112676056338028,0.03,0,3,0,20260630
20260707,healthy_uptrend,801080.SI,电子,495,52,0.10505050505050505,0.52,24,28,19,20260630
20260707,healthy_uptrend,801110.SI,家用电器,103,1,0.009708737864077669,0.01,1,0,2,20260630
20260707,healthy_uptrend,801120.SI,食品饮料,126,0,0.0,0.0,0,0,0,20260630
20260707,healthy_uptrend,801130.SI,纺织服饰,107,1,0.009345794392523364,0.01,1,0,0,20260630
20260707,healthy_uptrend,801140.SI,轻工制造,168,0,0.0,0.0,0,0,0,20260630
20260707,healthy_uptrend,801150.SI,医药生物,503,1,0.0019880715705765406,0.01,0,1,0,20260630
20260707,healthy_uptrend,801160.SI,公用事业,132,0,0.0,0.0,0,0,0,20260630
20260707,healthy_uptrend,801170.SI,交通运输,128,0,0.0,0.0,0,0,0,20260630
20260707,healthy_uptrend,801180.SI,房地产,99,0,0.0,0.0,0,0,1,20260630
20260707,healthy_uptrend,801200.SI,商贸零售,98,0,0.0,0.0,0,0,0,20260630
20260707,healthy_uptrend,801210.SI,社会服务,83,0,0.0,0.0,0,0,0,20260630
20260707,healthy_uptrend,801230.SI,综合,15,0,0.0,0.0,0,0,0,20260630
20260707,healthy_uptrend,801710.SI,建筑材料,75,3,0.04,0.03,1,2,1,20260630
20260707,healthy_uptrend,801720.SI,建筑装饰,162,1,0.006172839506172839,0.01,1,0,0,20260630
20260707,healthy_uptrend,801730.SI,电力设备,398,4,0.010050251256281407,0.04,3,1,5,20260630
20260707,healthy_uptrend,801740.SI,国防军工,140,0,0.0,0.0,0,0,0,20260630
20260707,healthy_uptrend,801750.SI,计算机,357,4,0.011204481792717087,0.04,2,2,0,20260630
20260707,healthy_uptrend,801760.SI,传媒,131,0,0.0,0.0,0,0,0,20260630
20260707,healthy_uptrend,801770.SI,通信,127,1,0.007874015748031496,0.01,0,1,4,20260630
20260707,healthy_uptrend,801780.SI,银行,42,0,0.0,0.0,0,0,0,20260630
20260707,healthy_uptrend,801790.SI,非银金融,81,0,0.0,0.0,0,0,0,20260630
20260707,healthy_uptrend,801880.SI,汽车,313,0,0.0,0.0,0,0,3,20260630
20260707,healthy_uptrend,801890.SI,机械设备,593,21,0.03541315345699832,0.21,6,15,8,20260630
20260707,healthy_uptrend,801950.SI,煤炭,37,0,0.0,0.0,0,0,0,20260630
20260707,healthy_uptrend,801960.SI,石油石化,48,0,0.0,0.0,0,0,0,20260630
20260707,healthy_uptrend,801970.SI,环保,136,0,0.0,0.0,0,0,0,20260630
20260707,healthy_uptrend,801980.SI,美容护理,31,0,0.0,0.0,0,0,0,20260630
20260708,healthy_uptrend,801010.SI,农林牧渔,114,0,0.0,0.0,0,0,0,20260701
20260708,healthy_uptrend,801030.SI,基础化工,437,8,0.018306636155606407,0.08,6,2,2,20260701
20260708,healthy_uptrend,801040.SI,钢铁,44,0,0.0,0.0,0,0,0,20260701
20260708,healthy_uptrend,801050.SI,有色金属,142,2,0.014084507042253521,0.02,0,2,1,20260701
20260708,healthy_uptrend,801080.SI,电子,495,52,0.10505050505050505,0.52,20,32,22,20260701
20260708,healthy_uptrend,801110.SI,家用电器,103,1,0.009708737864077669,0.01,0,1,1,20260701
20260708,healthy_uptrend,801120.SI,食品饮料,126,0,0.0,0.0,0,0,0,20260701
20260708,healthy_uptrend,801130.SI,纺织服饰,107,1,0.009345794392523364,0.01,1,0,0,20260701
20260708,healthy_uptrend,801140.SI,轻工制造,168,1,0.005952380952380952,0.01,1,0,0,20260701
20260708,healthy_uptrend,801150.SI,医药生物,502,0,0.0,0.0,0,0,1,20260701
20260708,healthy_uptrend,801160.SI,公用事业,132,0,0.0,0.0,0,0,0,20260701
20260708,healthy_uptrend,801170.SI,交通运输,128,0,0.0,0.0,0,0,0,20260701
20260708,healthy_uptrend,801180.SI,房地产,99,2,0.020202020202020204,0.02,2,0,0,20260701
20260708,healthy_uptrend,801200.SI,商贸零售,98,1,0.01020408163265306,0.01,1,0,0,20260701
20260708,healthy_uptrend,801210.SI,社会服务,84,0,0.0,0.0,0,0,0,20260701
20260708,healthy_uptrend,801230.SI,综合,15,0,0.0,0.0,0,0,0,20260701
20260708,healthy_uptrend,801710.SI,建筑材料,75,3,0.04,0.03,1,2,2,20260701
20260708,healthy_uptrend,801720.SI,建筑装饰,162,1,0.006172839506172839,0.01,1,0,0,20260701
20260708,healthy_uptrend,801730.SI,电力设备,398,3,0.007537688442211055,0.03,2,1,3,20260701
20260708,healthy_uptrend,801740.SI,国防军工,140,0,0.0,0.0,0,0,0,20260701
20260708,healthy_uptrend,801750.SI,计算机,357,4,0.011204481792717087,0.04,2,2,0,20260701
20260708,healthy_uptrend,801760.SI,传媒,131,0,0.0,0.0,0,0,0,20260701
20260708,healthy_uptrend,801770.SI,通信,127,1,0.007874015748031496,0.01,0,1,2,20260701
20260708,healthy_uptrend,801780.SI,银行,42,0,0.0,0.0,0,0,0,20260701
20260708,healthy_uptrend,801790.SI,非银金融,81,0,0.0,0.0,0,0,0,20260701
20260708,healthy_uptrend,801880.SI,汽车,313,0,0.0,0.0,0,0,1,20260701
20260708,healthy_uptrend,801890.SI,机械设备,593,20,0.03372681281618887,0.2,7,13,9,20260701
20260708,healthy_uptrend,801950.SI,煤炭,37,0,0.0,0.0,0,0,0,20260701
20260708,healthy_uptrend,801960.SI,石油石化,48,0,0.0,0.0,0,0,0,20260701
20260708,healthy_uptrend,801970.SI,环保,136,0,0.0,0.0,0,0,0,20260701
20260708,healthy_uptrend,801980.SI,美容护理,31,0,0.0,0.0,0,0,0,20260701
20260709,healthy_uptrend,801010.SI,农林牧渔,114,0,0.0,0.0,0,0,0,20260702
20260709,healthy_uptrend,801030.SI,基础化工,437,8,0.018306636155606407,0.08,6,2,3,20260702
20260709,healthy_uptrend,801040.SI,钢铁,44,0,0.0,0.0,0,0,0,20260702
20260709,healthy_uptrend,801050.SI,有色金属,142,2,0.014084507042253521,0.02,0,2,2,20260702
20260709,healthy_uptrend,801080.SI,电子,495,52,0.10505050505050505,0.52,17,35,18,20260702
20260709,healthy_uptrend,801110.SI,家用电器,103,0,0.0,0.0,0,0,2,20260702
20260709,healthy_uptrend,801120.SI,食品饮料,126,0,0.0,0.0,0,0,0,20260702
20260709,healthy_uptrend,801130.SI,纺织服饰,107,1,0.009345794392523364,0.01,1,0,0,20260702
20260709,healthy_uptrend,801140.SI,轻工制造,168,1,0.005952380952380952,0.01,1,0,0,20260702
20260709,healthy_uptrend,801150.SI,医药生物,502,0,0.0,0.0,0,0,1,20260702
20260709,healthy_uptrend,801160.SI,公用事业,133,0,0.0,0.0,0,0,0,20260702
20260709,healthy_uptrend,801170.SI,交通运输,128,0,0.0,0.0,0,0,0,20260702
20260709,healthy_uptrend,801180.SI,房地产,99,2,0.020202020202020204,0.02,1,1,0,20260702
20260709,healthy_uptrend,801200.SI,商贸零售,98,1,0.01020408163265306,0.01,1,0,0,20260702
20260709,healthy_uptrend,801210.SI,社会服务,84,0,0.0,0.0,0,0,0,20260702
20260709,healthy_uptrend,801230.SI,综合,15,0,0.0,0.0,0,0,0,20260702
20260709,healthy_uptrend,801710.SI,建筑材料,75,3,0.04,0.03,0,3,1,20260702
20260709,healthy_uptrend,801720.SI,建筑装饰,162,1,0.006172839506172839,0.01,1,0,0,20260702
20260709,healthy_uptrend,801730.SI,电力设备,398,3,0.007537688442211055,0.03,1,2,2,20260702
20260709,healthy_uptrend,801740.SI,国防军工,140,1,0.007142857142857143,0.01,1,0,0,20260702
20260709,healthy_uptrend,801750.SI,计算机,358,4,0.0111731843575419,0.04,1,3,0,20260702
20260709,healthy_uptrend,801760.SI,传媒,131,0,0.0,0.0,0,0,0,20260702
20260709,healthy_uptrend,801770.SI,通信,127,1,0.007874015748031496,0.01,0,1,1,20260702
20260709,healthy_uptrend,801780.SI,银行,42,0,0.0,0.0,0,0,0,20260702
20260709,healthy_uptrend,801790.SI,非银金融,81,0,0.0,0.0,0,0,0,20260702
20260709,healthy_uptrend,801880.SI,汽车,313,0,0.0,0.0,0,0,1,20260702
20260709,healthy_uptrend,801890.SI,机械设备,592,20,0.033783783783783786,0.2,8,12,8,20260702
20260709,healthy_uptrend,801950.SI,煤炭,37,0,0.0,0.0,0,0,0,20260702
20260709,healthy_uptrend,801960.SI,石油石化,48,0,0.0,0.0,0,0,0,20260702
20260709,healthy_uptrend,801970.SI,环保,136,0,0.0,0.0,0,0,0,20260702
20260709,healthy_uptrend,801980.SI,美容护理,31,0,0.0,0.0,0,0,0,20260702
20260710,healthy_uptrend,801010.SI,农林牧渔,114,0,0.0,0.0,0,0,0,20260703
20260710,healthy_uptrend,801030.SI,基础化工,437,8,0.018306636155606407,0.08,6,2,3,20260703
20260710,healthy_uptrend,801040.SI,钢铁,44,0,0.0,0.0,0,0,0,20260703
20260710,healthy_uptrend,801050.SI,有色金属,142,2,0.014084507042253521,0.02,0,2,2,20260703
20260710,healthy_uptrend,801080.SI,电子,495,57,0.11515151515151516,0.57,18,39,16,20260703
20260710,healthy_uptrend,801110.SI,家用电器,102,0,0.0,0.0,0,0,1,20260703
20260710,healthy_uptrend,801120.SI,食品饮料,126,0,0.0,0.0,0,0,0,20260703
20260710,healthy_uptrend,801130.SI,纺织服饰,107,1,0.009345794392523364,0.01,1,0,0,20260703
20260710,healthy_uptrend,801140.SI,轻工制造,168,1,0.005952380952380952,0.01,1,0,0,20260703
20260710,healthy_uptrend,801150.SI,医药生物,502,0,0.0,0.0,0,0,1,20260703
20260710,healthy_uptrend,801160.SI,公用事业,133,0,0.0,0.0,0,0,0,20260703
20260710,healthy_uptrend,801170.SI,交通运输,128,0,0.0,0.0,0,0,0,20260703
20260710,healthy_uptrend,801180.SI,房地产,99,2,0.020202020202020204,0.02,2,0,0,20260703
20260710,healthy_uptrend,801200.SI,商贸零售,98,1,0.01020408163265306,0.01,1,0,0,20260703
20260710,healthy_uptrend,801210.SI,社会服务,84,0,0.0,0.0,0,0,0,20260703
20260710,healthy_uptrend,801230.SI,综合,15,0,0.0,0.0,0,0,0,20260703
20260710,healthy_uptrend,801710.SI,建筑材料,75,3,0.04,0.03,0,3,0,20260703
20260710,healthy_uptrend,801720.SI,建筑装饰,162,1,0.006172839506172839,0.01,1,0,0,20260703
20260710,healthy_uptrend,801730.SI,电力设备,398,1,0.002512562814070352,0.01,0,1,2,20260703
20260710,healthy_uptrend,801740.SI,国防军工,140,1,0.007142857142857143,0.01,1,0,0,20260703
20260710,healthy_uptrend,801750.SI,计算机,358,3,0.008379888268156424,0.03,1,2,1,20260703
20260710,healthy_uptrend,801760.SI,传媒,131,0,0.0,0.0,0,0,0,20260703
20260710,healthy_uptrend,801770.SI,通信,127,2,0.015748031496062992,0.02,0,2,0,20260703
20260710,healthy_uptrend,801780.SI,银行,42,0,0.0,0.0,0,0,0,20260703
20260710,healthy_uptrend,801790.SI,非银金融,81,0,0.0,0.0,0,0,0,20260703
20260710,healthy_uptrend,801880.SI,汽车,313,0,0.0,0.0,0,0,1,20260703
20260710,healthy_uptrend,801890.SI,机械设备,592,17,0.028716216216216218,0.17,6,11,11,20260703
20260710,healthy_uptrend,801950.SI,煤炭,37,0,0.0,0.0,0,0,0,20260703
20260710,healthy_uptrend,801960.SI,石油石化,48,0,0.0,0.0,0,0,0,20260703
20260710,healthy_uptrend,801970.SI,环保,136,0,0.0,0.0,0,0,0,20260703
20260710,healthy_uptrend,801980.SI,美容护理,31,0,0.0,0.0,0,0,0,20260703
20260713,healthy_uptrend,801010.SI,农林牧渔,114,0,0.0,0.0,0,0,0,20260706
20260713,healthy_uptrend,801030.SI,基础化工,438,10,0.0228310502283105,0.1,9,1,4,20260706
20260713,healthy_uptrend,801040.SI,钢铁,44,0,0.0,0.0,0,0,0,20260706
20260713,healthy_uptrend,801050.SI,有色金属,142,2,0.014084507042253521,0.02,0,2,2,20260706
20260713,healthy_uptrend,801080.SI,电子,496,55,0.11088709677419355,0.55,18,37,18,20260706
20260713,healthy_uptrend,801110.SI,家用电器,101,0,0.0,0.0,0,0,1,20260706
20260713,healthy_uptrend,801120.SI,食品饮料,126,0,0.0,0.0,0,0,0,20260706
20260713,healthy_uptrend,801130.SI,纺织服饰,107,1,0.009345794392523364,0.01,0,1,0,20260706
20260713,healthy_uptrend,801140.SI,轻工制造,168,1,0.005952380952380952,0.01,1,0,0,20260706
20260713,healthy_uptrend,801150.SI,医药生物,502,0,0.0,0.0,0,0,1,20260706
20260713,healthy_uptrend,801160.SI,公用事业,133,0,0.0,0.0,0,0,0,20260706
20260713,healthy_uptrend,801170.SI,交通运输,128,0,0.0,0.0,0,0,0,20260706
20260713,healthy_uptrend,801180.SI,房地产,99,2,0.020202020202020204,0.02,2,0,0,20260706
20260713,healthy_uptrend,801200.SI,商贸零售,98,1,0.01020408163265306,0.01,1,0,0,20260706
20260713,healthy_uptrend,801210.SI,社会服务,84,0,0.0,0.0,0,0,0,20260706
20260713,healthy_uptrend,801230.SI,综合,15,0,0.0,0.0,0,0,0,20260706
20260713,healthy_uptrend,801710.SI,建筑材料,75,2,0.02666666666666667,0.02,0,2,1,20260706
20260713,healthy_uptrend,801720.SI,建筑装饰,162,2,0.012345679012345678,0.02,2,0,0,20260706
20260713,healthy_uptrend,801730.SI,电力设备,399,1,0.002506265664160401,0.01,0,1,2,20260706
20260713,healthy_uptrend,801740.SI,国防军工,140,1,0.007142857142857143,0.01,1,0,0,20260706
20260713,healthy_uptrend,801750.SI,计算机,358,3,0.008379888268156424,0.03,1,2,1,20260706
20260713,healthy_uptrend,801760.SI,传媒,131,0,0.0,0.0,0,0,0,20260706
20260713,healthy_uptrend,801770.SI,通信,127,2,0.015748031496062992,0.02,0,2,0,20260706
20260713,healthy_uptrend,801780.SI,银行,42,0,0.0,0.0,0,0,0,20260706
20260713,healthy_uptrend,801790.SI,非银金融,81,0,0.0,0.0,0,0,0,20260706
20260713,healthy_uptrend,801880.SI,汽车,313,0,0.0,0.0,0,0,0,20260706
20260713,healthy_uptrend,801890.SI,机械设备,593,17,0.02866779089376054,0.17,5,12,10,20260706
20260713,healthy_uptrend,801950.SI,煤炭,37,0,0.0,0.0,0,0,0,20260706
20260713,healthy_uptrend,801960.SI,石油石化,48,0,0.0,0.0,0,0,0,20260706
20260713,healthy_uptrend,801970.SI,环保,136,0,0.0,0.0,0,0,0,20260706
20260713,healthy_uptrend,801980.SI,美容护理,31,0,0.0,0.0,0,0,0,20260706
20260714,healthy_uptrend,801010.SI,农林牧渔,114,0,0.0,0.0,0,0,0,20260707
20260714,healthy_uptrend,801030.SI,基础化工,439,9,0.02050113895216401,0.09,7,2,6,20260707
20260714,healthy_uptrend,801040.SI,钢铁,44,0,0.0,0.0,0,0,0,20260707
20260714,healthy_uptrend,801050.SI,有色金属,143,2,0.013986013986013986,0.02,0,2,1,20260707
20260714,healthy_uptrend,801080.SI,电子,495,54,0.10909090909090909,0.54,17,37,15,20260707
20260714,healthy_uptrend,801110.SI,家用电器,102,0,0.0,0.0,0,0,1,20260707
20260714,healthy_uptrend,801120.SI,食品饮料,126,0,0.0,0.0,0,0,0,20260707
20260714,healthy_uptrend,801130.SI,纺织服饰,107,1,0.009345794392523364,0.01,0,1,0,20260707
20260714,healthy_uptrend,801140.SI,轻工制造,168,0,0.0,0.0,0,0,0,20260707
20260714,healthy_uptrend,801150.SI,医药生物,502,0,0.0,0.0,0,0,1,20260707
20260714,healthy_uptrend,801160.SI,公用事业,133,0,0.0,0.0,0,0,0,20260707
20260714,healthy_uptrend,801170.SI,交通运输,128,0,0.0,0.0,0,0,0,20260707
20260714,healthy_uptrend,801180.SI,房地产,99,2,0.020202020202020204,0.02,2,0,0,20260707
20260714,healthy_uptrend,801200.SI,商贸零售,98,1,0.01020408163265306,0.01,1,0,0,20260707
20260714,healthy_uptrend,801210.SI,社会服务,84,0,0.0,0.0,0,0,0,20260707
20260714,healthy_uptrend,801230.SI,综合,15,0,0.0,0.0,0,0,0,20260707
20260714,healthy_uptrend,801710.SI,建筑材料,75,2,0.02666666666666667,0.02,1,1,2,20260707
20260714,healthy_uptrend,801720.SI,建筑装饰,162,2,0.012345679012345678,0.02,1,1,0,20260707
20260714,healthy_uptrend,801730.SI,电力设备,398,1,0.002512562814070352,0.01,0,1,3,20260707
20260714,healthy_uptrend,801740.SI,国防军工,140,1,0.007142857142857143,0.01,1,0,0,20260707
20260714,healthy_uptrend,801750.SI,计算机,357,3,0.008403361344537815,0.03,0,3,1,20260707
20260714,healthy_uptrend,801760.SI,传媒,131,0,0.0,0.0,0,0,0,20260707
20260714,healthy_uptrend,801770.SI,通信,127,2,0.015748031496062992,0.02,2,0,1,20260707
20260714,healthy_uptrend,801780.SI,银行,42,0,0.0,0.0,0,0,0,20260707
20260714,healthy_uptrend,801790.SI,非银金融,81,0,0.0,0.0,0,0,0,20260707
20260714,healthy_uptrend,801880.SI,汽车,313,1,0.003194888178913738,0.01,1,0,0,20260707
20260714,healthy_uptrend,801890.SI,机械设备,594,19,0.03198653198653199,0.19,6,13,8,20260707
20260714,healthy_uptrend,801950.SI,煤炭,37,0,0.0,0.0,0,0,0,20260707
20260714,healthy_uptrend,801960.SI,石油石化,48,0,0.0,0.0,0,0,0,20260707
20260714,healthy_uptrend,801970.SI,环保,136,0,0.0,0.0,0,0,0,20260707
20260714,healthy_uptrend,801980.SI,美容护理,31,0,0.0,0.0,0,0,0,20260707
20260715,healthy_uptrend,801010.SI,农林牧渔,114,0,0.0,0.0,0,0,0,20260708
20260715,healthy_uptrend,801030.SI,基础化工,439,10,0.022779043280182234,0.1,8,2,6,20260708
20260715,healthy_uptrend,801040.SI,钢铁,44,0,0.0,0.0,0,0,0,20260708
20260715,healthy_uptrend,801050.SI,有色金属,143,2,0.013986013986013986,0.02,0,2,0,20260708
20260715,healthy_uptrend,801080.SI,电子,495,48,0.09696969696969697,0.48,17,31,21,20260708
20260715,healthy_uptrend,801110.SI,家用电器,102,0,0.0,0.0,0,0,1,20260708
20260715,healthy_uptrend,801120.SI,食品饮料,126,0,0.0,0.0,0,0,0,20260708
20260715,healthy_uptrend,801130.SI,纺织服饰,107,1,0.009345794392523364,0.01,0,1,0,20260708
20260715,healthy_uptrend,801140.SI,轻工制造,168,0,0.0,0.0,0,0,1,20260708
20260715,healthy_uptrend,801150.SI,医药生物,502,0,0.0,0.0,0,0,0,20260708
20260715,healthy_uptrend,801160.SI,公用事业,133,0,0.0,0.0,0,0,0,20260708
20260715,healthy_uptrend,801170.SI,交通运输,128,0,0.0,0.0,0,0,0,20260708
20260715,healthy_uptrend,801180.SI,房地产,99,2,0.020202020202020204,0.02,0,2,0,20260708
20260715,healthy_uptrend,801200.SI,商贸零售,98,1,0.01020408163265306,0.01,0,1,0,20260708
20260715,healthy_uptrend,801210.SI,社会服务,84,0,0.0,0.0,0,0,0,20260708
20260715,healthy_uptrend,801230.SI,综合,15,0,0.0,0.0,0,0,0,20260708
20260715,healthy_uptrend,801710.SI,建筑材料,75,3,0.04,0.03,1,2,1,20260708
20260715,healthy_uptrend,801720.SI,建筑装饰,162,2,0.012345679012345678,0.02,1,1,0,20260708
20260715,healthy_uptrend,801730.SI,电力设备,399,2,0.005012531328320802,0.02,1,1,2,20260708
20260715,healthy_uptrend,801740.SI,国防军工,140,1,0.007142857142857143,0.01,1,0,0,20260708
20260715,healthy_uptrend,801750.SI,计算机,357,3,0.008403361344537815,0.03,0,3,1,20260708
20260715,healthy_uptrend,801760.SI,传媒,131,0,0.0,0.0,0,0,0,20260708
20260715,healthy_uptrend,801770.SI,通信,127,2,0.015748031496062992,0.02,2,0,1,20260708
20260715,healthy_uptrend,801780.SI,银行,42,0,0.0,0.0,0,0,0,20260708
20260715,healthy_uptrend,801790.SI,非银金融,81,1,0.012345679012345678,0.01,1,0,0,20260708
20260715,healthy_uptrend,801880.SI,汽车,313,3,0.009584664536741214,0.03,3,0,0,20260708
20260715,healthy_uptrend,801890.SI,机械设备,594,19,0.03198653198653199,0.19,5,14,6,20260708
20260715,healthy_uptrend,801950.SI,煤炭,37,0,0.0,0.0,0,0,0,20260708
20260715,healthy_uptrend,801960.SI,石油石化,48,0,0.0,0.0,0,0,0,20260708
20260715,healthy_uptrend,801970.SI,环保,136,0,0.0,0.0,0,0,0,20260708
20260715,healthy_uptrend,801980.SI,美容护理,31,0,0.0,0.0,0,0,0,20260708
20260716,healthy_uptrend,801010.SI,农林牧渔,114,0,0.0,0.0,0,0,0,20260709
20260716,healthy_uptrend,801030.SI,基础化工,440,10,0.022727272727272728,0.1,8,2,6,20260709
20260716,healthy_uptrend,801040.SI,钢铁,44,0,0.0,0.0,0,0,0,20260709
20260716,healthy_uptrend,801050.SI,有色金属,143,1,0.006993006993006993,0.01,0,1,1,20260709
20260716,healthy_uptrend,801080.SI,电子,495,44,0.08888888888888889,0.44,14,30,22,20260709
20260716,healthy_uptrend,801110.SI,家用电器,102,1,0.00980392156862745,0.01,1,0,0,20260709
20260716,healthy_uptrend,801120.SI,食品饮料,126,0,0.0,0.0,0,0,0,20260709
20260716,healthy_uptrend,801130.SI,纺织服饰,107,1,0.009345794392523364,0.01,0,1,0,20260709
20260716,healthy_uptrend,801140.SI,轻工制造,168,0,0.0,0.0,0,0,1,20260709
20260716,healthy_uptrend,801150.SI,医药生物,501,1,0.001996007984031936,0.01,1,0,0,20260709
20260716,healthy_uptrend,801160.SI,公用事业,133,0,0.0,0.0,0,0,0,20260709
20260716,healthy_uptrend,801170.SI,交通运输,128,0,0.0,0.0,0,0,0,20260709
20260716,healthy_uptrend,801180.SI,房地产,99,1,0.010101010101010102,0.01,0,1,1,20260709
20260716,healthy_uptrend,801200.SI,商贸零售,98,1,0.01020408163265306,0.01,0,1,0,20260709
20260716,healthy_uptrend,801210.SI,社会服务,84,0,0.0,0.0,0,0,0,20260709
20260716,healthy_uptrend,801230.SI,综合,15,0,0.0,0.0,0,0,0,20260709
20260716,healthy_uptrend,801710.SI,建筑材料,75,3,0.04,0.03,1,2,1,20260709
20260716,healthy_uptrend,801720.SI,建筑装饰,162,3,0.018518518518518517,0.03,2,1,0,20260709
20260716,healthy_uptrend,801730.SI,电力设备,399,3,0.007518796992481203,0.03,2,1,2,20260709
20260716,healthy_uptrend,801740.SI,国防军工,139,1,0.007194244604316547,0.01,0,1,0,20260709
20260716,healthy_uptrend,801750.SI,计算机,357,2,0.0056022408963585435,0.02,0,2,2,20260709
20260716,healthy_uptrend,801760.SI,传媒,131,0,0.0,0.0,0,0,0,20260709
20260716,healthy_uptrend,801770.SI,通信,127,2,0.015748031496062992,0.02,2,0,1,20260709
20260716,healthy_uptrend,801780.SI,银行,42,0,0.0,0.0,0,0,0,20260709
20260716,healthy_uptrend,801790.SI,非银金融,81,1,0.012345679012345678,0.01,1,0,0,20260709
20260716,healthy_uptrend,801880.SI,汽车,313,3,0.009584664536741214,0.03,3,0,0,20260709
20260716,healthy_uptrend,801890.SI,机械设备,594,22,0.037037037037037035,0.22,6,16,4,20260709
20260716,healthy_uptrend,801950.SI,煤炭,37,0,0.0,0.0,0,0,0,20260709
20260716,healthy_uptrend,801960.SI,石油石化,48,0,0.0,0.0,0,0,0,20260709
20260716,healthy_uptrend,801970.SI,环保,136,0,0.0,0.0,0,0,0,20260709
20260716,healthy_uptrend,801980.SI,美容护理,31,0,0.0,0.0,0,0,0,20260709
20260717,healthy_uptrend,801010.SI,农林牧渔,114,0,0.0,0.0,0,0,0,20260710
20260717,healthy_uptrend,801030.SI,基础化工,440,10,0.022727272727272728,0.1,7,3,5,20260710
20260717,healthy_uptrend,801040.SI,钢铁,44,0,0.0,0.0,0,0,0,20260710
20260717,healthy_uptrend,801050.SI,有色金属,143,0,0.0,0.0,0,0,2,20260710
20260717,healthy_uptrend,801080.SI,电子,495,44,0.08888888888888889,0.44,9,35,22,20260710
20260717,healthy_uptrend,801110.SI,家用电器,103,1,0.009708737864077669,0.01,1,0,0,20260710
20260717,healthy_uptrend,801120.SI,食品饮料,126,0,0.0,0.0,0,0,0,20260710
20260717,healthy_uptrend,801130.SI,纺织服饰,106,1,0.009433962264150943,0.01,0,1,0,20260710
20260717,healthy_uptrend,801140.SI,轻工制造,168,0,0.0,0.0,0,0,1,20260710
20260717,healthy_uptrend,801150.SI,医药生物,500,1,0.002,0.01,1,0,0,20260710
20260717,healthy_uptrend,801160.SI,公用事业,133,0,0.0,0.0,0,0,0,20260710
20260717,healthy_uptrend,801170.SI,交通运输,128,0,0.0,0.0,0,0,0,20260710
20260717,healthy_uptrend,801180.SI,房地产,99,2,0.020202020202020204,0.02,1,1,1,20260710
20260717,healthy_uptrend,801200.SI,商贸零售,98,1,0.01020408163265306,0.01,0,1,0,20260710
20260717,healthy_uptrend,801210.SI,社会服务,84,0,0.0,0.0,0,0,0,20260710
20260717,healthy_uptrend,801230.SI,综合,15,0,0.0,0.0,0,0,0,20260710
20260717,healthy_uptrend,801710.SI,建筑材料,75,3,0.04,0.03,1,2,1,20260710
20260717,healthy_uptrend,801720.SI,建筑装饰,161,3,0.018633540372670808,0.03,2,1,0,20260710
20260717,healthy_uptrend,801730.SI,电力设备,399,4,0.010025062656641603,0.04,3,1,0,20260710
20260717,healthy_uptrend,801740.SI,国防军工,139,0,0.0,0.0,0,0,1,20260710
20260717,healthy_uptrend,801750.SI,计算机,357,3,0.008403361344537815,0.03,1,2,1,20260710
20260717,healthy_uptrend,801760.SI,传媒,131,0,0.0,0.0,0,0,0,20260710
20260717,healthy_uptrend,801770.SI,通信,127,1,0.007874015748031496,0.01,0,1,1,20260710
20260717,healthy_uptrend,801780.SI,银行,42,0,0.0,0.0,0,0,0,20260710
20260717,healthy_uptrend,801790.SI,非银金融,81,2,0.024691358024691357,0.02,2,0,0,20260710
20260717,healthy_uptrend,801880.SI,汽车,313,3,0.009584664536741214,0.03,3,0,0,20260710
20260717,healthy_uptrend,801890.SI,机械设备,594,21,0.03535353535353535,0.21,6,15,2,20260710
20260717,healthy_uptrend,801950.SI,煤炭,37,0,0.0,0.0,0,0,0,20260710
20260717,healthy_uptrend,801960.SI,石油石化,48,0,0.0,0.0,0,0,0,20260710
20260717,healthy_uptrend,801970.SI,环保,136,0,0.0,0.0,0,0,0,20260710
20260717,healthy_uptrend,801980.SI,美容护理,31,0,0.0,0.0,0,0,0,20260710
20260720,healthy_uptrend,801010.SI,农林牧渔,114,0,0.0,0.0,0,0,0,20260713
20260720,healthy_uptrend,801030.SI,基础化工,440,10,0.022727272727272728,0.1,4,6,4,20260713
20260720,healthy_uptrend,801040.SI,钢铁,44,0,0.0,0.0,0,0,0,20260713
20260720,healthy_uptrend,801050.SI,有色金属,143,0,0.0,0.0,0,0,2,20260713
20260720,healthy_uptrend,801080.SI,电子,495,45,0.09090909090909091,0.45,10,35,20,20260713
20260720,healthy_uptrend,801110.SI,家用电器,103,1,0.009708737864077669,0.01,1,0,0,20260713
20260720,healthy_uptrend,801120.SI,食品饮料,126,0,0.0,0.0,0,0,0,20260713
20260720,healthy_uptrend,801130.SI,纺织服饰,107,2,0.018691588785046728,0.02,1,1,0,20260713
20260720,healthy_uptrend,801140.SI,轻工制造,168,1,0.005952380952380952,0.01,0,1,0,20260713
20260720,healthy_uptrend,801150.SI,医药生物,500,3,0.006,0.03,3,0,0,20260713
20260720,healthy_uptrend,801160.SI,公用事业,133,0,0.0,0.0,0,0,0,20260713
20260720,healthy_uptrend,801170.SI,交通运输,128,0,0.0,0.0,0,0,0,20260713
20260720,healthy_uptrend,801180.SI,房地产,99,2,0.020202020202020204,0.02,1,1,1,20260713
20260720,healthy_uptrend,801200.SI,商贸零售,98,1,0.01020408163265306,0.01,0,1,0,20260713
20260720,healthy_uptrend,801210.SI,社会服务,84,0,0.0,0.0,0,0,0,20260713
20260720,healthy_uptrend,801230.SI,综合,15,0,0.0,0.0,0,0,0,20260713
20260720,healthy_uptrend,801710.SI,建筑材料,75,3,0.04,0.03,2,1,1,20260713
20260720,healthy_uptrend,801720.SI,建筑装饰,162,3,0.018518518518518517,0.03,1,2,0,20260713
20260720,healthy_uptrend,801730.SI,电力设备,399,4,0.010025062656641603,0.04,3,1,0,20260713
20260720,healthy_uptrend,801740.SI,国防军工,139,0,0.0,0.0,0,0,1,20260713
20260720,healthy_uptrend,801750.SI,计算机,357,2,0.0056022408963585435,0.02,1,1,2,20260713
20260720,healthy_uptrend,801760.SI,传媒,131,0,0.0,0.0,0,0,0,20260713
20260720,healthy_uptrend,801770.SI,通信,127,1,0.007874015748031496,0.01,0,1,1,20260713
20260720,healthy_uptrend,801780.SI,银行,42,0,0.0,0.0,0,0,0,20260713
20260720,healthy_uptrend,801790.SI,非银金融,81,2,0.024691358024691357,0.02,2,0,0,20260713
20260720,healthy_uptrend,801880.SI,汽车,313,2,0.006389776357827476,0.02,2,0,0,20260713
20260720,healthy_uptrend,801890.SI,机械设备,594,18,0.030303030303030304,0.18,6,12,5,20260713
20260720,healthy_uptrend,801950.SI,煤炭,37,0,0.0,0.0,0,0,0,20260713
20260720,healthy_uptrend,801960.SI,石油石化,48,0,0.0,0.0,0,0,0,20260713
20260720,healthy_uptrend,801970.SI,环保,136,0,0.0,0.0,0,0,0,20260713
20260720,healthy_uptrend,801980.SI,美容护理,31,0,0.0,0.0,0,0,0,20260713
20260721,healthy_uptrend,801010.SI,农林牧渔,114,0,0.0,0.0,0,0,0,20260714
20260721,healthy_uptrend,801030.SI,基础化工,440,12,0.02727272727272727,0.12,6,6,3,20260714
20260721,healthy_uptrend,801040.SI,钢铁,44,0,0.0,0.0,0,0,0,20260714
20260721,healthy_uptrend,801050.SI,有色金属,143,0,0.0,0.0,0,0,2,20260714
20260721,healthy_uptrend,801080.SI,电子,496,43,0.08669354838709678,0.43,10,33,21,20260714
20260721,healthy_uptrend,801110.SI,家用电器,103,1,0.009708737864077669,0.01,1,0,0,20260714
20260721,healthy_uptrend,801120.SI,食品饮料,126,0,0.0,0.0,0,0,0,20260714
20260721,healthy_uptrend,801130.SI,纺织服饰,107,2,0.018691588785046728,0.02,1,1,0,20260714
20260721,healthy_uptrend,801140.SI,轻工制造,168,1,0.005952380952380952,0.01,1,0,0,20260714
20260721,healthy_uptrend,801150.SI,医药生物,500,3,0.006,0.03,3,0,0,20260714
20260721,healthy_uptrend,801160.SI,公用事业,133,0,0.0,0.0,0,0,0,20260714
20260721,healthy_uptrend,801170.SI,交通运输,128,0,0.0,0.0,0,0,0,20260714
20260721,healthy_uptrend,801180.SI,房地产,99,2,0.020202020202020204,0.02,1,1,1,20260714
20260721,healthy_uptrend,801200.SI,商贸零售,98,1,0.01020408163265306,0.01,0,1,0,20260714
20260721,healthy_uptrend,801210.SI,社会服务,84,0,0.0,0.0,0,0,0,20260714
20260721,healthy_uptrend,801230.SI,综合,15,0,0.0,0.0,0,0,0,20260714
20260721,healthy_uptrend,801710.SI,建筑材料,75,2,0.02666666666666667,0.02,1,1,1,20260714
20260721,healthy_uptrend,801720.SI,建筑装饰,162,3,0.018518518518518517,0.03,1,2,0,20260714
20260721,healthy_uptrend,801730.SI,电力设备,399,4,0.010025062656641603,0.04,3,1,0,20260714
20260721,healthy_uptrend,801740.SI,国防军工,140,0,0.0,0.0,0,0,1,20260714
20260721,healthy_uptrend,801750.SI,计算机,357,1,0.0028011204481792717,0.01,0,1,2,20260714
20260721,healthy_uptrend,801760.SI,传媒,131,0,0.0,0.0,0,0,0,20260714
20260721,healthy_uptrend,801770.SI,通信,127,1,0.007874015748031496,0.01,0,1,1,20260714
20260721,healthy_uptrend,801780.SI,银行,42,0,0.0,0.0,0,0,0,20260714
20260721,healthy_uptrend,801790.SI,非银金融,81,3,0.037037037037037035,0.03,3,0,0,20260714
20260721,healthy_uptrend,801880.SI,汽车,313,2,0.006389776357827476,0.02,2,0,1,20260714
20260721,healthy_uptrend,801890.SI,机械设备,594,19,0.03198653198653199,0.19,6,13,6,20260714
20260721,healthy_uptrend,801950.SI,煤炭,37,0,0.0,0.0,0,0,0,20260714
20260721,healthy_uptrend,801960.SI,石油石化,48,0,0.0,0.0,0,0,0,20260714
20260721,healthy_uptrend,801970.SI,环保,136,0,0.0,0.0,0,0,0,20260714
20260721,healthy_uptrend,801980.SI,美容护理,31,0,0.0,0.0,0,0,0,20260714
20260722,healthy_uptrend,801010.SI,农林牧渔,114,0,0.0,0.0,0,0,0,20260715
20260722,healthy_uptrend,801030.SI,基础化工,440,10,0.022727272727272728,0.1,5,5,5,20260715
20260722,healthy_uptrend,801040.SI,钢铁,44,0,0.0,0.0,0,0,0,20260715
20260722,healthy_uptrend,801050.SI,有色金属,143,0,0.0,0.0,0,0,2,20260715
20260722,healthy_uptrend,801080.SI,电子,495,47,0.09494949494949495,0.47,13,34,14,20260715
20260722,healthy_uptrend,801110.SI,家用电器,103,1,0.009708737864077669,0.01,1,0,0,20260715
20260722,healthy_uptrend,801120.SI,食品饮料,126,0,0.0,0.0,0,0,0,20260715
20260722,healthy_uptrend,801130.SI,纺织服饰,107,2,0.018691588785046728,0.02,1,1,0,20260715
20260722,healthy_uptrend,801140.SI,轻工制造,168,0,0.0,0.0,0,0,0,20260715
20260722,healthy_uptrend,801150.SI,医药生物,501,3,0.005988023952095809,0.03,3,0,0,20260715
20260722,healthy_uptrend,801160.SI,公用事业,133,0,0.0,0.0,0,0,0,20260715
20260722,healthy_uptrend,801170.SI,交通运输,128,0,0.0,0.0,0,0,0,20260715
20260722,healthy_uptrend,801180.SI,房地产,99,2,0.020202020202020204,0.02,1,1,1,20260715
20260722,healthy_uptrend,801200.SI,商贸零售,98,1,0.01020408163265306,0.01,0,1,0,20260715
20260722,healthy_uptrend,801210.SI,社会服务,84,0,0.0,0.0,0,0,0,20260715
20260722,healthy_uptrend,801230.SI,综合,15,0,0.0,0.0,0,0,0,20260715
20260722,healthy_uptrend,801710.SI,建筑材料,75,2,0.02666666666666667,0.02,0,2,1,20260715
20260722,healthy_uptrend,801720.SI,建筑装饰,162,3,0.018518518518518517,0.03,1,2,0,20260715
20260722,healthy_uptrend,801730.SI,电力设备,399,4,0.010025062656641603,0.04,2,2,0,20260715
20260722,healthy_uptrend,801740.SI,国防军工,140,0,0.0,0.0,0,0,1,20260715
20260722,healthy_uptrend,801750.SI,计算机,357,1,0.0028011204481792717,0.01,0,1,2,20260715
20260722,healthy_uptrend,801760.SI,传媒,131,0,0.0,0.0,0,0,0,20260715
20260722,healthy_uptrend,801770.SI,通信,127,1,0.007874015748031496,0.01,0,1,1,20260715
20260722,healthy_uptrend,801780.SI,银行,42,0,0.0,0.0,0,0,0,20260715
20260722,healthy_uptrend,801790.SI,非银金融,81,4,0.04938271604938271,0.04,3,1,0,20260715
20260722,healthy_uptrend,801880.SI,汽车,313,2,0.006389776357827476,0.02,0,2,1,20260715
20260722,healthy_uptrend,801890.SI,机械设备,594,17,0.02861952861952862,0.17,5,12,7,20260715
20260722,healthy_uptrend,801950.SI,煤炭,37,0,0.0,0.0,0,0,0,20260715
20260722,healthy_uptrend,801960.SI,石油石化,48,0,0.0,0.0,0,0,0,20260715
20260722,healthy_uptrend,801970.SI,环保,136,0,0.0,0.0,0,0,0,20260715
20260722,healthy_uptrend,801980.SI,美容护理,31,0,0.0,0.0,0,0,0,20260715
20260723,healthy_uptrend,801010.SI,农林牧渔,114,0,0.0,0.0,0,0,0,20260716
20260723,healthy_uptrend,801030.SI,基础化工,440,9,0.020454545454545454,0.09,4,5,5,20260716
20260723,healthy_uptrend,801040.SI,钢铁,44,0,0.0,0.0,0,0,0,20260716
20260723,healthy_uptrend,801050.SI,有色金属,143,0,0.0,0.0,0,0,1,20260716
20260723,healthy_uptrend,801080.SI,电子,495,46,0.09292929292929293,0.46,13,33,11,20260716
20260723,healthy_uptrend,801110.SI,家用电器,103,1,0.009708737864077669,0.01,0,1,0,20260716
20260723,healthy_uptrend,801120.SI,食品饮料,126,0,0.0,0.0,0,0,0,20260716
20260723,healthy_uptrend,801130.SI,纺织服饰,107,3,0.028037383177570093,0.03,2,1,0,20260716
20260723,healthy_uptrend,801140.SI,轻工制造,168,0,0.0,0.0,0,0,0,20260716
20260723,healthy_uptrend,801150.SI,医药生物,502,3,0.00597609561752988,0.03,2,1,0,20260716
20260723,healthy_uptrend,801160.SI,公用事业,133,0,0.0,0.0,0,0,0,20260716
20260723,healthy_uptrend,801170.SI,交通运输,128,0,0.0,0.0,0,0,0,20260716
20260723,healthy_uptrend,801180.SI,房地产,99,2,0.020202020202020204,0.02,1,1,0,20260716
20260723,healthy_uptrend,801200.SI,商贸零售,98,2,0.02040816326530612,0.02,1,1,0,20260716
20260723,healthy_uptrend,801210.SI,社会服务,84,0,0.0,0.0,0,0,0,20260716
20260723,healthy_uptrend,801230.SI,综合,15,0,0.0,0.0,0,0,0,20260716
20260723,healthy_uptrend,801710.SI,建筑材料,75,2,0.02666666666666667,0.02,0,2,1,20260716
20260723,healthy_uptrend,801720.SI,建筑装饰,162,3,0.018518518518518517,0.03,0,3,0,20260716
20260723,healthy_uptrend,801730.SI,电力设备,399,4,0.010025062656641603,0.04,1,3,0,20260716
20260723,healthy_uptrend,801740.SI,国防军工,141,0,0.0,0.0,0,0,1,20260716
20260723,healthy_uptrend,801750.SI,计算机,357,1,0.0028011204481792717,0.01,0,1,1,20260716
20260723,healthy_uptrend,801760.SI,传媒,130,0,0.0,0.0,0,0,0,20260716
20260723,healthy_uptrend,801770.SI,通信,127,1,0.007874015748031496,0.01,0,1,1,20260716
20260723,healthy_uptrend,801780.SI,银行,42,0,0.0,0.0,0,0,0,20260716
20260723,healthy_uptrend,801790.SI,非银金融,81,5,0.06172839506172839,0.05,4,1,0,20260716
20260723,healthy_uptrend,801880.SI,汽车,313,2,0.006389776357827476,0.02,0,2,1,20260716
20260723,healthy_uptrend,801890.SI,机械设备,594,16,0.026936026936026935,0.16,4,12,10,20260716
20260723,healthy_uptrend,801950.SI,煤炭,37,0,0.0,0.0,0,0,0,20260716
20260723,healthy_uptrend,801960.SI,石油石化,48,0,0.0,0.0,0,0,0,20260716
20260723,healthy_uptrend,801970.SI,环保,136,0,0.0,0.0,0,0,0,20260716
20260723,healthy_uptrend,801980.SI,美容护理,31,0,0.0,0.0,0,0,0,20260716
20260724,healthy_uptrend,801010.SI,农林牧渔,114,0,0.0,0.0,0,0,0,20260717
20260724,healthy_uptrend,801030.SI,基础化工,441,9,0.02040816326530612,0.09,3,6,4,20260717
20260724,healthy_uptrend,801040.SI,钢铁,44,0,0.0,0.0,0,0,0,20260717
20260724,healthy_uptrend,801050.SI,有色金属,143,0,0.0,0.0,0,0,0,20260717
20260724,healthy_uptrend,801080.SI,电子,495,49,0.09898989898989899,0.49,15,34,10,20260717
20260724,healthy_uptrend,801110.SI,家用电器,103,2,0.019417475728155338,0.02,1,1,0,20260717
20260724,healthy_uptrend,801120.SI,食品饮料,126,0,0.0,0.0,0,0,0,20260717
20260724,healthy_uptrend,801130.SI,纺织服饰,107,3,0.028037383177570093,0.03,2,1,0,20260717
20260724,healthy_uptrend,801140.SI,轻工制造,168,0,0.0,0.0,0,0,0,20260717
20260724,healthy_uptrend,801150.SI,医药生物,502,4,0.00796812749003984,0.04,3,1,0,20260717
20260724,healthy_uptrend,801160.SI,公用事业,133,0,0.0,0.0,0,0,0,20260717
20260724,healthy_uptrend,801170.SI,交通运输,128,0,0.0,0.0,0,0,0,20260717
20260724,healthy_uptrend,801180.SI,房地产,99,2,0.020202020202020204,0.02,0,2,0,20260717
20260724,healthy_uptrend,801200.SI,商贸零售,98,2,0.02040816326530612,0.02,1,1,0,20260717
20260724,healthy_uptrend,801210.SI,社会服务,84,0,0.0,0.0,0,0,0,20260717
20260724,healthy_uptrend,801230.SI,综合,15,0,0.0,0.0,0,0,0,20260717
20260724,healthy_uptrend,801710.SI,建筑材料,75,1,0.013333333333333334,0.01,0,1,2,20260717
20260724,healthy_uptrend,801720.SI,建筑装饰,162,3,0.018518518518518517,0.03,0,3,0,20260717
20260724,healthy_uptrend,801730.SI,电力设备,399,2,0.005012531328320802,0.02,0,2,2,20260717
20260724,healthy_uptrend,801740.SI,国防军工,141,0,0.0,0.0,0,0,0,20260717
20260724,healthy_uptrend,801750.SI,计算机,357,2,0.0056022408963585435,0.02,1,1,2,20260717
20260724,healthy_uptrend,801760.SI,传媒,130,0,0.0,0.0,0,0,0,20260717
20260724,healthy_uptrend,801770.SI,通信,127,1,0.007874015748031496,0.01,0,1,0,20260717
20260724,healthy_uptrend,801780.SI,银行,42,0,0.0,0.0,0,0,0,20260717
20260724,healthy_uptrend,801790.SI,非银金融,81,5,0.06172839506172839,0.05,3,2,0,20260717
20260724,healthy_uptrend,801880.SI,汽车,313,2,0.006389776357827476,0.02,0,2,1,20260717
20260724,healthy_uptrend,801890.SI,机械设备,594,13,0.021885521885521887,0.13,3,10,11,20260717
20260724,healthy_uptrend,801950.SI,煤炭,37,0,0.0,0.0,0,0,0,20260717
20260724,healthy_uptrend,801960.SI,石油石化,48,0,0.0,0.0,0,0,0,20260717
20260724,healthy_uptrend,801970.SI,环保,136,0,0.0,0.0,0,0,0,20260717
20260724,healthy_uptrend,801980.SI,美容护理,30,0,0.0,0.0,0,0,0,20260717
20260727,healthy_uptrend,801010.SI,农林牧渔,114,0,0.0,0.0,0,0,0,20260720
20260727,healthy_uptrend,801030.SI,基础化工,440,8,0.01818181818181818,0.08,2,6,4,20260720
20260727,healthy_uptrend,801040.SI,钢铁,44,0,0.0,0.0,0,0,0,20260720
20260727,healthy_uptrend,801050.SI,有色金属,144,0,0.0,0.0,0,0,0,20260720
20260727,healthy_uptrend,801080.SI,电子,495,49,0.09898989898989899,0.49,13,36,9,20260720
20260727,healthy_uptrend,801110.SI,家用电器,103,2,0.019417475728155338,0.02,1,1,0,20260720
20260727,healthy_uptrend,801120.SI,食品饮料,126,1,0.007936507936507936,0.01,1,0,0,20260720
20260727,healthy_uptrend,801130.SI,纺织服饰,107,3,0.028037383177570093,0.03,1,2,0,20260720
20260727,healthy_uptrend,801140.SI,轻工制造,168,0,0.0,0.0,0,0,1,20260720
20260727,healthy_uptrend,801150.SI,医药生物,502,4,0.00796812749003984,0.04,1,3,0,20260720
20260727,healthy_uptrend,801160.SI,公用事业,133,0,0.0,0.0,0,0,0,20260720
20260727,healthy_uptrend,801170.SI,交通运输,128,0,0.0,0.0,0,0,0,20260720
20260727,healthy_uptrend,801180.SI,房地产,99,1,0.010101010101010102,0.01,0,1,1,20260720
20260727,healthy_uptrend,801200.SI,商贸零售,98,2,0.02040816326530612,0.02,1,1,0,20260720
20260727,healthy_uptrend,801210.SI,社会服务,84,0,0.0,0.0,0,0,0,20260720
20260727,healthy_uptrend,801230.SI,综合,15,0,0.0,0.0,0,0,0,20260720
20260727,healthy_uptrend,801710.SI,建筑材料,75,1,0.013333333333333334,0.01,0,1,2,20260720
20260727,healthy_uptrend,801720.SI,建筑装饰,162,3,0.018518518518518517,0.03,1,2,1,20260720
20260727,healthy_uptrend,801730.SI,电力设备,399,1,0.002506265664160401,0.01,0,1,3,20260720
20260727,healthy_uptrend,801740.SI,国防军工,141,0,0.0,0.0,0,0,0,20260720
20260727,healthy_uptrend,801750.SI,计算机,356,2,0.0056179775280898875,0.02,1,1,1,20260720
20260727,healthy_uptrend,801760.SI,传媒,130,0,0.0,0.0,0,0,0,20260720
20260727,healthy_uptrend,801770.SI,通信,126,1,0.007936507936507936,0.01,0,1,0,20260720
20260727,healthy_uptrend,801780.SI,银行,42,0,0.0,0.0,0,0,0,20260720
20260727,healthy_uptrend,801790.SI,非银金融,81,6,0.07407407407407407,0.06,4,2,0,20260720
20260727,healthy_uptrend,801880.SI,汽车,314,2,0.006369426751592357,0.02,0,2,0,20260720
20260727,healthy_uptrend,801890.SI,机械设备,594,13,0.021885521885521887,0.13,2,11,7,20260720
20260727,healthy_uptrend,801950.SI,煤炭,37,0,0.0,0.0,0,0,0,20260720
20260727,healthy_uptrend,801960.SI,石油石化,47,0,0.0,0.0,0,0,0,20260720
20260727,healthy_uptrend,801970.SI,环保,136,1,0.007352941176470588,0.01,1,0,0,20260720
20260727,healthy_uptrend,801980.SI,美容护理,30,0,0.0,0.0,0,0,0,20260720
20260728,healthy_uptrend,801010.SI,农林牧渔,114,1,0.008771929824561403,0.01,1,0,0,20260721
20260728,healthy_uptrend,801030.SI,基础化工,442,8,0.01809954751131222,0.08,0,8,4,20260721
20260728,healthy_uptrend,801040.SI,钢铁,44,0,0.0,0.0,0,0,0,20260721
20260728,healthy_uptrend,801050.SI,有色金属,144,0,0.0,0.0,0,0,0,20260721
20260728,healthy_uptrend,801080.SI,电子,495,48,0.09696969696969697,0.48,12,36,7,20260721
20260728,healthy_uptrend,801110.SI,家用电器,103,3,0.02912621359223301,0.03,2,1,0,20260721
20260728,healthy_uptrend,801120.SI,食品饮料,126,1,0.007936507936507936,0.01,1,0,0,20260721
20260728,healthy_uptrend,801130.SI,纺织服饰,107,2,0.018691588785046728,0.02,1,1,1,20260721
20260728,healthy_uptrend,801140.SI,轻工制造,168,1,0.005952380952380952,0.01,1,0,1,20260721
20260728,healthy_uptrend,801150.SI,医药生物,502,4,0.00796812749003984,0.04,1,3,0,20260721
20260728,healthy_uptrend,801160.SI,公用事业,133,0,0.0,0.0,0,0,0,20260721
20260728,healthy_uptrend,801170.SI,交通运输,128,1,0.0078125,0.01,1,0,0,20260721
20260728,healthy_uptrend,801180.SI,房地产,99,1,0.010101010101010102,0.01,0,1,1,20260721
20260728,healthy_uptrend,801200.SI,商贸零售,98,2,0.02040816326530612,0.02,1,1,0,20260721
20260728,healthy_uptrend,801210.SI,社会服务,84,0,0.0,0.0,0,0,0,20260721
20260728,healthy_uptrend,801230.SI,综合,15,0,0.0,0.0,0,0,0,20260721
20260728,healthy_uptrend,801710.SI,建筑材料,75,1,0.013333333333333334,0.01,0,1,1,20260721
20260728,healthy_uptrend,801720.SI,建筑装饰,162,3,0.018518518518518517,0.03,1,2,1,20260721
20260728,healthy_uptrend,801730.SI,电力设备,399,1,0.002506265664160401,0.01,0,1,3,20260721
20260728,healthy_uptrend,801740.SI,国防军工,141,0,0.0,0.0,0,0,0,20260721
20260728,healthy_uptrend,801750.SI,计算机,356,1,0.0028089887640449437,0.01,0,1,0,20260721
20260728,healthy_uptrend,801760.SI,传媒,130,0,0.0,0.0,0,0,0,20260721
20260728,healthy_uptrend,801770.SI,通信,126,0,0.0,0.0,0,0,1,20260721
20260728,healthy_uptrend,801780.SI,银行,42,0,0.0,0.0,0,0,0,20260721
20260728,healthy_uptrend,801790.SI,非银金融,81,7,0.08641975308641975,0.07,4,3,0,20260721
20260728,healthy_uptrend,801880.SI,汽车,314,2,0.006369426751592357,0.02,0,2,0,20260721
20260728,healthy_uptrend,801890.SI,机械设备,594,12,0.020202020202020204,0.12,1,11,8,20260721
20260728,healthy_uptrend,801950.SI,煤炭,37,0,0.0,0.0,0,0,0,20260721
20260728,healthy_uptrend,801960.SI,石油石化,47,0,0.0,0.0,0,0,0,20260721
20260728,healthy_uptrend,801970.SI,环保,136,1,0.007352941176470588,0.01,1,0,0,20260721
20260728,healthy_uptrend,801980.SI,美容护理,30,0,0.0,0.0,0,0,0,20260721
20260729,healthy_uptrend,801010.SI,农林牧渔,114,1,0.008771929824561403,0.01,1,0,0,20260722
20260729,healthy_uptrend,801030.SI,基础化工,442,7,0.01583710407239819,0.07,0,7,3,20260722
20260729,healthy_uptrend,801040.SI,钢铁,44,0,0.0,0.0,0,0,0,20260722
20260729,healthy_uptrend,801050.SI,有色金属,144,0,0.0,0.0,0,0,0,20260722
20260729,healthy_uptrend,801080.SI,电子,495,47,0.09494949494949495,0.47,9,38,9,20260722
20260729,healthy_uptrend,801110.SI,家用电器,103,3,0.02912621359223301,0.03,2,1,0,20260722
20260729,healthy_uptrend,801120.SI,食品饮料,126,1,0.007936507936507936,0.01,1,0,0,20260722
20260729,healthy_uptrend,801130.SI,纺织服饰,107,3,0.028037383177570093,0.03,2,1,1,20260722
20260729,healthy_uptrend,801140.SI,轻工制造,168,1,0.005952380952380952,0.01,1,0,0,20260722
20260729,healthy_uptrend,801150.SI,医药生物,502,6,0.01195219123505976,0.06,3,3,0,20260722
20260729,healthy_uptrend,801160.SI,公用事业,133,0,0.0,0.0,0,0,0,20260722
20260729,healthy_uptrend,801170.SI,交通运输,128,1,0.0078125,0.01,1,0,0,20260722
20260729,healthy_uptrend,801180.SI,房地产,99,1,0.010101010101010102,0.01,0,1,1,20260722
20260729,healthy_uptrend,801200.SI,商贸零售,98,2,0.02040816326530612,0.02,1,1,0,20260722
20260729,healthy_uptrend,801210.SI,社会服务,84,0,0.0,0.0,0,0,0,20260722
20260729,healthy_uptrend,801230.SI,综合,15,0,0.0,0.0,0,0,0,20260722
20260729,healthy_uptrend,801710.SI,建筑材料,75,1,0.013333333333333334,0.01,0,1,1,20260722
20260729,healthy_uptrend,801720.SI,建筑装饰,162,3,0.018518518518518517,0.03,1,2,1,20260722
20260729,healthy_uptrend,801730.SI,电力设备,399,1,0.002506265664160401,0.01,0,1,3,20260722
20260729,healthy_uptrend,801740.SI,国防军工,141,1,0.0070921985815602835,0.01,1,0,0,20260722
20260729,healthy_uptrend,801750.SI,计算机,356,1,0.0028089887640449437,0.01,0,1,0,20260722
20260729,healthy_uptrend,801760.SI,传媒,130,0,0.0,0.0,0,0,0,20260722
20260729,healthy_uptrend,801770.SI,通信,126,0,0.0,0.0,0,0,1,20260722
20260729,healthy_uptrend,801780.SI,银行,42,0,0.0,0.0,0,0,0,20260722
20260729,healthy_uptrend,801790.SI,非银金融,81,6,0.07407407407407407,0.06,3,3,1,20260722
20260729,healthy_uptrend,801880.SI,汽车,314,2,0.006369426751592357,0.02,0,2,0,20260722
20260729,healthy_uptrend,801890.SI,机械设备,594,11,0.018518518518518517,0.11,1,10,7,20260722
20260729,healthy_uptrend,801950.SI,煤炭,37,0,0.0,0.0,0,0,0,20260722
20260729,healthy_uptrend,801960.SI,石油石化,47,0,0.0,0.0,0,0,0,20260722
20260729,healthy_uptrend,801970.SI,环保,135,1,0.007407407407407408,0.01,1,0,0,20260722
20260729,healthy_uptrend,801980.SI,美容护理,30,0,0.0,0.0,0,0,0,20260722
20260424,pullback_strengthening,801010.SI,农林牧渔,113,0,0.0,0.0,0,0,0,
20260424,pullback_strengthening,801030.SI,基础化工,439,5,0.011389521640091117,0.05,5,0,0,
20260424,pullback_strengthening,801040.SI,钢铁,43,0,0.0,0.0,0,0,0,
20260424,pullback_strengthening,801050.SI,有色金属,142,2,0.014084507042253521,0.02,2,0,0,
20260424,pullback_strengthening,801080.SI,电子,495,8,0.01616161616161616,0.08,8,0,0,
20260424,pullback_strengthening,801110.SI,家用电器,103,2,0.019417475728155338,0.02,2,0,0,
20260424,pullback_strengthening,801120.SI,食品饮料,126,3,0.023809523809523808,0.03,3,0,0,
20260424,pullback_strengthening,801130.SI,纺织服饰,105,1,0.009523809523809525,0.01,1,0,0,
20260424,pullback_strengthening,801140.SI,轻工制造,167,3,0.017964071856287425,0.03,3,0,0,
20260424,pullback_strengthening,801150.SI,医药生物,500,10,0.02,0.1,10,0,0,
20260424,pullback_strengthening,801160.SI,公用事业,133,4,0.03007518796992481,0.04,4,0,0,
20260424,pullback_strengthening,801170.SI,交通运输,127,0,0.0,0.0,0,0,0,
20260424,pullback_strengthening,801180.SI,房地产,97,1,0.010309278350515464,0.01,1,0,0,
20260424,pullback_strengthening,801200.SI,商贸零售,99,3,0.030303030303030304,0.03,3,0,0,
20260424,pullback_strengthening,801210.SI,社会服务,84,0,0.0,0.0,0,0,0,
20260424,pullback_strengthening,801230.SI,综合,15,0,0.0,0.0,0,0,0,
20260424,pullback_strengthening,801710.SI,建筑材料,75,0,0.0,0.0,0,0,0,
20260424,pullback_strengthening,801720.SI,建筑装饰,164,8,0.04878048780487805,0.08,8,0,0,
20260424,pullback_strengthening,801730.SI,电力设备,398,12,0.03015075376884422,0.12,12,0,0,
20260424,pullback_strengthening,801740.SI,国防军工,140,4,0.02857142857142857,0.04,4,0,0,
20260424,pullback_strengthening,801750.SI,计算机,356,5,0.014044943820224719,0.05,5,0,0,
20260424,pullback_strengthening,801760.SI,传媒,131,0,0.0,0.0,0,0,0,
20260424,pullback_strengthening,801770.SI,通信,127,5,0.03937007874015748,0.05,5,0,0,
20260424,pullback_strengthening,801780.SI,银行,42,6,0.14285714285714285,0.06,6,0,0,
20260424,pullback_strengthening,801790.SI,非银金融,81,0,0.0,0.0,0,0,0,
20260424,pullback_strengthening,801880.SI,汽车,310,2,0.0064516129032258064,0.02,2,0,0,
20260424,pullback_strengthening,801890.SI,机械设备,593,9,0.01517706576728499,0.09,9,0,0,
20260424,pullback_strengthening,801950.SI,煤炭,37,1,0.02702702702702703,0.01,1,0,0,
20260424,pullback_strengthening,801960.SI,石油石化,48,1,0.020833333333333332,0.01,1,0,0,
20260424,pullback_strengthening,801970.SI,环保,137,5,0.0364963503649635,0.05,5,0,0,
20260424,pullback_strengthening,801980.SI,美容护理,31,0,0.0,0.0,0,0,0,
20260427,pullback_strengthening,801010.SI,农林牧渔,114,0,0.0,0.0,0,0,0,
20260427,pullback_strengthening,801030.SI,基础化工,438,5,0.01141552511415525,0.05,5,0,0,
20260427,pullback_strengthening,801040.SI,钢铁,43,0,0.0,0.0,0,0,0,
20260427,pullback_strengthening,801050.SI,有色金属,142,3,0.02112676056338028,0.03,3,0,0,
20260427,pullback_strengthening,801080.SI,电子,495,7,0.014141414141414142,0.07,7,0,0,
20260427,pullback_strengthening,801110.SI,家用电器,103,2,0.019417475728155338,0.02,2,0,0,
20260427,pullback_strengthening,801120.SI,食品饮料,126,3,0.023809523809523808,0.03,3,0,0,
20260427,pullback_strengthening,801130.SI,纺织服饰,105,1,0.009523809523809525,0.01,1,0,0,
20260427,pullback_strengthening,801140.SI,轻工制造,166,3,0.018072289156626505,0.03,3,0,0,
20260427,pullback_strengthening,801150.SI,医药生物,500,12,0.024,0.12,12,0,0,
20260427,pullback_strengthening,801160.SI,公用事业,133,5,0.03759398496240601,0.05,5,0,0,
20260427,pullback_strengthening,801170.SI,交通运输,126,0,0.0,0.0,0,0,0,
20260427,pullback_strengthening,801180.SI,房地产,99,1,0.010101010101010102,0.01,1,0,0,
20260427,pullback_strengthening,801200.SI,商贸零售,99,2,0.020202020202020204,0.02,2,0,0,
20260427,pullback_strengthening,801210.SI,社会服务,84,0,0.0,0.0,0,0,0,
20260427,pullback_strengthening,801230.SI,综合,15,0,0.0,0.0,0,0,0,
20260427,pullback_strengthening,801710.SI,建筑材料,75,0,0.0,0.0,0,0,0,
20260427,pullback_strengthening,801720.SI,建筑装饰,162,8,0.04938271604938271,0.08,8,0,0,
20260427,pullback_strengthening,801730.SI,电力设备,399,10,0.02506265664160401,0.1,10,0,0,
20260427,pullback_strengthening,801740.SI,国防军工,139,4,0.02877697841726619,0.04,4,0,0,
20260427,pullback_strengthening,801750.SI,计算机,356,4,0.011235955056179775,0.04,4,0,0,
20260427,pullback_strengthening,801760.SI,传媒,131,0,0.0,0.0,0,0,0,
20260427,pullback_strengthening,801770.SI,通信,127,6,0.047244094488188976,0.06,6,0,0,
20260427,pullback_strengthening,801780.SI,银行,42,6,0.14285714285714285,0.06,6,0,0,
20260427,pullback_strengthening,801790.SI,非银金融,81,0,0.0,0.0,0,0,0,
20260427,pullback_strengthening,801880.SI,汽车,310,3,0.00967741935483871,0.03,3,0,0,
20260427,pullback_strengthening,801890.SI,机械设备,594,8,0.013468013468013467,0.08,8,0,0,
20260427,pullback_strengthening,801950.SI,煤炭,37,1,0.02702702702702703,0.01,1,0,0,
20260427,pullback_strengthening,801960.SI,石油石化,48,1,0.020833333333333332,0.01,1,0,0,
20260427,pullback_strengthening,801970.SI,环保,137,5,0.0364963503649635,0.05,5,0,0,
20260427,pullback_strengthening,801980.SI,美容护理,31,0,0.0,0.0,0,0,0,
20260428,pullback_strengthening,801010.SI,农林牧渔,114,0,0.0,0.0,0,0,0,
20260428,pullback_strengthening,801030.SI,基础化工,438,4,0.0091324200913242,0.04,4,0,0,
20260428,pullback_strengthening,801040.SI,钢铁,43,0,0.0,0.0,0,0,0,
20260428,pullback_strengthening,801050.SI,有色金属,142,3,0.02112676056338028,0.03,3,0,0,
20260428,pullback_strengthening,801080.SI,电子,495,7,0.014141414141414142,0.07,7,0,0,
20260428,pullback_strengthening,801110.SI,家用电器,103,2,0.019417475728155338,0.02,2,0,0,
20260428,pullback_strengthening,801120.SI,食品饮料,125,3,0.024,0.03,3,0,0,
20260428,pullback_strengthening,801130.SI,纺织服饰,107,1,0.009345794392523364,0.01,1,0,0,
20260428,pullback_strengthening,801140.SI,轻工制造,166,3,0.018072289156626505,0.03,3,0,0,
20260428,pullback_strengthening,801150.SI,医药生物,500,12,0.024,0.12,12,0,0,
20260428,pullback_strengthening,801160.SI,公用事业,133,5,0.03759398496240601,0.05,5,0,0,
20260428,pullback_strengthening,801170.SI,交通运输,127,1,0.007874015748031496,0.01,1,0,0,
20260428,pullback_strengthening,801180.SI,房地产,99,1,0.010101010101010102,0.01,1,0,0,
20260428,pullback_strengthening,801200.SI,商贸零售,99,3,0.030303030303030304,0.03,3,0,0,
20260428,pullback_strengthening,801210.SI,社会服务,84,0,0.0,0.0,0,0,0,
20260428,pullback_strengthening,801230.SI,综合,15,0,0.0,0.0,0,0,0,
20260428,pullback_strengthening,801710.SI,建筑材料,74,0,0.0,0.0,0,0,0,
20260428,pullback_strengthening,801720.SI,建筑装饰,162,8,0.04938271604938271,0.08,8,0,0,
20260428,pullback_strengthening,801730.SI,电力设备,398,12,0.03015075376884422,0.12,12,0,0,
20260428,pullback_strengthening,801740.SI,国防军工,139,4,0.02877697841726619,0.04,4,0,0,
20260428,pullback_strengthening,801750.SI,计算机,352,4,0.011363636363636364,0.04,4,0,0,
20260428,pullback_strengthening,801760.SI,传媒,131,0,0.0,0.0,0,0,0,
20260428,pullback_strengthening,801770.SI,通信,127,5,0.03937007874015748,0.05,5,0,0,
20260428,pullback_strengthening,801780.SI,银行,42,6,0.14285714285714285,0.06,6,0,0,
20260428,pullback_strengthening,801790.SI,非银金融,81,0,0.0,0.0,0,0,0,
20260428,pullback_strengthening,801880.SI,汽车,309,1,0.003236245954692557,0.01,1,0,0,
20260428,pullback_strengthening,801890.SI,机械设备,594,8,0.013468013468013467,0.08,8,0,0,
20260428,pullback_strengthening,801950.SI,煤炭,37,1,0.02702702702702703,0.01,1,0,0,
20260428,pullback_strengthening,801960.SI,石油石化,46,0,0.0,0.0,0,0,0,
20260428,pullback_strengthening,801970.SI,环保,137,6,0.043795620437956206,0.06,6,0,0,
20260428,pullback_strengthening,801980.SI,美容护理,31,0,0.0,0.0,0,0,0,
20260429,pullback_strengthening,801010.SI,农林牧渔,112,0,0.0,0.0,0,0,0,
20260429,pullback_strengthening,801030.SI,基础化工,438,4,0.0091324200913242,0.04,4,0,0,
20260429,pullback_strengthening,801040.SI,钢铁,43,0,0.0,0.0,0,0,0,
20260429,pullback_strengthening,801050.SI,有色金属,141,3,0.02127659574468085,0.03,3,0,0,
20260429,pullback_strengthening,801080.SI,电子,493,8,0.016227180527383367,0.08,8,0,0,
20260429,pullback_strengthening,801110.SI,家用电器,102,2,0.0196078431372549,0.02,2,0,0,
20260429,pullback_strengthening,801120.SI,食品饮料,125,3,0.024,0.03,3,0,0,
20260429,pullback_strengthening,801130.SI,纺织服饰,107,1,0.009345794392523364,0.01,1,0,0,
20260429,pullback_strengthening,801140.SI,轻工制造,167,3,0.017964071856287425,0.03,3,0,0,
20260429,pullback_strengthening,801150.SI,医药生物,496,12,0.024193548387096774,0.12,12,0,0,
20260429,pullback_strengthening,801160.SI,公用事业,133,5,0.03759398496240601,0.05,5,0,0,
20260429,pullback_strengthening,801170.SI,交通运输,127,2,0.015748031496062992,0.02,2,0,0,
20260429,pullback_strengthening,801180.SI,房地产,98,1,0.01020408163265306,0.01,1,0,0,
20260429,pullback_strengthening,801200.SI,商贸零售,98,3,0.030612244897959183,0.03,3,0,0,
20260429,pullback_strengthening,801210.SI,社会服务,85,0,0.0,0.0,0,0,0,
20260429,pullback_strengthening,801230.SI,综合,14,0,0.0,0.0,0,0,0,
20260429,pullback_strengthening,801710.SI,建筑材料,73,0,0.0,0.0,0,0,0,
20260429,pullback_strengthening,801720.SI,建筑装饰,157,7,0.044585987261146494,0.07,7,0,0,
20260429,pullback_strengthening,801730.SI,电力设备,397,12,0.030226700251889168,0.12,12,0,0,
20260429,pullback_strengthening,801740.SI,国防军工,138,4,0.028985507246376812,0.04,4,0,0,
20260429,pullback_strengthening,801750.SI,计算机,353,4,0.0113314447592068,0.04,4,0,0,
20260429,pullback_strengthening,801760.SI,传媒,129,0,0.0,0.0,0,0,0,
20260429,pullback_strengthening,801770.SI,通信,126,7,0.05555555555555555,0.07,7,0,0,
20260429,pullback_strengthening,801780.SI,银行,42,4,0.09523809523809523,0.04,4,0,0,
20260429,pullback_strengthening,801790.SI,非银金融,80,0,0.0,0.0,0,0,0,
20260429,pullback_strengthening,801880.SI,汽车,308,1,0.003246753246753247,0.01,1,0,0,
20260429,pullback_strengthening,801890.SI,机械设备,591,9,0.015228426395939087,0.09,9,0,0,
20260429,pullback_strengthening,801950.SI,煤炭,37,1,0.02702702702702703,0.01,1,0,0,
20260429,pullback_strengthening,801960.SI,石油石化,48,0,0.0,0.0,0,0,0,
20260429,pullback_strengthening,801970.SI,环保,135,4,0.02962962962962963,0.04,4,0,0,
20260429,pullback_strengthening,801980.SI,美容护理,31,0,0.0,0.0,0,0,0,
20260430,pullback_strengthening,801010.SI,农林牧渔,113,0,0.0,0.0,0,0,0,
20260430,pullback_strengthening,801030.SI,基础化工,437,6,0.013729977116704805,0.06,6,0,0,
20260430,pullback_strengthening,801040.SI,钢铁,43,0,0.0,0.0,0,0,0,
20260430,pullback_strengthening,801050.SI,有色金属,142,3,0.02112676056338028,0.03,3,0,0,
20260430,pullback_strengthening,801080.SI,电子,493,9,0.018255578093306288,0.09,9,0,0,
20260430,pullback_strengthening,801110.SI,家用电器,103,2,0.019417475728155338,0.02,2,0,0,
20260430,pullback_strengthening,801120.SI,食品饮料,126,3,0.023809523809523808,0.03,3,0,0,
20260430,pullback_strengthening,801130.SI,纺织服饰,103,1,0.009708737864077669,0.01,1,0,0,
20260430,pullback_strengthening,801140.SI,轻工制造,165,3,0.01818181818181818,0.03,3,0,0,
20260430,pullback_strengthening,801150.SI,医药生物,493,11,0.02231237322515213,0.11,11,0,0,
20260430,pullback_strengthening,801160.SI,公用事业,133,4,0.03007518796992481,0.04,4,0,0,
20260430,pullback_strengthening,801170.SI,交通运输,128,2,0.015625,0.02,2,0,0,
20260430,pullback_strengthening,801180.SI,房地产,98,1,0.01020408163265306,0.01,1,0,0,
20260430,pullback_strengthening,801200.SI,商贸零售,98,3,0.030612244897959183,0.03,3,0,0,
20260430,pullback_strengthening,801210.SI,社会服务,83,0,0.0,0.0,0,0,0,
20260430,pullback_strengthening,801230.SI,综合,15,0,0.0,0.0,0,0,0,
20260430,pullback_strengthening,801710.SI,建筑材料,74,0,0.0,0.0,0,0,0,
20260430,pullback_strengthening,801720.SI,建筑装饰,160,8,0.05,0.08,8,0,0,
20260430,pullback_strengthening,801730.SI,电力设备,398,12,0.03015075376884422,0.12,12,0,0,
20260430,pullback_strengthening,801740.SI,国防军工,137,4,0.029197080291970802,0.04,4,0,0,
20260430,pullback_strengthening,801750.SI,计算机,351,4,0.011396011396011397,0.04,4,0,0,
20260430,pullback_strengthening,801760.SI,传媒,131,0,0.0,0.0,0,0,0,
20260430,pullback_strengthening,801770.SI,通信,127,7,0.05511811023622047,0.07,7,0,0,
20260430,pullback_strengthening,801780.SI,银行,42,4,0.09523809523809523,0.04,4,0,0,
20260430,pullback_strengthening,801790.SI,非银金融,80,0,0.0,0.0,0,0,0,
20260430,pullback_strengthening,801880.SI,汽车,310,1,0.0032258064516129032,0.01,1,0,0,
20260430,pullback_strengthening,801890.SI,机械设备,588,8,0.013605442176870748,0.08,8,0,0,
20260430,pullback_strengthening,801950.SI,煤炭,37,0,0.0,0.0,0,0,0,
20260430,pullback_strengthening,801960.SI,石油石化,48,0,0.0,0.0,0,0,0,
20260430,pullback_strengthening,801970.SI,环保,134,4,0.029850746268656716,0.04,4,0,0,
20260430,pullback_strengthening,801980.SI,美容护理,31,0,0.0,0.0,0,0,0,
20260506,pullback_strengthening,801010.SI,农林牧渔,114,0,0.0,0.0,0,0,0,20260424
20260506,pullback_strengthening,801030.SI,基础化工,439,7,0.015945330296127564,0.07,3,4,1,20260424
20260506,pullback_strengthening,801040.SI,钢铁,43,0,0.0,0.0,0,0,0,20260424
20260506,pullback_strengthening,801050.SI,有色金属,142,3,0.02112676056338028,0.03,1,2,0,20260424
20260506,pullback_strengthening,801080.SI,电子,494,8,0.016194331983805668,0.08,2,6,2,20260424
20260506,pullback_strengthening,801110.SI,家用电器,103,0,0.0,0.0,0,0,2,20260424
20260506,pullback_strengthening,801120.SI,食品饮料,125,3,0.024,0.03,1,2,1,20260424
20260506,pullback_strengthening,801130.SI,纺织服饰,106,1,0.009433962264150943,0.01,1,0,1,20260424
20260506,pullback_strengthening,801140.SI,轻工制造,167,3,0.017964071856287425,0.03,0,3,0,20260424
20260506,pullback_strengthening,801150.SI,医药生物,500,13,0.026,0.13,6,7,3,20260424
20260506,pullback_strengthening,801160.SI,公用事业,133,4,0.03007518796992481,0.04,1,3,1,20260424
20260506,pullback_strengthening,801170.SI,交通运输,128,2,0.015625,0.02,2,0,0,20260424
20260506,pullback_strengthening,801180.SI,房地产,99,1,0.010101010101010102,0.01,0,1,0,20260424
20260506,pullback_strengthening,801200.SI,商贸零售,98,4,0.04081632653061224,0.04,1,3,0,20260424
20260506,pullback_strengthening,801210.SI,社会服务,84,0,0.0,0.0,0,0,0,20260424
20260506,pullback_strengthening,801230.SI,综合,15,0,0.0,0.0,0,0,0,20260424
20260506,pullback_strengthening,801710.SI,建筑材料,75,0,0.0,0.0,0,0,0,20260424
20260506,pullback_strengthening,801720.SI,建筑装饰,162,7,0.043209876543209874,0.07,2,5,3,20260424
20260506,pullback_strengthening,801730.SI,电力设备,398,10,0.02512562814070352,0.1,3,7,5,20260424
20260506,pullback_strengthening,801740.SI,国防军工,138,5,0.036231884057971016,0.05,1,4,0,20260424
20260506,pullback_strengthening,801750.SI,计算机,354,3,0.00847457627118644,0.03,1,2,3,20260424
20260506,pullback_strengthening,801760.SI,传媒,131,0,0.0,0.0,0,0,0,20260424
20260506,pullback_strengthening,801770.SI,通信,127,8,0.06299212598425197,0.08,5,3,2,20260424
20260506,pullback_strengthening,801780.SI,银行,42,4,0.09523809523809523,0.04,0,4,2,20260424
20260506,pullback_strengthening,801790.SI,非银金融,80,0,0.0,0.0,0,0,0,20260424
20260506,pullback_strengthening,801880.SI,汽车,310,2,0.0064516129032258064,0.02,2,0,2,20260424
20260506,pullback_strengthening,801890.SI,机械设备,593,8,0.013490725126475547,0.08,2,6,3,20260424
20260506,pullback_strengthening,801950.SI,煤炭,37,0,0.0,0.0,0,0,1,20260424
20260506,pullback_strengthening,801960.SI,石油石化,48,0,0.0,0.0,0,0,1,20260424
20260506,pullback_strengthening,801970.SI,环保,136,4,0.029411764705882353,0.04,2,2,3,20260424
20260506,pullback_strengthening,801980.SI,美容护理,31,0,0.0,0.0,0,0,0,20260424
20260507,pullback_strengthening,801010.SI,农林牧渔,114,0,0.0,0.0,0,0,0,20260427
20260507,pullback_strengthening,801030.SI,基础化工,439,6,0.01366742596810934,0.06,3,3,2,20260427
20260507,pullback_strengthening,801040.SI,钢铁,43,0,0.0,0.0,0,0,0,20260427
20260507,pullback_strengthening,801050.SI,有色金属,142,3,0.02112676056338028,0.03,0,3,0,20260427
20260507,pullback_strengthening,801080.SI,电子,494,8,0.016194331983805668,0.08,2,6,1,20260427
20260507,pullback_strengthening,801110.SI,家用电器,103,0,0.0,0.0,0,0,2,20260427
20260507,pullback_strengthening,801120.SI,食品饮料,125,3,0.024,0.03,1,2,1,20260427
20260507,pullback_strengthening,801130.SI,纺织服饰,106,1,0.009433962264150943,0.01,0,1,0,20260427
20260507,pullback_strengthening,801140.SI,轻工制造,167,3,0.017964071856287425,0.03,0,3,0,20260427
20260507,pullback_strengthening,801150.SI,医药生物,500,15,0.03,0.15,6,9,3,20260427
20260507,pullback_strengthening,801160.SI,公用事业,133,3,0.022556390977443608,0.03,0,3,2,20260427
20260507,pullback_strengthening,801170.SI,交通运输,128,2,0.015625,0.02,2,0,0,20260427
20260507,pullback_strengthening,801180.SI,房地产,99,1,0.010101010101010102,0.01,0,1,0,20260427
20260507,pullback_strengthening,801200.SI,商贸零售,98,3,0.030612244897959183,0.03,1,2,0,20260427
20260507,pullback_strengthening,801210.SI,社会服务,84,0,0.0,0.0,0,0,0,20260427
20260507,pullback_strengthening,801230.SI,综合,15,0,0.0,0.0,0,0,0,20260427
20260507,pullback_strengthening,801710.SI,建筑材料,75,0,0.0,0.0,0,0,0,20260427
20260507,pullback_strengthening,801720.SI,建筑装饰,162,8,0.04938271604938271,0.08,2,6,2,20260427
20260507,pullback_strengthening,801730.SI,电力设备,398,13,0.032663316582914576,0.13,6,7,3,20260427
20260507,pullback_strengthening,801740.SI,国防军工,138,5,0.036231884057971016,0.05,1,4,0,20260427
20260507,pullback_strengthening,801750.SI,计算机,355,3,0.008450704225352112,0.03,1,2,2,20260427
20260507,pullback_strengthening,801760.SI,传媒,131,0,0.0,0.0,0,0,0,20260427
20260507,pullback_strengthening,801770.SI,通信,127,8,0.06299212598425197,0.08,4,4,2,20260427
20260507,pullback_strengthening,801780.SI,银行,42,2,0.047619047619047616,0.02,0,2,4,20260427
20260507,pullback_strengthening,801790.SI,非银金融,81,0,0.0,0.0,0,0,0,20260427
20260507,pullback_strengthening,801880.SI,汽车,310,2,0.0064516129032258064,0.02,1,1,2,20260427
20260507,pullback_strengthening,801890.SI,机械设备,593,9,0.01517706576728499,0.09,4,5,3,20260427
20260507,pullback_strengthening,801950.SI,煤炭,37,0,0.0,0.0,0,0,1,20260427
20260507,pullback_strengthening,801960.SI,石油石化,48,0,0.0,0.0,0,0,1,20260427
20260507,pullback_strengthening,801970.SI,环保,136,2,0.014705882352941176,0.02,0,2,3,20260427
20260507,pullback_strengthening,801980.SI,美容护理,31,0,0.0,0.0,0,0,0,20260427
20260508,pullback_strengthening,801010.SI,农林牧渔,114,0,0.0,0.0,0,0,0,20260428
20260508,pullback_strengthening,801030.SI,基础化工,439,6,0.01366742596810934,0.06,3,3,1,20260428
20260508,pullback_strengthening,801040.SI,钢铁,44,0,0.0,0.0,0,0,0,20260428
20260508,pullback_strengthening,801050.SI,有色金属,142,3,0.02112676056338028,0.03,0,3,0,20260428
20260508,pullback_strengthening,801080.SI,电子,494,9,0.018218623481781375,0.09,3,6,1,20260428
20260508,pullback_strengthening,801110.SI,家用电器,103,0,0.0,0.0,0,0,2,20260428
20260508,pullback_strengthening,801120.SI,食品饮料,125,2,0.016,0.02,1,1,2,20260428
20260508,pullback_strengthening,801130.SI,纺织服饰,106,1,0.009433962264150943,0.01,0,1,0,20260428
20260508,pullback_strengthening,801140.SI,轻工制造,167,3,0.017964071856287425,0.03,0,3,0,20260428
20260508,pullback_strengthening,801150.SI,医药生物,499,18,0.036072144288577156,0.18,7,11,1,20260428
20260508,pullback_strengthening,801160.SI,公用事业,133,2,0.015037593984962405,0.02,0,2,3,20260428
20260508,pullback_strengthening,801170.SI,交通运输,128,2,0.015625,0.02,1,1,0,20260428
20260508,pullback_strengthening,801180.SI,房地产,99,1,0.010101010101010102,0.01,0,1,0,20260428
20260508,pullback_strengthening,801200.SI,商贸零售,97,2,0.020618556701030927,0.02,0,2,1,20260428
20260508,pullback_strengthening,801210.SI,社会服务,84,0,0.0,0.0,0,0,0,20260428
20260508,pullback_strengthening,801230.SI,综合,15,0,0.0,0.0,0,0,0,20260428
20260508,pullback_strengthening,801710.SI,建筑材料,75,0,0.0,0.0,0,0,0,20260428
20260508,pullback_strengthening,801720.SI,建筑装饰,162,7,0.043209876543209874,0.07,3,4,4,20260428
20260508,pullback_strengthening,801730.SI,电力设备,397,12,0.030226700251889168,0.12,4,8,4,20260428
20260508,pullback_strengthening,801740.SI,国防军工,138,6,0.043478260869565216,0.06,2,4,0,20260428
20260508,pullback_strengthening,801750.SI,计算机,355,2,0.005633802816901409,0.02,0,2,2,20260428
20260508,pullback_strengthening,801760.SI,传媒,131,0,0.0,0.0,0,0,0,20260428
20260508,pullback_strengthening,801770.SI,通信,127,10,0.07874015748031496,0.1,6,4,1,20260428
20260508,pullback_strengthening,801780.SI,银行,42,1,0.023809523809523808,0.01,0,1,5,20260428
20260508,pullback_strengthening,801790.SI,非银金融,81,0,0.0,0.0,0,0,0,20260428
20260508,pullback_strengthening,801880.SI,汽车,310,2,0.0064516129032258064,0.02,1,1,0,20260428
20260508,pullback_strengthening,801890.SI,机械设备,593,10,0.016863406408094434,0.1,5,5,3,20260428
20260508,pullback_strengthening,801950.SI,煤炭,37,0,0.0,0.0,0,0,1,20260428
20260508,pullback_strengthening,801960.SI,石油石化,48,0,0.0,0.0,0,0,0,20260428
20260508,pullback_strengthening,801970.SI,环保,136,1,0.007352941176470588,0.01,0,1,5,20260428
20260508,pullback_strengthening,801980.SI,美容护理,31,0,0.0,0.0,0,0,0,20260428
20260511,pullback_strengthening,801010.SI,农林牧渔,114,0,0.0,0.0,0,0,0,20260429
20260511,pullback_strengthening,801030.SI,基础化工,439,5,0.011389521640091117,0.05,3,2,2,20260429
20260511,pullback_strengthening,801040.SI,钢铁,44,0,0.0,0.0,0,0,0,20260429
20260511,pullback_strengthening,801050.SI,有色金属,142,2,0.014084507042253521,0.02,0,2,1,20260429
20260511,pullback_strengthening,801080.SI,电子,493,10,0.02028397565922921,0.1,4,6,2,20260429
20260511,pullback_strengthening,801110.SI,家用电器,102,1,0.00980392156862745,0.01,1,0,2,20260429
20260511,pullback_strengthening,801120.SI,食品饮料,125,2,0.016,0.02,1,1,2,20260429
20260511,pullback_strengthening,801130.SI,纺织服饰,106,0,0.0,0.0,0,0,1,20260429
20260511,pullback_strengthening,801140.SI,轻工制造,168,3,0.017857142857142856,0.03,0,3,0,20260429
20260511,pullback_strengthening,801150.SI,医药生物,500,18,0.036,0.18,9,9,3,20260429
20260511,pullback_strengthening,801160.SI,公用事业,133,1,0.007518796992481203,0.01,0,1,4,20260429
20260511,pullback_strengthening,801170.SI,交通运输,128,2,0.015625,0.02,0,2,0,20260429
20260511,pullback_strengthening,801180.SI,房地产,99,2,0.020202020202020204,0.02,1,1,0,20260429
20260511,pullback_strengthening,801200.SI,商贸零售,97,2,0.020618556701030927,0.02,0,2,1,20260429
20260511,pullback_strengthening,801210.SI,社会服务,84,0,0.0,0.0,0,0,0,20260429
20260511,pullback_strengthening,801230.SI,综合,15,0,0.0,0.0,0,0,0,20260429
20260511,pullback_strengthening,801710.SI,建筑材料,75,0,0.0,0.0,0,0,0,20260429
20260511,pullback_strengthening,801720.SI,建筑装饰,162,7,0.043209876543209874,0.07,4,3,4,20260429
20260511,pullback_strengthening,801730.SI,电力设备,398,12,0.03015075376884422,0.12,4,8,4,20260429
20260511,pullback_strengthening,801740.SI,国防军工,139,6,0.04316546762589928,0.06,2,4,0,20260429
20260511,pullback_strengthening,801750.SI,计算机,355,2,0.005633802816901409,0.02,1,1,3,20260429
20260511,pullback_strengthening,801760.SI,传媒,131,0,0.0,0.0,0,0,0,20260429
20260511,pullback_strengthening,801770.SI,通信,126,10,0.07936507936507936,0.1,4,6,1,20260429
20260511,pullback_strengthening,801780.SI,银行,42,1,0.023809523809523808,0.01,0,1,3,20260429
20260511,pullback_strengthening,801790.SI,非银金融,81,0,0.0,0.0,0,0,0,20260429
20260511,pullback_strengthening,801880.SI,汽车,310,3,0.00967741935483871,0.03,2,1,0,20260429
20260511,pullback_strengthening,801890.SI,机械设备,593,10,0.016863406408094434,0.1,4,6,3,20260429
20260511,pullback_strengthening,801950.SI,煤炭,37,0,0.0,0.0,0,0,1,20260429
20260511,pullback_strengthening,801960.SI,石油石化,48,0,0.0,0.0,0,0,0,20260429
20260511,pullback_strengthening,801970.SI,环保,136,1,0.007352941176470588,0.01,0,1,3,20260429
20260511,pullback_strengthening,801980.SI,美容护理,31,0,0.0,0.0,0,0,0,20260429
20260512,pullback_strengthening,801010.SI,农林牧渔,112,0,0.0,0.0,0,0,0,20260430
20260512,pullback_strengthening,801030.SI,基础化工,439,6,0.01366742596810934,0.06,2,4,2,20260430
20260512,pullback_strengthening,801040.SI,钢铁,44,0,0.0,0.0,0,0,0,20260430
20260512,pullback_strengthening,801050.SI,有色金属,142,2,0.014084507042253521,0.02,0,2,1,20260430
20260512,pullback_strengthening,801080.SI,电子,494,11,0.022267206477732792,0.11,4,7,2,20260430
20260512,pullback_strengthening,801110.SI,家用电器,102,1,0.00980392156862745,0.01,1,0,2,20260430
20260512,pullback_strengthening,801120.SI,食品饮料,125,2,0.016,0.02,1,1,2,20260430
20260512,pullback_strengthening,801130.SI,纺织服饰,106,0,0.0,0.0,0,0,1,20260430
20260512,pullback_strengthening,801140.SI,轻工制造,168,2,0.011904761904761904,0.02,0,2,1,20260430
20260512,pullback_strengthening,801150.SI,医药生物,500,18,0.036,0.18,11,7,4,20260430
20260512,pullback_strengthening,801160.SI,公用事业,133,1,0.007518796992481203,0.01,0,1,3,20260430
20260512,pullback_strengthening,801170.SI,交通运输,128,2,0.015625,0.02,0,2,0,20260430
20260512,pullback_strengthening,801180.SI,房地产,99,2,0.020202020202020204,0.02,1,1,0,20260430
20260512,pullback_strengthening,801200.SI,商贸零售,98,2,0.02040816326530612,0.02,0,2,1,20260430
20260512,pullback_strengthening,801210.SI,社会服务,84,0,0.0,0.0,0,0,0,20260430
20260512,pullback_strengthening,801230.SI,综合,15,0,0.0,0.0,0,0,0,20260430
20260512,pullback_strengthening,801710.SI,建筑材料,75,0,0.0,0.0,0,0,0,20260430
20260512,pullback_strengthening,801720.SI,建筑装饰,162,6,0.037037037037037035,0.06,3,3,5,20260430
20260512,pullback_strengthening,801730.SI,电力设备,398,11,0.02763819095477387,0.11,5,6,6,20260430
20260512,pullback_strengthening,801740.SI,国防军工,139,4,0.02877697841726619,0.04,1,3,1,20260430
20260512,pullback_strengthening,801750.SI,计算机,355,3,0.008450704225352112,0.03,0,3,1,20260430
20260512,pullback_strengthening,801760.SI,传媒,131,0,0.0,0.0,0,0,0,20260430
20260512,pullback_strengthening,801770.SI,通信,127,10,0.07874015748031496,0.1,4,6,1,20260430
20260512,pullback_strengthening,801780.SI,银行,42,1,0.023809523809523808,0.01,0,1,3,20260430
20260512,pullback_strengthening,801790.SI,非银金融,81,0,0.0,0.0,0,0,0,20260430
20260512,pullback_strengthening,801880.SI,汽车,310,5,0.016129032258064516,0.05,4,1,0,20260430
20260512,pullback_strengthening,801890.SI,机械设备,593,10,0.016863406408094434,0.1,6,4,4,20260430
20260512,pullback_strengthening,801950.SI,煤炭,37,0,0.0,0.0,0,0,0,20260430
20260512,pullback_strengthening,801960.SI,石油石化,48,0,0.0,0.0,0,0,0,20260430
20260512,pullback_strengthening,801970.SI,环保,135,1,0.007407407407407408,0.01,0,1,3,20260430
20260512,pullback_strengthening,801980.SI,美容护理,31,0,0.0,0.0,0,0,0,20260430
20260513,pullback_strengthening,801010.SI,农林牧渔,114,1,0.008771929824561403,0.01,1,0,0,20260506
20260513,pullback_strengthening,801030.SI,基础化工,439,4,0.009111617312072893,0.04,1,3,4,20260506
20260513,pullback_strengthening,801040.SI,钢铁,44,0,0.0,0.0,0,0,0,20260506
20260513,pullback_strengthening,801050.SI,有色金属,142,2,0.014084507042253521,0.02,0,2,1,20260506
20260513,pullback_strengthening,801080.SI,电子,494,11,0.022267206477732792,0.11,5,6,2,20260506
20260513,pullback_strengthening,801110.SI,家用电器,102,1,0.00980392156862745,0.01,1,0,0,20260506
20260513,pullback_strengthening,801120.SI,食品饮料,126,2,0.015873015873015872,0.02,0,2,1,20260506
20260513,pullback_strengthening,801130.SI,纺织服饰,106,0,0.0,0.0,0,0,1,20260506
20260513,pullback_strengthening,801140.SI,轻工制造,168,1,0.005952380952380952,0.01,0,1,2,20260506
20260513,pullback_strengthening,801150.SI,医药生物,501,15,0.029940119760479042,0.15,9,6,7,20260506
20260513,pullback_strengthening,801160.SI,公用事业,133,0,0.0,0.0,0,0,4,20260506
20260513,pullback_strengthening,801170.SI,交通运输,128,2,0.015625,0.02,0,2,0,20260506
20260513,pullback_strengthening,801180.SI,房地产,99,2,0.020202020202020204,0.02,1,1,0,20260506
20260513,pullback_strengthening,801200.SI,商贸零售,98,1,0.01020408163265306,0.01,0,1,3,20260506
20260513,pullback_strengthening,801210.SI,社会服务,84,0,0.0,0.0,0,0,0,20260506
20260513,pullback_strengthening,801230.SI,综合,15,0,0.0,0.0,0,0,0,20260506
20260513,pullback_strengthening,801710.SI,建筑材料,75,1,0.013333333333333334,0.01,1,0,0,20260506
20260513,pullback_strengthening,801720.SI,建筑装饰,162,6,0.037037037037037035,0.06,2,4,3,20260506
20260513,pullback_strengthening,801730.SI,电力设备,398,13,0.032663316582914576,0.13,8,5,5,20260506
20260513,pullback_strengthening,801740.SI,国防军工,140,3,0.02142857142857143,0.03,1,2,3,20260506
20260513,pullback_strengthening,801750.SI,计算机,355,3,0.008450704225352112,0.03,1,2,1,20260506
20260513,pullback_strengthening,801760.SI,传媒,131,0,0.0,0.0,0,0,0,20260506
20260513,pullback_strengthening,801770.SI,通信,127,10,0.07874015748031496,0.1,4,6,2,20260506
20260513,pullback_strengthening,801780.SI,银行,42,0,0.0,0.0,0,0,4,20260506
20260513,pullback_strengthening,801790.SI,非银金融,81,0,0.0,0.0,0,0,0,20260506
20260513,pullback_strengthening,801880.SI,汽车,309,6,0.019417475728155338,0.06,4,2,0,20260506
20260513,pullback_strengthening,801890.SI,机械设备,593,14,0.023608768971332208,0.14,9,5,3,20260506
20260513,pullback_strengthening,801950.SI,煤炭,37,0,0.0,0.0,0,0,0,20260506
20260513,pullback_strengthening,801960.SI,石油石化,48,0,0.0,0.0,0,0,0,20260506
20260513,pullback_strengthening,801970.SI,环保,135,2,0.014814814814814815,0.02,1,1,3,20260506
20260513,pullback_strengthening,801980.SI,美容护理,31,0,0.0,0.0,0,0,0,20260506
20260514,pullback_strengthening,801010.SI,农林牧渔,114,1,0.008771929824561403,0.01,1,0,0,20260507
20260514,pullback_strengthening,801030.SI,基础化工,439,4,0.009111617312072893,0.04,1,3,3,20260507
20260514,pullback_strengthening,801040.SI,钢铁,44,0,0.0,0.0,0,0,0,20260507
20260514,pullback_strengthening,801050.SI,有色金属,142,2,0.014084507042253521,0.02,0,2,1,20260507
20260514,pullback_strengthening,801080.SI,电子,494,14,0.02834008097165992,0.14,7,7,1,20260507
20260514,pullback_strengthening,801110.SI,家用电器,102,2,0.0196078431372549,0.02,2,0,0,20260507
20260514,pullback_strengthening,801120.SI,食品饮料,126,1,0.007936507936507936,0.01,0,1,2,20260507
20260514,pullback_strengthening,801130.SI,纺织服饰,106,0,0.0,0.0,0,0,1,20260507
20260514,pullback_strengthening,801140.SI,轻工制造,168,1,0.005952380952380952,0.01,0,1,2,20260507
20260514,pullback_strengthening,801150.SI,医药生物,501,9,0.017964071856287425,0.09,6,3,12,20260507
20260514,pullback_strengthening,801160.SI,公用事业,133,0,0.0,0.0,0,0,3,20260507
20260514,pullback_strengthening,801170.SI,交通运输,128,2,0.015625,0.02,0,2,0,20260507
20260514,pullback_strengthening,801180.SI,房地产,99,2,0.020202020202020204,0.02,1,1,0,20260507
20260514,pullback_strengthening,801200.SI,商贸零售,98,1,0.01020408163265306,0.01,0,1,2,20260507
20260514,pullback_strengthening,801210.SI,社会服务,84,0,0.0,0.0,0,0,0,20260507
20260514,pullback_strengthening,801230.SI,综合,15,0,0.0,0.0,0,0,0,20260507
20260514,pullback_strengthening,801710.SI,建筑材料,75,1,0.013333333333333334,0.01,1,0,0,20260507
20260514,pullback_strengthening,801720.SI,建筑装饰,162,5,0.030864197530864196,0.05,1,4,4,20260507
20260514,pullback_strengthening,801730.SI,电力设备,398,15,0.03768844221105527,0.15,7,8,5,20260507
20260514,pullback_strengthening,801740.SI,国防军工,140,2,0.014285714285714285,0.02,1,1,4,20260507
20260514,pullback_strengthening,801750.SI,计算机,355,4,0.011267605633802818,0.04,2,2,1,20260507
20260514,pullback_strengthening,801760.SI,传媒,131,0,0.0,0.0,0,0,0,20260507
20260514,pullback_strengthening,801770.SI,通信,127,10,0.07874015748031496,0.1,4,6,2,20260507
20260514,pullback_strengthening,801780.SI,银行,42,0,0.0,0.0,0,0,2,20260507
20260514,pullback_strengthening,801790.SI,非银金融,81,0,0.0,0.0,0,0,0,20260507
20260514,pullback_strengthening,801880.SI,汽车,309,5,0.016181229773462782,0.05,3,2,0,20260507
20260514,pullback_strengthening,801890.SI,机械设备,593,16,0.026981450252951095,0.16,11,5,4,20260507
20260514,pullback_strengthening,801950.SI,煤炭,37,0,0.0,0.0,0,0,0,20260507
20260514,pullback_strengthening,801960.SI,石油石化,47,0,0.0,0.0,0,0,0,20260507
20260514,pullback_strengthening,801970.SI,环保,136,3,0.022058823529411766,0.03,2,1,1,20260507
20260514,pullback_strengthening,801980.SI,美容护理,31,0,0.0,0.0,0,0,0,20260507
20260515,pullback_strengthening,801010.SI,农林牧渔,114,1,0.008771929824561403,0.01,1,0,0,20260508
20260515,pullback_strengthening,801030.SI,基础化工,439,4,0.009111617312072893,0.04,1,3,3,20260508
20260515,pullback_strengthening,801040.SI,钢铁,44,0,0.0,0.0,0,0,0,20260508
20260515,pullback_strengthening,801050.SI,有色金属,142,0,0.0,0.0,0,0,3,20260508
20260515,pullback_strengthening,801080.SI,电子,494,14,0.02834008097165992,0.14,6,8,1,20260508
20260515,pullback_strengthening,801110.SI,家用电器,102,2,0.0196078431372549,0.02,2,0,0,20260508
20260515,pullback_strengthening,801120.SI,食品饮料,126,1,0.007936507936507936,0.01,0,1,1,20260508
20260515,pullback_strengthening,801130.SI,纺织服饰,106,1,0.009433962264150943,0.01,1,0,1,20260508
20260515,pullback_strengthening,801140.SI,轻工制造,168,3,0.017857142857142856,0.03,2,1,2,20260508
20260515,pullback_strengthening,801150.SI,医药生物,502,10,0.0199203187250996,0.1,5,5,13,20260508
20260515,pullback_strengthening,801160.SI,公用事业,133,0,0.0,0.0,0,0,2,20260508
20260515,pullback_strengthening,801170.SI,交通运输,128,2,0.015625,0.02,0,2,0,20260508
20260515,pullback_strengthening,801180.SI,房地产,99,2,0.020202020202020204,0.02,1,1,0,20260508
20260515,pullback_strengthening,801200.SI,商贸零售,98,1,0.01020408163265306,0.01,0,1,1,20260508
20260515,pullback_strengthening,801210.SI,社会服务,83,0,0.0,0.0,0,0,0,20260508
20260515,pullback_strengthening,801230.SI,综合,15,0,0.0,0.0,0,0,0,20260508
20260515,pullback_strengthening,801710.SI,建筑材料,75,1,0.013333333333333334,0.01,1,0,0,20260508
20260515,pullback_strengthening,801720.SI,建筑装饰,162,5,0.030864197530864196,0.05,0,5,2,20260508
20260515,pullback_strengthening,801730.SI,电力设备,398,15,0.03768844221105527,0.15,9,6,6,20260508
20260515,pullback_strengthening,801740.SI,国防军工,140,2,0.014285714285714285,0.02,0,2,4,20260508
20260515,pullback_strengthening,801750.SI,计算机,355,5,0.014084507042253521,0.05,3,2,0,20260508
20260515,pullback_strengthening,801760.SI,传媒,131,0,0.0,0.0,0,0,0,20260508
20260515,pullback_strengthening,801770.SI,通信,127,10,0.07874015748031496,0.1,4,6,4,20260508
20260515,pullback_strengthening,801780.SI,银行,42,0,0.0,0.0,0,0,1,20260508
20260515,pullback_strengthening,801790.SI,非银金融,81,0,0.0,0.0,0,0,0,20260508
20260515,pullback_strengthening,801880.SI,汽车,309,4,0.012944983818770227,0.04,3,1,1,20260508
20260515,pullback_strengthening,801890.SI,机械设备,593,15,0.025295109612141653,0.15,10,5,5,20260508
20260515,pullback_strengthening,801950.SI,煤炭,37,0,0.0,0.0,0,0,0,20260508
20260515,pullback_strengthening,801960.SI,石油石化,47,1,0.02127659574468085,0.01,1,0,0,20260508
20260515,pullback_strengthening,801970.SI,环保,136,1,0.007352941176470588,0.01,1,0,1,20260508
20260515,pullback_strengthening,801980.SI,美容护理,31,0,0.0,0.0,0,0,0,20260508
20260518,pullback_strengthening,801010.SI,农林牧渔,114,1,0.008771929824561403,0.01,1,0,0,20260511
20260518,pullback_strengthening,801030.SI,基础化工,439,3,0.00683371298405467,0.03,1,2,3,20260511
20260518,pullback_strengthening,801040.SI,钢铁,44,0,0.0,0.0,0,0,0,20260511
20260518,pullback_strengthening,801050.SI,有色金属,142,2,0.014084507042253521,0.02,2,0,2,20260511
20260518,pullback_strengthening,801080.SI,电子,494,17,0.03441295546558704,0.17,9,8,2,20260511
20260518,pullback_strengthening,801110.SI,家用电器,103,1,0.009708737864077669,0.01,1,0,1,20260511
20260518,pullback_strengthening,801120.SI,食品饮料,126,0,0.0,0.0,0,0,2,20260511
20260518,pullback_strengthening,801130.SI,纺织服饰,106,1,0.009433962264150943,0.01,1,0,0,20260511
20260518,pullback_strengthening,801140.SI,轻工制造,168,3,0.017857142857142856,0.03,2,1,2,20260511
20260518,pullback_strengthening,801150.SI,医药生物,502,10,0.0199203187250996,0.1,5,5,13,20260511
20260518,pullback_strengthening,801160.SI,公用事业,133,0,0.0,0.0,0,0,1,20260511
20260518,pullback_strengthening,801170.SI,交通运输,128,1,0.0078125,0.01,0,1,1,20260511
20260518,pullback_strengthening,801180.SI,房地产,99,3,0.030303030303030304,0.03,2,1,1,20260511
20260518,pullback_strengthening,801200.SI,商贸零售,98,1,0.01020408163265306,0.01,0,1,1,20260511
20260518,pullback_strengthening,801210.SI,社会服务,84,0,0.0,0.0,0,0,0,20260511
20260518,pullback_strengthening,801230.SI,综合,15,0,0.0,0.0,0,0,0,20260511
20260518,pullback_strengthening,801710.SI,建筑材料,75,2,0.02666666666666667,0.02,2,0,0,20260511
20260518,pullback_strengthening,801720.SI,建筑装饰,162,3,0.018518518518518517,0.03,0,3,4,20260511
20260518,pullback_strengthening,801730.SI,电力设备,398,13,0.032663316582914576,0.13,7,6,6,20260511
20260518,pullback_strengthening,801740.SI,国防军工,140,1,0.007142857142857143,0.01,0,1,5,20260511
20260518,pullback_strengthening,801750.SI,计算机,355,4,0.011267605633802818,0.04,3,1,1,20260511
20260518,pullback_strengthening,801760.SI,传媒,131,0,0.0,0.0,0,0,0,20260511
20260518,pullback_strengthening,801770.SI,通信,127,9,0.07086614173228346,0.09,4,5,5,20260511
20260518,pullback_strengthening,801780.SI,银行,42,1,0.023809523809523808,0.01,1,0,1,20260511
20260518,pullback_strengthening,801790.SI,非银金融,81,0,0.0,0.0,0,0,0,20260511
20260518,pullback_strengthening,801880.SI,汽车,309,6,0.019417475728155338,0.06,4,2,1,20260511
20260518,pullback_strengthening,801890.SI,机械设备,593,15,0.025295109612141653,0.15,10,5,5,20260511
20260518,pullback_strengthening,801950.SI,煤炭,37,0,0.0,0.0,0,0,0,20260511
20260518,pullback_strengthening,801960.SI,石油石化,47,1,0.02127659574468085,0.01,1,0,0,20260511
20260518,pullback_strengthening,801970.SI,环保,136,2,0.014705882352941176,0.02,2,0,1,20260511
20260518,pullback_strengthening,801980.SI,美容护理,31,0,0.0,0.0,0,0,0,20260511
20260519,pullback_strengthening,801010.SI,农林牧渔,114,1,0.008771929824561403,0.01,1,0,0,20260512
20260519,pullback_strengthening,801030.SI,基础化工,439,3,0.00683371298405467,0.03,0,3,3,20260512
20260519,pullback_strengthening,801040.SI,钢铁,44,0,0.0,0.0,0,0,0,20260512
20260519,pullback_strengthening,801050.SI,有色金属,142,3,0.02112676056338028,0.03,3,0,2,20260512
20260519,pullback_strengthening,801080.SI,电子,493,20,0.04056795131845842,0.2,12,8,3,20260512
20260519,pullback_strengthening,801110.SI,家用电器,103,2,0.019417475728155338,0.02,2,0,1,20260512
20260519,pullback_strengthening,801120.SI,食品饮料,126,0,0.0,0.0,0,0,2,20260512
20260519,pullback_strengthening,801130.SI,纺织服饰,106,1,0.009433962264150943,0.01,1,0,0,20260512
20260519,pullback_strengthening,801140.SI,轻工制造,168,3,0.017857142857142856,0.03,2,1,1,20260512
20260519,pullback_strengthening,801150.SI,医药生物,501,9,0.017964071856287425,0.09,4,5,13,20260512
20260519,pullback_strengthening,801160.SI,公用事业,133,0,0.0,0.0,0,0,1,20260512
20260519,pullback_strengthening,801170.SI,交通运输,128,0,0.0,0.0,0,0,2,20260512
20260519,pullback_strengthening,801180.SI,房地产,99,2,0.020202020202020204,0.02,1,1,1,20260512
20260519,pullback_strengthening,801200.SI,商贸零售,98,0,0.0,0.0,0,0,2,20260512
20260519,pullback_strengthening,801210.SI,社会服务,84,0,0.0,0.0,0,0,0,20260512
20260519,pullback_strengthening,801230.SI,综合,15,0,0.0,0.0,0,0,0,20260512
20260519,pullback_strengthening,801710.SI,建筑材料,75,2,0.02666666666666667,0.02,2,0,0,20260512
20260519,pullback_strengthening,801720.SI,建筑装饰,162,3,0.018518518518518517,0.03,1,2,4,20260512
20260519,pullback_strengthening,801730.SI,电力设备,398,14,0.035175879396984924,0.14,9,5,6,20260512
20260519,pullback_strengthening,801740.SI,国防军工,140,1,0.007142857142857143,0.01,1,0,4,20260512
20260519,pullback_strengthening,801750.SI,计算机,354,5,0.014124293785310734,0.05,3,2,1,20260512
20260519,pullback_strengthening,801760.SI,传媒,131,0,0.0,0.0,0,0,0,20260512
20260519,pullback_strengthening,801770.SI,通信,127,8,0.06299212598425197,0.08,3,5,5,20260512
20260519,pullback_strengthening,801780.SI,银行,42,1,0.023809523809523808,0.01,1,0,1,20260512
20260519,pullback_strengthening,801790.SI,非银金融,81,0,0.0,0.0,0,0,0,20260512
20260519,pullback_strengthening,801880.SI,汽车,310,7,0.02258064516129032,0.07,4,3,2,20260512
20260519,pullback_strengthening,801890.SI,机械设备,592,13,0.02195945945945946,0.13,8,5,5,20260512
20260519,pullback_strengthening,801950.SI,煤炭,37,0,0.0,0.0,0,0,0,20260512
20260519,pullback_strengthening,801960.SI,石油石化,47,0,0.0,0.0,0,0,0,20260512
20260519,pullback_strengthening,801970.SI,环保,136,2,0.014705882352941176,0.02,2,0,1,20260512
20260519,pullback_strengthening,801980.SI,美容护理,31,0,0.0,0.0,0,0,0,20260512
20260520,pullback_strengthening,801010.SI,农林牧渔,114,1,0.008771929824561403,0.01,0,1,0,20260513
20260520,pullback_strengthening,801030.SI,基础化工,439,3,0.00683371298405467,0.03,0,3,1,20260513
20260520,pullback_strengthening,801040.SI,钢铁,44,0,0.0,0.0,0,0,0,20260513
20260520,pullback_strengthening,801050.SI,有色金属,142,3,0.02112676056338028,0.03,3,0,2,20260513
20260520,pullback_strengthening,801080.SI,电子,494,19,0.038461538461538464,0.19,12,7,4,20260513
20260520,pullback_strengthening,801110.SI,家用电器,103,2,0.019417475728155338,0.02,2,0,1,20260513
20260520,pullback_strengthening,801120.SI,食品饮料,126,1,0.007936507936507936,0.01,1,0,2,20260513
20260520,pullback_strengthening,801130.SI,纺织服饰,106,2,0.018867924528301886,0.02,2,0,0,20260513
20260520,pullback_strengthening,801140.SI,轻工制造,168,3,0.017857142857142856,0.03,2,1,0,20260513
20260520,pullback_strengthening,801150.SI,医药生物,502,7,0.013944223107569721,0.07,4,3,12,20260513
20260520,pullback_strengthening,801160.SI,公用事业,133,0,0.0,0.0,0,0,0,20260513
20260520,pullback_strengthening,801170.SI,交通运输,128,0,0.0,0.0,0,0,2,20260513
20260520,pullback_strengthening,801180.SI,房地产,98,2,0.02040816326530612,0.02,1,1,1,20260513
20260520,pullback_strengthening,801200.SI,商贸零售,98,0,0.0,0.0,0,0,1,20260513
20260520,pullback_strengthening,801210.SI,社会服务,84,1,0.011904761904761904,0.01,1,0,0,20260513
20260520,pullback_strengthening,801230.SI,综合,15,0,0.0,0.0,0,0,0,20260513
20260520,pullback_strengthening,801710.SI,建筑材料,75,2,0.02666666666666667,0.02,1,1,0,20260513
20260520,pullback_strengthening,801720.SI,建筑装饰,161,2,0.012422360248447204,0.02,1,1,5,20260513
20260520,pullback_strengthening,801730.SI,电力设备,399,14,0.03508771929824561,0.14,7,7,6,20260513
20260520,pullback_strengthening,801740.SI,国防军工,141,2,0.014184397163120567,0.02,2,0,3,20260513
20260520,pullback_strengthening,801750.SI,计算机,355,7,0.01971830985915493,0.07,5,2,1,20260513
20260520,pullback_strengthening,801760.SI,传媒,131,0,0.0,0.0,0,0,0,20260513
20260520,pullback_strengthening,801770.SI,通信,127,8,0.06299212598425197,0.08,4,4,6,20260513
20260520,pullback_strengthening,801780.SI,银行,42,1,0.023809523809523808,0.01,1,0,0,20260513
20260520,pullback_strengthening,801790.SI,非银金融,81,0,0.0,0.0,0,0,0,20260513
20260520,pullback_strengthening,801880.SI,汽车,310,7,0.02258064516129032,0.07,4,3,3,20260513
20260520,pullback_strengthening,801890.SI,机械设备,593,12,0.02023608768971332,0.12,4,8,6,20260513
20260520,pullback_strengthening,801950.SI,煤炭,37,0,0.0,0.0,0,0,0,20260513
20260520,pullback_strengthening,801960.SI,石油石化,47,0,0.0,0.0,0,0,0,20260513
20260520,pullback_strengthening,801970.SI,环保,136,1,0.007352941176470588,0.01,1,0,2,20260513
20260520,pullback_strengthening,801980.SI,美容护理,31,0,0.0,0.0,0,0,0,20260513
20260521,pullback_strengthening,801010.SI,农林牧渔,114,1,0.008771929824561403,0.01,0,1,0,20260514
20260521,pullback_strengthening,801030.SI,基础化工,439,3,0.00683371298405467,0.03,1,2,2,20260514
20260521,pullback_strengthening,801040.SI,钢铁,44,0,0.0,0.0,0,0,0,20260514
20260521,pullback_strengthening,801050.SI,有色金属,142,2,0.014084507042253521,0.02,2,0,2,20260514
20260521,pullback_strengthening,801080.SI,电子,494,20,0.04048582995951417,0.2,11,9,5,20260514
20260521,pullback_strengthening,801110.SI,家用电器,103,3,0.02912621359223301,0.03,3,0,2,20260514
20260521,pullback_strengthening,801120.SI,食品饮料,126,0,0.0,0.0,0,0,1,20260514
20260521,pullback_strengthening,801130.SI,纺织服饰,106,1,0.009433962264150943,0.01,1,0,0,20260514
20260521,pullback_strengthening,801140.SI,轻工制造,168,2,0.011904761904761904,0.02,2,0,1,20260514
20260521,pullback_strengthening,801150.SI,医药生物,502,5,0.0099601593625498,0.05,3,2,7,20260514
20260521,pullback_strengthening,801160.SI,公用事业,133,0,0.0,0.0,0,0,0,20260514
20260521,pullback_strengthening,801170.SI,交通运输,128,0,0.0,0.0,0,0,2,20260514
20260521,pullback_strengthening,801180.SI,房地产,99,1,0.010101010101010102,0.01,1,0,2,20260514
20260521,pullback_strengthening,801200.SI,商贸零售,98,0,0.0,0.0,0,0,1,20260514
20260521,pullback_strengthening,801210.SI,社会服务,84,1,0.011904761904761904,0.01,1,0,0,20260514
20260521,pullback_strengthening,801230.SI,综合,15,0,0.0,0.0,0,0,0,20260514
20260521,pullback_strengthening,801710.SI,建筑材料,75,3,0.04,0.03,2,1,0,20260514
20260521,pullback_strengthening,801720.SI,建筑装饰,162,4,0.024691358024691357,0.04,3,1,4,20260514
20260521,pullback_strengthening,801730.SI,电力设备,399,16,0.040100250626566414,0.16,8,8,7,20260514
20260521,pullback_strengthening,801740.SI,国防军工,141,2,0.014184397163120567,0.02,2,0,2,20260514
20260521,pullback_strengthening,801750.SI,计算机,355,5,0.014084507042253521,0.05,3,2,2,20260514
20260521,pullback_strengthening,801760.SI,传媒,131,0,0.0,0.0,0,0,0,20260514
20260521,pullback_strengthening,801770.SI,通信,127,7,0.05511811023622047,0.07,3,4,6,20260514
20260521,pullback_strengthening,801780.SI,银行,42,1,0.023809523809523808,0.01,1,0,0,20260514
20260521,pullback_strengthening,801790.SI,非银金融,81,0,0.0,0.0,0,0,0,20260514
20260521,pullback_strengthening,801880.SI,汽车,310,8,0.025806451612903226,0.08,5,3,2,20260514
20260521,pullback_strengthening,801890.SI,机械设备,593,14,0.023608768971332208,0.14,6,8,8,20260514
20260521,pullback_strengthening,801950.SI,煤炭,37,0,0.0,0.0,0,0,0,20260514
20260521,pullback_strengthening,801960.SI,石油石化,48,0,0.0,0.0,0,0,0,20260514
20260521,pullback_strengthening,801970.SI,环保,136,1,0.007352941176470588,0.01,0,1,2,20260514
20260521,pullback_strengthening,801980.SI,美容护理,31,0,0.0,0.0,0,0,0,20260514
20260522,pullback_strengthening,801010.SI,农林牧渔,114,1,0.008771929824561403,0.01,0,1,0,20260515
20260522,pullback_strengthening,801030.SI,基础化工,439,4,0.009111617312072893,0.04,2,2,2,20260515
20260522,pullback_strengthening,801040.SI,钢铁,44,0,0.0,0.0,0,0,0,20260515
20260522,pullback_strengthening,801050.SI,有色金属,142,1,0.007042253521126761,0.01,1,0,0,20260515
20260522,pullback_strengthening,801080.SI,电子,494,22,0.044534412955465584,0.22,13,9,5,20260515
20260522,pullback_strengthening,801110.SI,家用电器,103,3,0.02912621359223301,0.03,3,0,2,20260515
20260522,pullback_strengthening,801120.SI,食品饮料,126,0,0.0,0.0,0,0,1,20260515
20260522,pullback_strengthening,801130.SI,纺织服饰,106,1,0.009433962264150943,0.01,1,0,1,20260515
20260522,pullback_strengthening,801140.SI,轻工制造,168,2,0.011904761904761904,0.02,0,2,1,20260515
20260522,pullback_strengthening,801150.SI,医药生物,501,5,0.00998003992015968,0.05,3,2,8,20260515
20260522,pullback_strengthening,801160.SI,公用事业,133,0,0.0,0.0,0,0,0,20260515
20260522,pullback_strengthening,801170.SI,交通运输,128,0,0.0,0.0,0,0,2,20260515
20260522,pullback_strengthening,801180.SI,房地产,99,1,0.010101010101010102,0.01,1,0,2,20260515
20260522,pullback_strengthening,801200.SI,商贸零售,98,0,0.0,0.0,0,0,1,20260515
20260522,pullback_strengthening,801210.SI,社会服务,84,2,0.023809523809523808,0.02,2,0,0,20260515
20260522,pullback_strengthening,801230.SI,综合,15,0,0.0,0.0,0,0,0,20260515
20260522,pullback_strengthening,801710.SI,建筑材料,75,3,0.04,0.03,2,1,0,20260515
20260522,pullback_strengthening,801720.SI,建筑装饰,162,4,0.024691358024691357,0.04,3,1,4,20260515
20260522,pullback_strengthening,801730.SI,电力设备,399,17,0.042606516290726815,0.17,8,9,6,20260515
20260522,pullback_strengthening,801740.SI,国防军工,141,3,0.02127659574468085,0.03,3,0,2,20260515
20260522,pullback_strengthening,801750.SI,计算机,355,4,0.011267605633802818,0.04,1,3,2,20260515
20260522,pullback_strengthening,801760.SI,传媒,131,0,0.0,0.0,0,0,0,20260515
20260522,pullback_strengthening,801770.SI,通信,127,7,0.05511811023622047,0.07,3,4,6,20260515
20260522,pullback_strengthening,801780.SI,银行,42,1,0.023809523809523808,0.01,1,0,0,20260515
20260522,pullback_strengthening,801790.SI,非银金融,81,0,0.0,0.0,0,0,0,20260515
20260522,pullback_strengthening,801880.SI,汽车,310,6,0.01935483870967742,0.06,4,2,2,20260515
20260522,pullback_strengthening,801890.SI,机械设备,593,12,0.02023608768971332,0.12,4,8,7,20260515
20260522,pullback_strengthening,801950.SI,煤炭,37,0,0.0,0.0,0,0,0,20260515
20260522,pullback_strengthening,801960.SI,石油石化,48,0,0.0,0.0,0,0,1,20260515
20260522,pullback_strengthening,801970.SI,环保,136,1,0.007352941176470588,0.01,0,1,0,20260515
20260522,pullback_strengthening,801980.SI,美容护理,31,0,0.0,0.0,0,0,0,20260515
20260525,pullback_strengthening,801010.SI,农林牧渔,114,0,0.0,0.0,0,0,1,20260518
20260525,pullback_strengthening,801030.SI,基础化工,439,4,0.009111617312072893,0.04,3,1,2,20260518
20260525,pullback_strengthening,801040.SI,钢铁,44,0,0.0,0.0,0,0,0,20260518
20260525,pullback_strengthening,801050.SI,有色金属,142,3,0.02112676056338028,0.03,2,1,1,20260518
20260525,pullback_strengthening,801080.SI,电子,495,26,0.052525252525252523,0.26,15,11,6,20260518
20260525,pullback_strengthening,801110.SI,家用电器,103,3,0.02912621359223301,0.03,3,0,1,20260518
20260525,pullback_strengthening,801120.SI,食品饮料,126,1,0.007936507936507936,0.01,1,0,0,20260518
20260525,pullback_strengthening,801130.SI,纺织服饰,106,2,0.018867924528301886,0.02,2,0,1,20260518
20260525,pullback_strengthening,801140.SI,轻工制造,168,2,0.011904761904761904,0.02,0,2,1,20260518
20260525,pullback_strengthening,801150.SI,医药生物,501,5,0.00998003992015968,0.05,1,4,6,20260518
20260525,pullback_strengthening,801160.SI,公用事业,133,0,0.0,0.0,0,0,0,20260518
20260525,pullback_strengthening,801170.SI,交通运输,128,0,0.0,0.0,0,0,1,20260518
20260525,pullback_strengthening,801180.SI,房地产,99,1,0.010101010101010102,0.01,0,1,2,20260518
20260525,pullback_strengthening,801200.SI,商贸零售,98,0,0.0,0.0,0,0,1,20260518
20260525,pullback_strengthening,801210.SI,社会服务,84,2,0.023809523809523808,0.02,2,0,0,20260518
20260525,pullback_strengthening,801230.SI,综合,15,0,0.0,0.0,0,0,0,20260518
20260525,pullback_strengthening,801710.SI,建筑材料,75,2,0.02666666666666667,0.02,2,0,2,20260518
20260525,pullback_strengthening,801720.SI,建筑装饰,162,2,0.012345679012345678,0.02,2,0,3,20260518
20260525,pullback_strengthening,801730.SI,电力设备,399,14,0.03508771929824561,0.14,8,6,7,20260518
20260525,pullback_strengthening,801740.SI,国防军工,141,3,0.02127659574468085,0.03,3,0,1,20260518
20260525,pullback_strengthening,801750.SI,计算机,355,5,0.014084507042253521,0.05,2,3,1,20260518
20260525,pullback_strengthening,801760.SI,传媒,131,0,0.0,0.0,0,0,0,20260518
20260525,pullback_strengthening,801770.SI,通信,127,8,0.06299212598425197,0.08,3,5,4,20260518
20260525,pullback_strengthening,801780.SI,银行,42,1,0.023809523809523808,0.01,0,1,0,20260518
20260525,pullback_strengthening,801790.SI,非银金融,81,0,0.0,0.0,0,0,0,20260518
20260525,pullback_strengthening,801880.SI,汽车,310,6,0.01935483870967742,0.06,2,4,2,20260518
20260525,pullback_strengthening,801890.SI,机械设备,593,9,0.01517706576728499,0.09,3,6,9,20260518
20260525,pullback_strengthening,801950.SI,煤炭,37,0,0.0,0.0,0,0,0,20260518
20260525,pullback_strengthening,801960.SI,石油石化,48,0,0.0,0.0,0,0,1,20260518
20260525,pullback_strengthening,801970.SI,环保,136,1,0.007352941176470588,0.01,0,1,1,20260518
20260525,pullback_strengthening,801980.SI,美容护理,31,0,0.0,0.0,0,0,0,20260518
20260526,pullback_strengthening,801010.SI,农林牧渔,114,0,0.0,0.0,0,0,1,20260519
20260526,pullback_strengthening,801030.SI,基础化工,439,4,0.009111617312072893,0.04,3,1,2,20260519
20260526,pullback_strengthening,801040.SI,钢铁,44,0,0.0,0.0,0,0,0,20260519
20260526,pullback_strengthening,801050.SI,有色金属,142,3,0.02112676056338028,0.03,2,1,2,20260519
20260526,pullback_strengthening,801080.SI,电子,495,32,0.06464646464646465,0.32,20,12,8,20260519
20260526,pullback_strengthening,801110.SI,家用电器,103,2,0.019417475728155338,0.02,1,1,1,20260519
20260526,pullback_strengthening,801120.SI,食品饮料,126,1,0.007936507936507936,0.01,1,0,0,20260519
20260526,pullback_strengthening,801130.SI,纺织服饰,106,2,0.018867924528301886,0.02,2,0,1,20260519
20260526,pullback_strengthening,801140.SI,轻工制造,168,1,0.005952380952380952,0.01,0,1,2,20260519
20260526,pullback_strengthening,801150.SI,医药生物,501,4,0.007984031936127744,0.04,1,3,6,20260519
20260526,pullback_strengthening,801160.SI,公用事业,133,0,0.0,0.0,0,0,0,20260519
20260526,pullback_strengthening,801170.SI,交通运输,128,0,0.0,0.0,0,0,0,20260519
20260526,pullback_strengthening,801180.SI,房地产,99,1,0.010101010101010102,0.01,0,1,1,20260519
20260526,pullback_strengthening,801200.SI,商贸零售,98,0,0.0,0.0,0,0,0,20260519
20260526,pullback_strengthening,801210.SI,社会服务,84,1,0.011904761904761904,0.01,1,0,0,20260519
20260526,pullback_strengthening,801230.SI,综合,15,0,0.0,0.0,0,0,0,20260519
20260526,pullback_strengthening,801710.SI,建筑材料,75,2,0.02666666666666667,0.02,2,0,2,20260519
20260526,pullback_strengthening,801720.SI,建筑装饰,162,2,0.012345679012345678,0.02,2,0,3,20260519
20260526,pullback_strengthening,801730.SI,电力设备,399,15,0.03759398496240601,0.15,7,8,6,20260519
20260526,pullback_strengthening,801740.SI,国防军工,141,3,0.02127659574468085,0.03,2,1,0,20260519
20260526,pullback_strengthening,801750.SI,计算机,354,4,0.011299435028248588,0.04,2,2,3,20260519
20260526,pullback_strengthening,801760.SI,传媒,131,0,0.0,0.0,0,0,0,20260519
20260526,pullback_strengthening,801770.SI,通信,127,7,0.05511811023622047,0.07,3,4,4,20260519
20260526,pullback_strengthening,801780.SI,银行,42,1,0.023809523809523808,0.01,0,1,0,20260519
20260526,pullback_strengthening,801790.SI,非银金融,81,1,0.012345679012345678,0.01,1,0,0,20260519
20260526,pullback_strengthening,801880.SI,汽车,311,4,0.012861736334405145,0.04,2,2,5,20260519
20260526,pullback_strengthening,801890.SI,机械设备,594,7,0.011784511784511785,0.07,3,4,9,20260519
20260526,pullback_strengthening,801950.SI,煤炭,37,0,0.0,0.0,0,0,0,20260519
20260526,pullback_strengthening,801960.SI,石油石化,48,0,0.0,0.0,0,0,0,20260519
20260526,pullback_strengthening,801970.SI,环保,136,3,0.022058823529411766,0.03,2,1,1,20260519
20260526,pullback_strengthening,801980.SI,美容护理,31,0,0.0,0.0,0,0,0,20260519
20260527,pullback_strengthening,801010.SI,农林牧渔,114,0,0.0,0.0,0,0,1,20260520
20260527,pullback_strengthening,801030.SI,基础化工,439,5,0.011389521640091117,0.05,4,1,2,20260520
20260527,pullback_strengthening,801040.SI,钢铁,44,0,0.0,0.0,0,0,0,20260520
20260527,pullback_strengthening,801050.SI,有色金属,142,4,0.028169014084507043,0.04,2,2,1,20260520
20260527,pullback_strengthening,801080.SI,电子,495,33,0.06666666666666667,0.33,21,12,7,20260520
20260527,pullback_strengthening,801110.SI,家用电器,103,1,0.009708737864077669,0.01,0,1,1,20260520
20260527,pullback_strengthening,801120.SI,食品饮料,126,1,0.007936507936507936,0.01,1,0,1,20260520
20260527,pullback_strengthening,801130.SI,纺织服饰,106,2,0.018867924528301886,0.02,1,1,1,20260520
20260527,pullback_strengthening,801140.SI,轻工制造,168,3,0.017857142857142856,0.03,2,1,2,20260520
20260527,pullback_strengthening,801150.SI,医药生物,501,2,0.003992015968063872,0.02,1,1,6,20260520
20260527,pullback_strengthening,801160.SI,公用事业,133,1,0.007518796992481203,0.01,1,0,0,20260520
20260527,pullback_strengthening,801170.SI,交通运输,128,0,0.0,0.0,0,0,0,20260520
20260527,pullback_strengthening,801180.SI,房地产,99,1,0.010101010101010102,0.01,0,1,1,20260520
20260527,pullback_strengthening,801200.SI,商贸零售,98,0,0.0,0.0,0,0,0,20260520
20260527,pullback_strengthening,801210.SI,社会服务,84,1,0.011904761904761904,0.01,1,0,1,20260520
20260527,pullback_strengthening,801230.SI,综合,15,0,0.0,0.0,0,0,0,20260520
20260527,pullback_strengthening,801710.SI,建筑材料,75,2,0.02666666666666667,0.02,1,1,1,20260520
20260527,pullback_strengthening,801720.SI,建筑装饰,162,2,0.012345679012345678,0.02,2,0,2,20260520
20260527,pullback_strengthening,801730.SI,电力设备,399,15,0.03759398496240601,0.15,7,8,6,20260520
20260527,pullback_strengthening,801740.SI,国防军工,141,3,0.02127659574468085,0.03,1,2,0,20260520
20260527,pullback_strengthening,801750.SI,计算机,353,3,0.0084985835694051,0.03,0,3,4,20260520
20260527,pullback_strengthening,801760.SI,传媒,131,0,0.0,0.0,0,0,0,20260520
20260527,pullback_strengthening,801770.SI,通信,127,7,0.05511811023622047,0.07,2,5,3,20260520
20260527,pullback_strengthening,801780.SI,银行,42,1,0.023809523809523808,0.01,0,1,0,20260520
20260527,pullback_strengthening,801790.SI,非银金融,81,1,0.012345679012345678,0.01,1,0,0,20260520
20260527,pullback_strengthening,801880.SI,汽车,313,1,0.003194888178913738,0.01,1,0,7,20260520
20260527,pullback_strengthening,801890.SI,机械设备,594,6,0.010101010101010102,0.06,3,3,9,20260520
20260527,pullback_strengthening,801950.SI,煤炭,37,0,0.0,0.0,0,0,0,20260520
20260527,pullback_strengthening,801960.SI,石油石化,48,0,0.0,0.0,0,0,0,20260520
20260527,pullback_strengthening,801970.SI,环保,136,4,0.029411764705882353,0.04,3,1,0,20260520
20260527,pullback_strengthening,801980.SI,美容护理,31,1,0.03225806451612903,0.01,1,0,0,20260520
20260528,pullback_strengthening,801010.SI,农林牧渔,114,0,0.0,0.0,0,0,1,20260521
20260528,pullback_strengthening,801030.SI,基础化工,439,4,0.009111617312072893,0.04,3,1,2,20260521
20260528,pullback_strengthening,801040.SI,钢铁,44,0,0.0,0.0,0,0,0,20260521
20260528,pullback_strengthening,801050.SI,有色金属,142,4,0.028169014084507043,0.04,3,1,1,20260521
20260528,pullback_strengthening,801080.SI,电子,495,34,0.06868686868686869,0.34,22,12,8,20260521
20260528,pullback_strengthening,801110.SI,家用电器,103,1,0.009708737864077669,0.01,0,1,2,20260521
20260528,pullback_strengthening,801120.SI,食品饮料,126,1,0.007936507936507936,0.01,1,0,0,20260521
20260528,pullback_strengthening,801130.SI,纺织服饰,106,2,0.018867924528301886,0.02,1,1,0,20260521
20260528,pullback_strengthening,801140.SI,轻工制造,168,3,0.017857142857142856,0.03,2,1,1,20260521
20260528,pullback_strengthening,801150.SI,医药生物,501,2,0.003992015968063872,0.02,1,1,4,20260521
20260528,pullback_strengthening,801160.SI,公用事业,132,1,0.007575757575757576,0.01,1,0,0,20260521
20260528,pullback_strengthening,801170.SI,交通运输,128,0,0.0,0.0,0,0,0,20260521
20260528,pullback_strengthening,801180.SI,房地产,99,1,0.010101010101010102,0.01,0,1,0,20260521
20260528,pullback_strengthening,801200.SI,商贸零售,98,0,0.0,0.0,0,0,0,20260521
20260528,pullback_strengthening,801210.SI,社会服务,84,1,0.011904761904761904,0.01,1,0,1,20260521
20260528,pullback_strengthening,801230.SI,综合,15,0,0.0,0.0,0,0,0,20260521
20260528,pullback_strengthening,801710.SI,建筑材料,75,1,0.013333333333333334,0.01,0,1,2,20260521
20260528,pullback_strengthening,801720.SI,建筑装饰,162,3,0.018518518518518517,0.03,1,2,2,20260521
20260528,pullback_strengthening,801730.SI,电力设备,399,12,0.03007518796992481,0.12,6,6,10,20260521
20260528,pullback_strengthening,801740.SI,国防军工,141,3,0.02127659574468085,0.03,2,1,1,20260521
20260528,pullback_strengthening,801750.SI,计算机,355,2,0.005633802816901409,0.02,0,2,3,20260521
20260528,pullback_strengthening,801760.SI,传媒,131,0,0.0,0.0,0,0,0,20260521
20260528,pullback_strengthening,801770.SI,通信,127,7,0.05511811023622047,0.07,1,6,1,20260521
20260528,pullback_strengthening,801780.SI,银行,42,1,0.023809523809523808,0.01,1,0,1,20260521
20260528,pullback_strengthening,801790.SI,非银金融,81,1,0.012345679012345678,0.01,1,0,0,20260521
20260528,pullback_strengthening,801880.SI,汽车,313,1,0.003194888178913738,0.01,0,1,7,20260521
20260528,pullback_strengthening,801890.SI,机械设备,594,11,0.018518518518518517,0.11,6,5,9,20260521
20260528,pullback_strengthening,801950.SI,煤炭,37,0,0.0,0.0,0,0,0,20260521
20260528,pullback_strengthening,801960.SI,石油石化,48,0,0.0,0.0,0,0,0,20260521
20260528,pullback_strengthening,801970.SI,环保,136,3,0.022058823529411766,0.03,3,0,1,20260521
20260528,pullback_strengthening,801980.SI,美容护理,31,1,0.03225806451612903,0.01,1,0,0,20260521
20260529,pullback_strengthening,801010.SI,农林牧渔,114,0,0.0,0.0,0,0,1,20260522
20260529,pullback_strengthening,801030.SI,基础化工,438,4,0.0091324200913242,0.04,2,2,2,20260522
20260529,pullback_strengthening,801040.SI,钢铁,44,0,0.0,0.0,0,0,0,20260522
20260529,pullback_strengthening,801050.SI,有色金属,142,4,0.028169014084507043,0.04,4,0,1,20260522
20260529,pullback_strengthening,801080.SI,电子,495,33,0.06666666666666667,0.33,22,11,11,20260522
20260529,pullback_strengthening,801110.SI,家用电器,103,0,0.0,0.0,0,0,3,20260522
20260529,pullback_strengthening,801120.SI,食品饮料,126,2,0.015873015873015872,0.02,2,0,0,20260522
20260529,pullback_strengthening,801130.SI,纺织服饰,106,1,0.009433962264150943,0.01,0,1,0,20260522
20260529,pullback_strengthening,801140.SI,轻工制造,168,3,0.017857142857142856,0.03,2,1,1,20260522
20260529,pullback_strengthening,801150.SI,医药生物,501,2,0.003992015968063872,0.02,1,1,4,20260522
20260529,pullback_strengthening,801160.SI,公用事业,132,1,0.007575757575757576,0.01,1,0,0,20260522
20260529,pullback_strengthening,801170.SI,交通运输,128,0,0.0,0.0,0,0,0,20260522
20260529,pullback_strengthening,801180.SI,房地产,99,1,0.010101010101010102,0.01,0,1,0,20260522
20260529,pullback_strengthening,801200.SI,商贸零售,98,1,0.01020408163265306,0.01,1,0,0,20260522
20260529,pullback_strengthening,801210.SI,社会服务,84,1,0.011904761904761904,0.01,0,1,1,20260522
20260529,pullback_strengthening,801230.SI,综合,15,0,0.0,0.0,0,0,0,20260522
20260529,pullback_strengthening,801710.SI,建筑材料,75,0,0.0,0.0,0,0,3,20260522
20260529,pullback_strengthening,801720.SI,建筑装饰,162,4,0.024691358024691357,0.04,2,2,2,20260522
20260529,pullback_strengthening,801730.SI,电力设备,399,8,0.020050125313283207,0.08,4,4,13,20260522
20260529,pullback_strengthening,801740.SI,国防军工,141,2,0.014184397163120567,0.02,0,2,1,20260522
20260529,pullback_strengthening,801750.SI,计算机,355,2,0.005633802816901409,0.02,1,1,3,20260522
20260529,pullback_strengthening,801760.SI,传媒,131,1,0.007633587786259542,0.01,1,0,0,20260522
20260529,pullback_strengthening,801770.SI,通信,127,8,0.06299212598425197,0.08,3,5,2,20260522
20260529,pullback_strengthening,801780.SI,银行,42,1,0.023809523809523808,0.01,1,0,1,20260522
20260529,pullback_strengthening,801790.SI,非银金融,81,1,0.012345679012345678,0.01,1,0,0,20260522
20260529,pullback_strengthening,801880.SI,汽车,313,2,0.006389776357827476,0.02,1,1,5,20260522
20260529,pullback_strengthening,801890.SI,机械设备,594,14,0.02356902356902357,0.14,12,2,10,20260522
20260529,pullback_strengthening,801950.SI,煤炭,37,0,0.0,0.0,0,0,0,20260522
20260529,pullback_strengthening,801960.SI,石油石化,48,0,0.0,0.0,0,0,0,20260522
20260529,pullback_strengthening,801970.SI,环保,136,2,0.014705882352941176,0.02,2,0,1,20260522
20260529,pullback_strengthening,801980.SI,美容护理,31,2,0.06451612903225806,0.02,2,0,0,20260522
20260601,pullback_strengthening,801010.SI,农林牧渔,114,0,0.0,0.0,0,0,0,20260525
20260601,pullback_strengthening,801030.SI,基础化工,439,5,0.011389521640091117,0.05,2,3,1,20260525
20260601,pullback_strengthening,801040.SI,钢铁,44,1,0.022727272727272728,0.01,1,0,0,20260525
20260601,pullback_strengthening,801050.SI,有色金属,142,4,0.028169014084507043,0.04,3,1,2,20260525
20260601,pullback_strengthening,801080.SI,电子,495,33,0.06666666666666667,0.33,19,14,12,20260525
20260601,pullback_strengthening,801110.SI,家用电器,102,0,0.0,0.0,0,0,3,20260525
20260601,pullback_strengthening,801120.SI,食品饮料,127,2,0.015748031496062992,0.02,1,1,0,20260525
20260601,pullback_strengthening,801130.SI,纺织服饰,106,2,0.018867924528301886,0.02,1,1,1,20260525
20260601,pullback_strengthening,801140.SI,轻工制造,167,3,0.017964071856287425,0.03,2,1,1,20260525
20260601,pullback_strengthening,801150.SI,医药生物,501,2,0.003992015968063872,0.02,2,0,5,20260525
20260601,pullback_strengthening,801160.SI,公用事业,132,1,0.007575757575757576,0.01,1,0,0,20260525
20260601,pullback_strengthening,801170.SI,交通运输,128,0,0.0,0.0,0,0,0,20260525
20260601,pullback_strengthening,801180.SI,房地产,99,2,0.020202020202020204,0.02,1,1,0,20260525
20260601,pullback_strengthening,801200.SI,商贸零售,98,1,0.01020408163265306,0.01,1,0,0,20260525
20260601,pullback_strengthening,801210.SI,社会服务,85,1,0.011764705882352941,0.01,0,1,1,20260525
20260601,pullback_strengthening,801230.SI,综合,15,0,0.0,0.0,0,0,0,20260525
20260601,pullback_strengthening,801710.SI,建筑材料,75,0,0.0,0.0,0,0,2,20260525
20260601,pullback_strengthening,801720.SI,建筑装饰,162,4,0.024691358024691357,0.04,2,2,0,20260525
20260601,pullback_strengthening,801730.SI,电力设备,399,9,0.022556390977443608,0.09,6,3,11,20260525
20260601,pullback_strengthening,801740.SI,国防军工,141,1,0.0070921985815602835,0.01,0,1,2,20260525
20260601,pullback_strengthening,801750.SI,计算机,355,4,0.011267605633802818,0.04,3,1,4,20260525
20260601,pullback_strengthening,801760.SI,传媒,130,0,0.0,0.0,0,0,0,20260525
20260601,pullback_strengthening,801770.SI,通信,127,6,0.047244094488188976,0.06,3,3,5,20260525
20260601,pullback_strengthening,801780.SI,银行,42,1,0.023809523809523808,0.01,1,0,1,20260525
20260601,pullback_strengthening,801790.SI,非银金融,82,0,0.0,0.0,0,0,0,20260525
20260601,pullback_strengthening,801880.SI,汽车,313,2,0.006389776357827476,0.02,1,1,5,20260525
20260601,pullback_strengthening,801890.SI,机械设备,595,12,0.020168067226890758,0.12,11,1,8,20260525
20260601,pullback_strengthening,801950.SI,煤炭,37,0,0.0,0.0,0,0,0,20260525
20260601,pullback_strengthening,801960.SI,石油石化,48,0,0.0,0.0,0,0,0,20260525
20260601,pullback_strengthening,801970.SI,环保,136,2,0.014705882352941176,0.02,2,0,1,20260525
20260601,pullback_strengthening,801980.SI,美容护理,31,2,0.06451612903225806,0.02,2,0,0,20260525
20260602,pullback_strengthening,801010.SI,农林牧渔,113,0,0.0,0.0,0,0,0,20260526
20260602,pullback_strengthening,801030.SI,基础化工,439,7,0.015945330296127564,0.07,4,3,1,20260526
20260602,pullback_strengthening,801040.SI,钢铁,44,1,0.022727272727272728,0.01,1,0,0,20260526
20260602,pullback_strengthening,801050.SI,有色金属,142,5,0.035211267605633804,0.05,4,1,2,20260526
20260602,pullback_strengthening,801080.SI,电子,495,28,0.05656565656565657,0.28,18,10,22,20260526
20260602,pullback_strengthening,801110.SI,家用电器,103,1,0.009708737864077669,0.01,1,0,2,20260526
20260602,pullback_strengthening,801120.SI,食品饮料,127,2,0.015748031496062992,0.02,1,1,0,20260526
20260602,pullback_strengthening,801130.SI,纺织服饰,106,1,0.009433962264150943,0.01,1,0,2,20260526
20260602,pullback_strengthening,801140.SI,轻工制造,167,3,0.017964071856287425,0.03,3,0,1,20260526
20260602,pullback_strengthening,801150.SI,医药生物,501,3,0.005988023952095809,0.03,2,1,3,20260526
20260602,pullback_strengthening,801160.SI,公用事业,132,1,0.007575757575757576,0.01,1,0,0,20260526
20260602,pullback_strengthening,801170.SI,交通运输,128,0,0.0,0.0,0,0,0,20260526
20260602,pullback_strengthening,801180.SI,房地产,97,2,0.020618556701030927,0.02,1,1,0,20260526
20260602,pullback_strengthening,801200.SI,商贸零售,98,1,0.01020408163265306,0.01,1,0,0,20260526
20260602,pullback_strengthening,801210.SI,社会服务,85,2,0.023529411764705882,0.02,1,1,0,20260526
20260602,pullback_strengthening,801230.SI,综合,15,0,0.0,0.0,0,0,0,20260526
20260602,pullback_strengthening,801710.SI,建筑材料,75,0,0.0,0.0,0,0,2,20260526
20260602,pullback_strengthening,801720.SI,建筑装饰,161,4,0.024844720496894408,0.04,3,1,1,20260526
20260602,pullback_strengthening,801730.SI,电力设备,399,12,0.03007518796992481,0.12,8,4,11,20260526
20260602,pullback_strengthening,801740.SI,国防军工,141,1,0.0070921985815602835,0.01,0,1,2,20260526
20260602,pullback_strengthening,801750.SI,计算机,356,4,0.011235955056179775,0.04,4,0,4,20260526
20260602,pullback_strengthening,801760.SI,传媒,131,0,0.0,0.0,0,0,0,20260526
20260602,pullback_strengthening,801770.SI,通信,127,4,0.031496062992125984,0.04,2,2,5,20260526
20260602,pullback_strengthening,801780.SI,银行,42,1,0.023809523809523808,0.01,1,0,1,20260526
20260602,pullback_strengthening,801790.SI,非银金融,82,0,0.0,0.0,0,0,1,20260526
20260602,pullback_strengthening,801880.SI,汽车,313,2,0.006389776357827476,0.02,1,1,3,20260526
20260602,pullback_strengthening,801890.SI,机械设备,595,12,0.020168067226890758,0.12,11,1,6,20260526
20260602,pullback_strengthening,801950.SI,煤炭,37,0,0.0,0.0,0,0,0,20260526
20260602,pullback_strengthening,801960.SI,石油石化,48,0,0.0,0.0,0,0,0,20260526
20260602,pullback_strengthening,801970.SI,环保,136,1,0.007352941176470588,0.01,0,1,2,20260526
20260602,pullback_strengthening,801980.SI,美容护理,31,2,0.06451612903225806,0.02,2,0,0,20260526
20260603,pullback_strengthening,801010.SI,农林牧渔,114,0,0.0,0.0,0,0,0,20260527
20260603,pullback_strengthening,801030.SI,基础化工,439,9,0.02050113895216401,0.09,6,3,2,20260527
20260603,pullback_strengthening,801040.SI,钢铁,44,1,0.022727272727272728,0.01,1,0,0,20260527
20260603,pullback_strengthening,801050.SI,有色金属,142,3,0.02112676056338028,0.03,2,1,3,20260527
20260603,pullback_strengthening,801080.SI,电子,495,27,0.05454545454545454,0.27,16,11,22,20260527
20260603,pullback_strengthening,801110.SI,家用电器,103,2,0.019417475728155338,0.02,2,0,1,20260527
20260603,pullback_strengthening,801120.SI,食品饮料,127,2,0.015748031496062992,0.02,2,0,1,20260527
20260603,pullback_strengthening,801130.SI,纺织服饰,106,1,0.009433962264150943,0.01,1,0,2,20260527
20260603,pullback_strengthening,801140.SI,轻工制造,167,3,0.017964071856287425,0.03,1,2,1,20260527
20260603,pullback_strengthening,801150.SI,医药生物,501,3,0.005988023952095809,0.03,2,1,1,20260527
20260603,pullback_strengthening,801160.SI,公用事业,132,0,0.0,0.0,0,0,1,20260527
20260603,pullback_strengthening,801170.SI,交通运输,128,0,0.0,0.0,0,0,0,20260527
20260603,pullback_strengthening,801180.SI,房地产,99,1,0.010101010101010102,0.01,1,0,1,20260527
20260603,pullback_strengthening,801200.SI,商贸零售,98,1,0.01020408163265306,0.01,1,0,0,20260527
20260603,pullback_strengthening,801210.SI,社会服务,85,1,0.011764705882352941,0.01,1,0,1,20260527
20260603,pullback_strengthening,801230.SI,综合,15,0,0.0,0.0,0,0,0,20260527
20260603,pullback_strengthening,801710.SI,建筑材料,75,0,0.0,0.0,0,0,2,20260527
20260603,pullback_strengthening,801720.SI,建筑装饰,162,3,0.018518518518518517,0.03,3,0,2,20260527
20260603,pullback_strengthening,801730.SI,电力设备,399,12,0.03007518796992481,0.12,9,3,12,20260527
20260603,pullback_strengthening,801740.SI,国防军工,141,0,0.0,0.0,0,0,3,20260527
20260603,pullback_strengthening,801750.SI,计算机,356,4,0.011235955056179775,0.04,4,0,3,20260527
20260603,pullback_strengthening,801760.SI,传媒,131,1,0.007633587786259542,0.01,1,0,0,20260527
20260603,pullback_strengthening,801770.SI,通信,127,4,0.031496062992125984,0.04,3,1,6,20260527
20260603,pullback_strengthening,801780.SI,银行,42,1,0.023809523809523808,0.01,1,0,1,20260527
20260603,pullback_strengthening,801790.SI,非银金融,82,0,0.0,0.0,0,0,1,20260527
20260603,pullback_strengthening,801880.SI,汽车,313,2,0.006389776357827476,0.02,2,0,1,20260527
20260603,pullback_strengthening,801890.SI,机械设备,595,16,0.02689075630252101,0.16,15,1,5,20260527
20260603,pullback_strengthening,801950.SI,煤炭,37,0,0.0,0.0,0,0,0,20260527
20260603,pullback_strengthening,801960.SI,石油石化,48,0,0.0,0.0,0,0,0,20260527
20260603,pullback_strengthening,801970.SI,环保,136,1,0.007352941176470588,0.01,0,1,3,20260527
20260603,pullback_strengthening,801980.SI,美容护理,31,2,0.06451612903225806,0.02,1,1,0,20260527
20260604,pullback_strengthening,801010.SI,农林牧渔,114,0,0.0,0.0,0,0,0,20260528
20260604,pullback_strengthening,801030.SI,基础化工,439,8,0.018223234624145785,0.08,6,2,2,20260528
20260604,pullback_strengthening,801040.SI,钢铁,44,1,0.022727272727272728,0.01,1,0,0,20260528
20260604,pullback_strengthening,801050.SI,有色金属,142,2,0.014084507042253521,0.02,2,0,4,20260528
20260604,pullback_strengthening,801080.SI,电子,495,29,0.05858585858585859,0.29,18,11,23,20260528
20260604,pullback_strengthening,801110.SI,家用电器,103,2,0.019417475728155338,0.02,2,0,1,20260528
20260604,pullback_strengthening,801120.SI,食品饮料,127,1,0.007874015748031496,0.01,1,0,1,20260528
20260604,pullback_strengthening,801130.SI,纺织服饰,106,1,0.009433962264150943,0.01,1,0,2,20260528
20260604,pullback_strengthening,801140.SI,轻工制造,167,3,0.017964071856287425,0.03,1,2,1,20260528
20260604,pullback_strengthening,801150.SI,医药生物,501,3,0.005988023952095809,0.03,2,1,1,20260528
20260604,pullback_strengthening,801160.SI,公用事业,132,1,0.007575757575757576,0.01,1,0,1,20260528
20260604,pullback_strengthening,801170.SI,交通运输,128,0,0.0,0.0,0,0,0,20260528
20260604,pullback_strengthening,801180.SI,房地产,99,1,0.010101010101010102,0.01,1,0,1,20260528
20260604,pullback_strengthening,801200.SI,商贸零售,98,2,0.02040816326530612,0.02,2,0,0,20260528
20260604,pullback_strengthening,801210.SI,社会服务,85,1,0.011764705882352941,0.01,1,0,1,20260528
20260604,pullback_strengthening,801230.SI,综合,15,0,0.0,0.0,0,0,0,20260528
20260604,pullback_strengthening,801710.SI,建筑材料,75,0,0.0,0.0,0,0,1,20260528
20260604,pullback_strengthening,801720.SI,建筑装饰,162,3,0.018518518518518517,0.03,2,1,2,20260528
20260604,pullback_strengthening,801730.SI,电力设备,399,9,0.022556390977443608,0.09,6,3,9,20260528
20260604,pullback_strengthening,801740.SI,国防军工,141,0,0.0,0.0,0,0,3,20260528
20260604,pullback_strengthening,801750.SI,计算机,356,4,0.011235955056179775,0.04,4,0,2,20260528
20260604,pullback_strengthening,801760.SI,传媒,131,1,0.007633587786259542,0.01,1,0,0,20260528
20260604,pullback_strengthening,801770.SI,通信,127,4,0.031496062992125984,0.04,4,0,7,20260528
20260604,pullback_strengthening,801780.SI,银行,42,1,0.023809523809523808,0.01,0,1,0,20260528
20260604,pullback_strengthening,801790.SI,非银金融,82,0,0.0,0.0,0,0,1,20260528
20260604,pullback_strengthening,801880.SI,汽车,313,2,0.006389776357827476,0.02,2,0,1,20260528
20260604,pullback_strengthening,801890.SI,机械设备,595,18,0.030252100840336135,0.18,13,5,6,20260528
20260604,pullback_strengthening,801950.SI,煤炭,37,0,0.0,0.0,0,0,0,20260528
20260604,pullback_strengthening,801960.SI,石油石化,48,0,0.0,0.0,0,0,0,20260528
20260604,pullback_strengthening,801970.SI,环保,136,2,0.014705882352941176,0.02,1,1,2,20260528
20260604,pullback_strengthening,801980.SI,美容护理,31,1,0.03225806451612903,0.01,1,0,1,20260528
20260605,pullback_strengthening,801010.SI,农林牧渔,114,0,0.0,0.0,0,0,0,20260529
20260605,pullback_strengthening,801030.SI,基础化工,439,9,0.02050113895216401,0.09,9,0,4,20260529
20260605,pullback_strengthening,801040.SI,钢铁,44,0,0.0,0.0,0,0,0,20260529
20260605,pullback_strengthening,801050.SI,有色金属,142,2,0.014084507042253521,0.02,2,0,4,20260529
20260605,pullback_strengthening,801080.SI,电子,495,31,0.06262626262626263,0.31,20,11,22,20260529
20260605,pullback_strengthening,801110.SI,家用电器,103,1,0.009708737864077669,0.01,1,0,0,20260529
20260605,pullback_strengthening,801120.SI,食品饮料,127,2,0.015748031496062992,0.02,2,0,2,20260529
20260605,pullback_strengthening,801130.SI,纺织服饰,106,3,0.02830188679245283,0.03,3,0,1,20260529
20260605,pullback_strengthening,801140.SI,轻工制造,168,3,0.017857142857142856,0.03,1,2,1,20260529
20260605,pullback_strengthening,801150.SI,医药生物,502,1,0.00199203187250996,0.01,1,0,2,20260529
20260605,pullback_strengthening,801160.SI,公用事业,132,1,0.007575757575757576,0.01,1,0,1,20260529
20260605,pullback_strengthening,801170.SI,交通运输,128,0,0.0,0.0,0,0,0,20260529
20260605,pullback_strengthening,801180.SI,房地产,99,0,0.0,0.0,0,0,1,20260529
20260605,pullback_strengthening,801200.SI,商贸零售,98,2,0.02040816326530612,0.02,1,1,0,20260529
20260605,pullback_strengthening,801210.SI,社会服务,85,1,0.011764705882352941,0.01,1,0,1,20260529
20260605,pullback_strengthening,801230.SI,综合,15,0,0.0,0.0,0,0,0,20260529
20260605,pullback_strengthening,801710.SI,建筑材料,75,0,0.0,0.0,0,0,0,20260529
20260605,pullback_strengthening,801720.SI,建筑装饰,162,2,0.012345679012345678,0.02,1,1,3,20260529
20260605,pullback_strengthening,801730.SI,电力设备,399,9,0.022556390977443608,0.09,6,3,5,20260529
20260605,pullback_strengthening,801740.SI,国防军工,141,0,0.0,0.0,0,0,2,20260529
20260605,pullback_strengthening,801750.SI,计算机,356,3,0.008426966292134831,0.03,3,0,2,20260529
20260605,pullback_strengthening,801760.SI,传媒,131,1,0.007633587786259542,0.01,1,0,1,20260529
20260605,pullback_strengthening,801770.SI,通信,127,4,0.031496062992125984,0.04,3,1,7,20260529
20260605,pullback_strengthening,801780.SI,银行,42,0,0.0,0.0,0,0,1,20260529
20260605,pullback_strengthening,801790.SI,非银金融,82,0,0.0,0.0,0,0,1,20260529
20260605,pullback_strengthening,801880.SI,汽车,313,3,0.009584664536741214,0.03,2,1,1,20260529
20260605,pullback_strengthening,801890.SI,机械设备,595,20,0.03361344537815126,0.2,13,7,7,20260529
20260605,pullback_strengthening,801950.SI,煤炭,37,0,0.0,0.0,0,0,0,20260529
20260605,pullback_strengthening,801960.SI,石油石化,48,0,0.0,0.0,0,0,0,20260529
20260605,pullback_strengthening,801970.SI,环保,136,1,0.007352941176470588,0.01,1,0,2,20260529
20260605,pullback_strengthening,801980.SI,美容护理,31,1,0.03225806451612903,0.01,0,1,1,20260529
20260608,pullback_strengthening,801010.SI,农林牧渔,114,0,0.0,0.0,0,0,0,20260601
20260608,pullback_strengthening,801030.SI,基础化工,438,9,0.02054794520547945,0.09,9,0,5,20260601
20260608,pullback_strengthening,801040.SI,钢铁,44,0,0.0,0.0,0,0,1,20260601
20260608,pullback_strengthening,801050.SI,有色金属,143,2,0.013986013986013986,0.02,2,0,4,20260601
20260608,pullback_strengthening,801080.SI,电子,494,33,0.06680161943319839,0.33,25,8,25,20260601
20260608,pullback_strengthening,801110.SI,家用电器,103,1,0.009708737864077669,0.01,1,0,0,20260601
20260608,pullback_strengthening,801120.SI,食品饮料,127,2,0.015748031496062992,0.02,2,0,2,20260601
20260608,pullback_strengthening,801130.SI,纺织服饰,106,3,0.02830188679245283,0.03,2,1,1,20260601
20260608,pullback_strengthening,801140.SI,轻工制造,168,2,0.011904761904761904,0.02,1,1,2,20260601
20260608,pullback_strengthening,801150.SI,医药生物,502,2,0.00398406374501992,0.02,1,1,1,20260601
20260608,pullback_strengthening,801160.SI,公用事业,132,1,0.007575757575757576,0.01,1,0,1,20260601
20260608,pullback_strengthening,801170.SI,交通运输,128,0,0.0,0.0,0,0,0,20260601
20260608,pullback_strengthening,801180.SI,房地产,99,0,0.0,0.0,0,0,2,20260601
20260608,pullback_strengthening,801200.SI,商贸零售,99,1,0.010101010101010102,0.01,1,0,1,20260601
20260608,pullback_strengthening,801210.SI,社会服务,85,1,0.011764705882352941,0.01,1,0,1,20260601
20260608,pullback_strengthening,801230.SI,综合,15,0,0.0,0.0,0,0,0,20260601
20260608,pullback_strengthening,801710.SI,建筑材料,75,0,0.0,0.0,0,0,0,20260601
20260608,pullback_strengthening,801720.SI,建筑装饰,163,0,0.0,0.0,0,0,4,20260601
20260608,pullback_strengthening,801730.SI,电力设备,399,8,0.020050125313283207,0.08,4,4,5,20260601
20260608,pullback_strengthening,801740.SI,国防军工,141,0,0.0,0.0,0,0,1,20260601
20260608,pullback_strengthening,801750.SI,计算机,356,2,0.0056179775280898875,0.02,2,0,4,20260601
20260608,pullback_strengthening,801760.SI,传媒,130,3,0.023076923076923078,0.03,3,0,0,20260601
20260608,pullback_strengthening,801770.SI,通信,127,3,0.023622047244094488,0.03,2,1,5,20260601
20260608,pullback_strengthening,801780.SI,银行,42,0,0.0,0.0,0,0,1,20260601
20260608,pullback_strengthening,801790.SI,非银金融,82,0,0.0,0.0,0,0,0,20260601
20260608,pullback_strengthening,801880.SI,汽车,313,2,0.006389776357827476,0.02,2,0,2,20260601
20260608,pullback_strengthening,801890.SI,机械设备,595,23,0.03865546218487395,0.23,16,7,5,20260601
20260608,pullback_strengthening,801950.SI,煤炭,37,0,0.0,0.0,0,0,0,20260601
20260608,pullback_strengthening,801960.SI,石油石化,48,0,0.0,0.0,0,0,0,20260601
20260608,pullback_strengthening,801970.SI,环保,137,2,0.014598540145985401,0.02,2,0,2,20260601
20260608,pullback_strengthening,801980.SI,美容护理,31,0,0.0,0.0,0,0,2,20260601
20260609,pullback_strengthening,801010.SI,农林牧渔,114,1,0.008771929824561403,0.01,1,0,0,20260602
20260609,pullback_strengthening,801030.SI,基础化工,438,10,0.0228310502283105,0.1,9,1,6,20260602
20260609,pullback_strengthening,801040.SI,钢铁,44,0,0.0,0.0,0,0,1,20260602
20260609,pullback_strengthening,801050.SI,有色金属,142,2,0.014084507042253521,0.02,1,1,4,20260602
20260609,pullback_strengthening,801080.SI,电子,495,40,0.08080808080808081,0.4,32,8,20,20260602
20260609,pullback_strengthening,801110.SI,家用电器,103,1,0.009708737864077669,0.01,1,0,1,20260602
20260609,pullback_strengthening,801120.SI,食品饮料,127,2,0.015748031496062992,0.02,2,0,2,20260602
20260609,pullback_strengthening,801130.SI,纺织服饰,106,3,0.02830188679245283,0.03,2,1,0,20260602
20260609,pullback_strengthening,801140.SI,轻工制造,168,1,0.005952380952380952,0.01,0,1,2,20260602
20260609,pullback_strengthening,801150.SI,医药生物,502,0,0.0,0.0,0,0,3,20260602
20260609,pullback_strengthening,801160.SI,公用事业,132,0,0.0,0.0,0,0,1,20260602
20260609,pullback_strengthening,801170.SI,交通运输,127,0,0.0,0.0,0,0,0,20260602
20260609,pullback_strengthening,801180.SI,房地产,99,0,0.0,0.0,0,0,2,20260602
20260609,pullback_strengthening,801200.SI,商贸零售,99,1,0.010101010101010102,0.01,1,0,1,20260602
20260609,pullback_strengthening,801210.SI,社会服务,85,1,0.011764705882352941,0.01,0,1,1,20260602
20260609,pullback_strengthening,801230.SI,综合,15,0,0.0,0.0,0,0,0,20260602
20260609,pullback_strengthening,801710.SI,建筑材料,75,1,0.013333333333333334,0.01,1,0,0,20260602
20260609,pullback_strengthening,801720.SI,建筑装饰,163,0,0.0,0.0,0,0,4,20260602
20260609,pullback_strengthening,801730.SI,电力设备,399,9,0.022556390977443608,0.09,4,5,7,20260602
20260609,pullback_strengthening,801740.SI,国防军工,140,0,0.0,0.0,0,0,1,20260602
20260609,pullback_strengthening,801750.SI,计算机,356,4,0.011235955056179775,0.04,3,1,3,20260602
20260609,pullback_strengthening,801760.SI,传媒,131,1,0.007633587786259542,0.01,1,0,0,20260602
20260609,pullback_strengthening,801770.SI,通信,127,2,0.015748031496062992,0.02,1,1,3,20260602
20260609,pullback_strengthening,801780.SI,银行,42,0,0.0,0.0,0,0,1,20260602
20260609,pullback_strengthening,801790.SI,非银金融,82,0,0.0,0.0,0,0,0,20260602
20260609,pullback_strengthening,801880.SI,汽车,313,2,0.006389776357827476,0.02,2,0,2,20260602
20260609,pullback_strengthening,801890.SI,机械设备,595,17,0.02857142857142857,0.17,15,2,10,20260602
20260609,pullback_strengthening,801950.SI,煤炭,37,0,0.0,0.0,0,0,0,20260602
20260609,pullback_strengthening,801960.SI,石油石化,48,0,0.0,0.0,0,0,0,20260602
20260609,pullback_strengthening,801970.SI,环保,137,2,0.014598540145985401,0.02,2,0,1,20260602
20260609,pullback_strengthening,801980.SI,美容护理,31,0,0.0,0.0,0,0,2,20260602
20260610,pullback_strengthening,801010.SI,农林牧渔,114,1,0.008771929824561403,0.01,1,0,0,20260603
20260610,pullback_strengthening,801030.SI,基础化工,438,8,0.0182648401826484,0.08,7,1,8,20260603
20260610,pullback_strengthening,801040.SI,钢铁,44,0,0.0,0.0,0,0,1,20260603
20260610,pullback_strengthening,801050.SI,有色金属,142,2,0.014084507042253521,0.02,1,1,2,20260603
20260610,pullback_strengthening,801080.SI,电子,495,40,0.08080808080808081,0.4,33,7,20,20260603
20260610,pullback_strengthening,801110.SI,家用电器,103,1,0.009708737864077669,0.01,0,1,1,20260603
20260610,pullback_strengthening,801120.SI,食品饮料,127,3,0.023622047244094488,0.03,2,1,1,20260603
20260610,pullback_strengthening,801130.SI,纺织服饰,106,2,0.018867924528301886,0.02,2,0,1,20260603
20260610,pullback_strengthening,801140.SI,轻工制造,168,0,0.0,0.0,0,0,3,20260603
20260610,pullback_strengthening,801150.SI,医药生物,501,0,0.0,0.0,0,0,3,20260603
20260610,pullback_strengthening,801160.SI,公用事业,132,0,0.0,0.0,0,0,0,20260603
20260610,pullback_strengthening,801170.SI,交通运输,127,0,0.0,0.0,0,0,0,20260603
20260610,pullback_strengthening,801180.SI,房地产,99,0,0.0,0.0,0,0,1,20260603
20260610,pullback_strengthening,801200.SI,商贸零售,99,1,0.010101010101010102,0.01,1,0,1,20260603
20260610,pullback_strengthening,801210.SI,社会服务,84,1,0.011904761904761904,0.01,0,1,0,20260603
20260610,pullback_strengthening,801230.SI,综合,15,0,0.0,0.0,0,0,0,20260603
20260610,pullback_strengthening,801710.SI,建筑材料,75,1,0.013333333333333334,0.01,1,0,0,20260603
20260610,pullback_strengthening,801720.SI,建筑装饰,163,0,0.0,0.0,0,0,3,20260603
20260610,pullback_strengthening,801730.SI,电力设备,399,10,0.02506265664160401,0.1,5,5,7,20260603
20260610,pullback_strengthening,801740.SI,国防军工,140,0,0.0,0.0,0,0,0,20260603
20260610,pullback_strengthening,801750.SI,计算机,356,4,0.011235955056179775,0.04,2,2,2,20260603
20260610,pullback_strengthening,801760.SI,传媒,131,1,0.007633587786259542,0.01,1,0,1,20260603
20260610,pullback_strengthening,801770.SI,通信,127,3,0.023622047244094488,0.03,2,1,3,20260603
20260610,pullback_strengthening,801780.SI,银行,42,0,0.0,0.0,0,0,1,20260603
20260610,pullback_strengthening,801790.SI,非银金融,82,0,0.0,0.0,0,0,0,20260603
20260610,pullback_strengthening,801880.SI,汽车,313,3,0.009584664536741214,0.03,2,1,1,20260603
20260610,pullback_strengthening,801890.SI,机械设备,595,17,0.02857142857142857,0.17,13,4,12,20260603
20260610,pullback_strengthening,801950.SI,煤炭,37,0,0.0,0.0,0,0,0,20260603
20260610,pullback_strengthening,801960.SI,石油石化,48,0,0.0,0.0,0,0,0,20260603
20260610,pullback_strengthening,801970.SI,环保,137,2,0.014598540145985401,0.02,2,0,1,20260603
20260610,pullback_strengthening,801980.SI,美容护理,31,0,0.0,0.0,0,0,2,20260603
20260611,pullback_strengthening,801010.SI,农林牧渔,114,1,0.008771929824561403,0.01,1,0,0,20260604
20260611,pullback_strengthening,801030.SI,基础化工,439,11,0.025056947608200455,0.11,10,1,7,20260604
20260611,pullback_strengthening,801040.SI,钢铁,44,0,0.0,0.0,0,0,1,20260604
20260611,pullback_strengthening,801050.SI,有色金属,142,1,0.007042253521126761,0.01,0,1,1,20260604
20260611,pullback_strengthening,801080.SI,电子,495,41,0.08282828282828283,0.41,34,7,22,20260604
20260611,pullback_strengthening,801110.SI,家用电器,103,2,0.019417475728155338,0.02,1,1,1,20260604
20260611,pullback_strengthening,801120.SI,食品饮料,127,3,0.023622047244094488,0.03,2,1,0,20260604
20260611,pullback_strengthening,801130.SI,纺织服饰,106,1,0.009433962264150943,0.01,1,0,1,20260604
20260611,pullback_strengthening,801140.SI,轻工制造,168,1,0.005952380952380952,0.01,1,0,3,20260604
20260611,pullback_strengthening,801150.SI,医药生物,500,1,0.002,0.01,1,0,3,20260604
20260611,pullback_strengthening,801160.SI,公用事业,132,2,0.015151515151515152,0.02,2,0,1,20260604
20260611,pullback_strengthening,801170.SI,交通运输,127,0,0.0,0.0,0,0,0,20260604
20260611,pullback_strengthening,801180.SI,房地产,99,0,0.0,0.0,0,0,1,20260604
20260611,pullback_strengthening,801200.SI,商贸零售,99,0,0.0,0.0,0,0,2,20260604
20260611,pullback_strengthening,801210.SI,社会服务,84,1,0.011904761904761904,0.01,1,0,1,20260604
20260611,pullback_strengthening,801230.SI,综合,15,0,0.0,0.0,0,0,0,20260604
20260611,pullback_strengthening,801710.SI,建筑材料,75,2,0.02666666666666667,0.02,2,0,0,20260604
20260611,pullback_strengthening,801720.SI,建筑装饰,163,0,0.0,0.0,0,0,3,20260604
20260611,pullback_strengthening,801730.SI,电力设备,398,7,0.017587939698492462,0.07,5,2,7,20260604
20260611,pullback_strengthening,801740.SI,国防军工,140,0,0.0,0.0,0,0,0,20260604
20260611,pullback_strengthening,801750.SI,计算机,356,3,0.008426966292134831,0.03,2,1,3,20260604
20260611,pullback_strengthening,801760.SI,传媒,131,0,0.0,0.0,0,0,1,20260604
20260611,pullback_strengthening,801770.SI,通信,127,2,0.015748031496062992,0.02,0,2,2,20260604
20260611,pullback_strengthening,801780.SI,银行,42,0,0.0,0.0,0,0,1,20260604
20260611,pullback_strengthening,801790.SI,非银金融,82,0,0.0,0.0,0,0,0,20260604
20260611,pullback_strengthening,801880.SI,汽车,313,3,0.009584664536741214,0.03,2,1,1,20260604
20260611,pullback_strengthening,801890.SI,机械设备,594,16,0.026936026936026935,0.16,11,5,13,20260604
20260611,pullback_strengthening,801950.SI,煤炭,37,0,0.0,0.0,0,0,0,20260604
20260611,pullback_strengthening,801960.SI,石油石化,48,0,0.0,0.0,0,0,0,20260604
20260611,pullback_strengthening,801970.SI,环保,137,2,0.014598540145985401,0.02,2,0,2,20260604
20260611,pullback_strengthening,801980.SI,美容护理,31,0,0.0,0.0,0,0,1,20260604
20260612,pullback_strengthening,801010.SI,农林牧渔,114,1,0.008771929824561403,0.01,1,0,0,20260605
20260612,pullback_strengthening,801030.SI,基础化工,439,10,0.022779043280182234,0.1,9,1,8,20260605
20260612,pullback_strengthening,801040.SI,钢铁,44,0,0.0,0.0,0,0,0,20260605
20260612,pullback_strengthening,801050.SI,有色金属,142,2,0.014084507042253521,0.02,1,1,1,20260605
20260612,pullback_strengthening,801080.SI,电子,494,37,0.07489878542510121,0.37,31,6,25,20260605
20260612,pullback_strengthening,801110.SI,家用电器,103,2,0.019417475728155338,0.02,2,0,1,20260605
20260612,pullback_strengthening,801120.SI,食品饮料,127,1,0.007874015748031496,0.01,1,0,2,20260605
20260612,pullback_strengthening,801130.SI,纺织服饰,106,1,0.009433962264150943,0.01,0,1,2,20260605
20260612,pullback_strengthening,801140.SI,轻工制造,168,1,0.005952380952380952,0.01,1,0,3,20260605
20260612,pullback_strengthening,801150.SI,医药生物,502,2,0.00398406374501992,0.02,2,0,1,20260605
20260612,pullback_strengthening,801160.SI,公用事业,132,2,0.015151515151515152,0.02,2,0,1,20260605
20260612,pullback_strengthening,801170.SI,交通运输,127,0,0.0,0.0,0,0,0,20260605
20260612,pullback_strengthening,801180.SI,房地产,99,0,0.0,0.0,0,0,0,20260605
20260612,pullback_strengthening,801200.SI,商贸零售,99,0,0.0,0.0,0,0,2,20260605
20260612,pullback_strengthening,801210.SI,社会服务,85,2,0.023529411764705882,0.02,2,0,1,20260605
20260612,pullback_strengthening,801230.SI,综合,15,0,0.0,0.0,0,0,0,20260605
20260612,pullback_strengthening,801710.SI,建筑材料,75,2,0.02666666666666667,0.02,2,0,0,20260605
20260612,pullback_strengthening,801720.SI,建筑装饰,163,0,0.0,0.0,0,0,2,20260605
20260612,pullback_strengthening,801730.SI,电力设备,399,10,0.02506265664160401,0.1,9,1,8,20260605
20260612,pullback_strengthening,801740.SI,国防军工,140,0,0.0,0.0,0,0,0,20260605
20260612,pullback_strengthening,801750.SI,计算机,356,3,0.008426966292134831,0.03,2,1,2,20260605
20260612,pullback_strengthening,801760.SI,传媒,131,0,0.0,0.0,0,0,1,20260605
20260612,pullback_strengthening,801770.SI,通信,127,4,0.031496062992125984,0.04,2,2,2,20260605
20260612,pullback_strengthening,801780.SI,银行,42,0,0.0,0.0,0,0,0,20260605
20260612,pullback_strengthening,801790.SI,非银金融,82,0,0.0,0.0,0,0,0,20260605
20260612,pullback_strengthening,801880.SI,汽车,313,2,0.006389776357827476,0.02,0,2,1,20260605
20260612,pullback_strengthening,801890.SI,机械设备,592,16,0.02702702702702703,0.16,9,7,13,20260605
20260612,pullback_strengthening,801950.SI,煤炭,37,0,0.0,0.0,0,0,0,20260605
20260612,pullback_strengthening,801960.SI,石油石化,48,0,0.0,0.0,0,0,0,20260605
20260612,pullback_strengthening,801970.SI,环保,137,2,0.014598540145985401,0.02,2,0,1,20260605
20260612,pullback_strengthening,801980.SI,美容护理,31,0,0.0,0.0,0,0,1,20260605
20260615,pullback_strengthening,801010.SI,农林牧渔,114,1,0.008771929824561403,0.01,1,0,0,20260608
20260615,pullback_strengthening,801030.SI,基础化工,438,10,0.0228310502283105,0.1,10,0,9,20260608
20260615,pullback_strengthening,801040.SI,钢铁,44,0,0.0,0.0,0,0,0,20260608
20260615,pullback_strengthening,801050.SI,有色金属,142,2,0.014084507042253521,0.02,1,1,1,20260608
20260615,pullback_strengthening,801080.SI,电子,495,37,0.07474747474747474,0.37,28,9,24,20260608
20260615,pullback_strengthening,801110.SI,家用电器,103,3,0.02912621359223301,0.03,3,0,1,20260608
20260615,pullback_strengthening,801120.SI,食品饮料,126,1,0.007936507936507936,0.01,1,0,2,20260608
20260615,pullback_strengthening,801130.SI,纺织服饰,106,0,0.0,0.0,0,0,3,20260608
20260615,pullback_strengthening,801140.SI,轻工制造,168,1,0.005952380952380952,0.01,1,0,2,20260608
20260615,pullback_strengthening,801150.SI,医药生物,502,3,0.00597609561752988,0.03,3,0,2,20260608
20260615,pullback_strengthening,801160.SI,公用事业,132,2,0.015151515151515152,0.02,2,0,1,20260608
20260615,pullback_strengthening,801170.SI,交通运输,125,0,0.0,0.0,0,0,0,20260608
20260615,pullback_strengthening,801180.SI,房地产,99,1,0.010101010101010102,0.01,1,0,0,20260608
20260615,pullback_strengthening,801200.SI,商贸零售,99,0,0.0,0.0,0,0,1,20260608
20260615,pullback_strengthening,801210.SI,社会服务,85,2,0.023529411764705882,0.02,2,0,1,20260608
20260615,pullback_strengthening,801230.SI,综合,15,0,0.0,0.0,0,0,0,20260608
20260615,pullback_strengthening,801710.SI,建筑材料,75,1,0.013333333333333334,0.01,1,0,0,20260608
20260615,pullback_strengthening,801720.SI,建筑装饰,162,0,0.0,0.0,0,0,0,20260608
20260615,pullback_strengthening,801730.SI,电力设备,399,10,0.02506265664160401,0.1,9,1,7,20260608
20260615,pullback_strengthening,801740.SI,国防军工,140,0,0.0,0.0,0,0,0,20260608
20260615,pullback_strengthening,801750.SI,计算机,356,3,0.008426966292134831,0.03,2,1,1,20260608
20260615,pullback_strengthening,801760.SI,传媒,131,0,0.0,0.0,0,0,3,20260608
20260615,pullback_strengthening,801770.SI,通信,127,3,0.023622047244094488,0.03,1,2,1,20260608
20260615,pullback_strengthening,801780.SI,银行,42,0,0.0,0.0,0,0,0,20260608
20260615,pullback_strengthening,801790.SI,非银金融,82,0,0.0,0.0,0,0,0,20260608
20260615,pullback_strengthening,801880.SI,汽车,313,1,0.003194888178913738,0.01,1,0,2,20260608
20260615,pullback_strengthening,801890.SI,机械设备,593,17,0.02866779089376054,0.17,10,7,16,20260608
20260615,pullback_strengthening,801950.SI,煤炭,37,0,0.0,0.0,0,0,0,20260608
20260615,pullback_strengthening,801960.SI,石油石化,48,0,0.0,0.0,0,0,0,20260608
20260615,pullback_strengthening,801970.SI,环保,137,2,0.014598540145985401,0.02,2,0,2,20260608
20260615,pullback_strengthening,801980.SI,美容护理,31,0,0.0,0.0,0,0,0,20260608
20260616,pullback_strengthening,801010.SI,农林牧渔,114,0,0.0,0.0,0,0,1,20260609
20260616,pullback_strengthening,801030.SI,基础化工,438,10,0.0228310502283105,0.1,9,1,9,20260609
20260616,pullback_strengthening,801040.SI,钢铁,44,0,0.0,0.0,0,0,0,20260609
20260616,pullback_strengthening,801050.SI,有色金属,143,2,0.013986013986013986,0.02,2,0,2,20260609
20260616,pullback_strengthening,801080.SI,电子,495,37,0.07474747474747474,0.37,25,12,28,20260609
20260616,pullback_strengthening,801110.SI,家用电器,103,3,0.02912621359223301,0.03,3,0,1,20260609
20260616,pullback_strengthening,801120.SI,食品饮料,127,1,0.007874015748031496,0.01,1,0,2,20260609
20260616,pullback_strengthening,801130.SI,纺织服饰,106,0,0.0,0.0,0,0,3,20260609
20260616,pullback_strengthening,801140.SI,轻工制造,168,0,0.0,0.0,0,0,1,20260609
20260616,pullback_strengthening,801150.SI,医药生物,502,3,0.00597609561752988,0.03,3,0,0,20260609
20260616,pullback_strengthening,801160.SI,公用事业,132,4,0.030303030303030304,0.04,4,0,0,20260609
20260616,pullback_strengthening,801170.SI,交通运输,127,0,0.0,0.0,0,0,0,20260609
20260616,pullback_strengthening,801180.SI,房地产,99,1,0.010101010101010102,0.01,1,0,0,20260609
20260616,pullback_strengthening,801200.SI,商贸零售,99,1,0.010101010101010102,0.01,1,0,1,20260609
20260616,pullback_strengthening,801210.SI,社会服务,85,2,0.023529411764705882,0.02,2,0,1,20260609
20260616,pullback_strengthening,801230.SI,综合,15,0,0.0,0.0,0,0,0,20260609
20260616,pullback_strengthening,801710.SI,建筑材料,75,1,0.013333333333333334,0.01,1,0,1,20260609
20260616,pullback_strengthening,801720.SI,建筑装饰,162,1,0.006172839506172839,0.01,1,0,0,20260609
20260616,pullback_strengthening,801730.SI,电力设备,399,10,0.02506265664160401,0.1,7,3,6,20260609
20260616,pullback_strengthening,801740.SI,国防军工,141,0,0.0,0.0,0,0,0,20260609
20260616,pullback_strengthening,801750.SI,计算机,356,1,0.0028089887640449437,0.01,0,1,3,20260609
20260616,pullback_strengthening,801760.SI,传媒,131,0,0.0,0.0,0,0,1,20260609
20260616,pullback_strengthening,801770.SI,通信,127,2,0.015748031496062992,0.02,1,1,1,20260609
20260616,pullback_strengthening,801780.SI,银行,42,0,0.0,0.0,0,0,0,20260609
20260616,pullback_strengthening,801790.SI,非银金融,82,0,0.0,0.0,0,0,0,20260609
20260616,pullback_strengthening,801880.SI,汽车,313,2,0.006389776357827476,0.02,2,0,2,20260609
20260616,pullback_strengthening,801890.SI,机械设备,593,17,0.02866779089376054,0.17,12,5,12,20260609
20260616,pullback_strengthening,801950.SI,煤炭,37,0,0.0,0.0,0,0,0,20260609
20260616,pullback_strengthening,801960.SI,石油石化,48,0,0.0,0.0,0,0,0,20260609
20260616,pullback_strengthening,801970.SI,环保,137,2,0.014598540145985401,0.02,1,1,1,20260609
20260616,pullback_strengthening,801980.SI,美容护理,31,0,0.0,0.0,0,0,0,20260609
20260617,pullback_strengthening,801010.SI,农林牧渔,114,0,0.0,0.0,0,0,1,20260610
20260617,pullback_strengthening,801030.SI,基础化工,437,11,0.02517162471395881,0.11,11,0,8,20260610
20260617,pullback_strengthening,801040.SI,钢铁,44,0,0.0,0.0,0,0,0,20260610
20260617,pullback_strengthening,801050.SI,有色金属,143,1,0.006993006993006993,0.01,1,0,2,20260610
20260617,pullback_strengthening,801080.SI,电子,495,38,0.07676767676767676,0.38,23,15,25,20260610
20260617,pullback_strengthening,801110.SI,家用电器,103,3,0.02912621359223301,0.03,3,0,1,20260610
20260617,pullback_strengthening,801120.SI,食品饮料,127,1,0.007874015748031496,0.01,0,1,2,20260610
20260617,pullback_strengthening,801130.SI,纺织服饰,106,0,0.0,0.0,0,0,2,20260610
20260617,pullback_strengthening,801140.SI,轻工制造,168,0,0.0,0.0,0,0,0,20260610
20260617,pullback_strengthening,801150.SI,医药生物,503,4,0.007952286282306162,0.04,4,0,0,20260610
20260617,pullback_strengthening,801160.SI,公用事业,132,5,0.03787878787878788,0.05,5,0,0,20260610
20260617,pullback_strengthening,801170.SI,交通运输,127,0,0.0,0.0,0,0,0,20260610
20260617,pullback_strengthening,801180.SI,房地产,99,1,0.010101010101010102,0.01,1,0,0,20260610
20260617,pullback_strengthening,801200.SI,商贸零售,99,1,0.010101010101010102,0.01,1,0,1,20260610
20260617,pullback_strengthening,801210.SI,社会服务,85,1,0.011764705882352941,0.01,1,0,1,20260610
20260617,pullback_strengthening,801230.SI,综合,15,0,0.0,0.0,0,0,0,20260610
20260617,pullback_strengthening,801710.SI,建筑材料,75,1,0.013333333333333334,0.01,1,0,1,20260610
20260617,pullback_strengthening,801720.SI,建筑装饰,162,1,0.006172839506172839,0.01,1,0,0,20260610
20260617,pullback_strengthening,801730.SI,电力设备,399,9,0.022556390977443608,0.09,6,3,7,20260610
20260617,pullback_strengthening,801740.SI,国防军工,141,1,0.0070921985815602835,0.01,1,0,0,20260610
20260617,pullback_strengthening,801750.SI,计算机,356,1,0.0028089887640449437,0.01,0,1,3,20260610
20260617,pullback_strengthening,801760.SI,传媒,129,0,0.0,0.0,0,0,1,20260610
20260617,pullback_strengthening,801770.SI,通信,126,1,0.007936507936507936,0.01,1,0,3,20260610
20260617,pullback_strengthening,801780.SI,银行,42,0,0.0,0.0,0,0,0,20260610
20260617,pullback_strengthening,801790.SI,非银金融,82,0,0.0,0.0,0,0,0,20260610
20260617,pullback_strengthening,801880.SI,汽车,313,3,0.009584664536741214,0.03,3,0,3,20260610
20260617,pullback_strengthening,801890.SI,机械设备,593,16,0.026981450252951095,0.16,11,5,12,20260610
20260617,pullback_strengthening,801950.SI,煤炭,37,0,0.0,0.0,0,0,0,20260610
20260617,pullback_strengthening,801960.SI,石油石化,48,0,0.0,0.0,0,0,0,20260610
20260617,pullback_strengthening,801970.SI,环保,137,1,0.0072992700729927005,0.01,1,0,2,20260610
20260617,pullback_strengthening,801980.SI,美容护理,31,0,0.0,0.0,0,0,0,20260610
20260618,pullback_strengthening,801010.SI,农林牧渔,113,0,0.0,0.0,0,0,1,20260611
20260618,pullback_strengthening,801030.SI,基础化工,439,11,0.025056947608200455,0.11,8,3,8,20260611
20260618,pullback_strengthening,801040.SI,钢铁,44,0,0.0,0.0,0,0,0,20260611
20260618,pullback_strengthening,801050.SI,有色金属,143,2,0.013986013986013986,0.02,2,0,1,20260611
20260618,pullback_strengthening,801080.SI,电子,495,31,0.06262626262626263,0.31,19,12,29,20260611
20260618,pullback_strengthening,801110.SI,家用电器,102,5,0.049019607843137254,0.05,4,1,1,20260611
20260618,pullback_strengthening,801120.SI,食品饮料,127,1,0.007874015748031496,0.01,0,1,2,20260611
20260618,pullback_strengthening,801130.SI,纺织服饰,105,0,0.0,0.0,0,0,1,20260611
20260618,pullback_strengthening,801140.SI,轻工制造,168,0,0.0,0.0,0,0,1,20260611
20260618,pullback_strengthening,801150.SI,医药生物,503,5,0.009940357852882704,0.05,5,0,1,20260611
20260618,pullback_strengthening,801160.SI,公用事业,132,4,0.030303030303030304,0.04,3,1,1,20260611
20260618,pullback_strengthening,801170.SI,交通运输,127,0,0.0,0.0,0,0,0,20260611
20260618,pullback_strengthening,801180.SI,房地产,99,1,0.010101010101010102,0.01,1,0,0,20260611
20260618,pullback_strengthening,801200.SI,商贸零售,99,1,0.010101010101010102,0.01,1,0,0,20260611
20260618,pullback_strengthening,801210.SI,社会服务,85,2,0.023529411764705882,0.02,2,0,1,20260611
20260618,pullback_strengthening,801230.SI,综合,15,0,0.0,0.0,0,0,0,20260611
20260618,pullback_strengthening,801710.SI,建筑材料,75,2,0.02666666666666667,0.02,1,1,1,20260611
20260618,pullback_strengthening,801720.SI,建筑装饰,163,2,0.012269938650306749,0.02,2,0,0,20260611
20260618,pullback_strengthening,801730.SI,电力设备,399,7,0.017543859649122806,0.07,5,2,5,20260611
20260618,pullback_strengthening,801740.SI,国防军工,141,2,0.014184397163120567,0.02,2,0,0,20260611
20260618,pullback_strengthening,801750.SI,计算机,356,3,0.008426966292134831,0.03,2,1,2,20260611
20260618,pullback_strengthening,801760.SI,传媒,128,0,0.0,0.0,0,0,0,20260611
20260618,pullback_strengthening,801770.SI,通信,126,1,0.007936507936507936,0.01,1,0,2,20260611
20260618,pullback_strengthening,801780.SI,银行,42,0,0.0,0.0,0,0,0,20260611
20260618,pullback_strengthening,801790.SI,非银金融,82,0,0.0,0.0,0,0,0,20260611
20260618,pullback_strengthening,801880.SI,汽车,313,3,0.009584664536741214,0.03,3,0,3,20260611
20260618,pullback_strengthening,801890.SI,机械设备,593,16,0.026981450252951095,0.16,11,5,11,20260611
20260618,pullback_strengthening,801950.SI,煤炭,37,0,0.0,0.0,0,0,0,20260611
20260618,pullback_strengthening,801960.SI,石油石化,48,0,0.0,0.0,0,0,0,20260611
20260618,pullback_strengthening,801970.SI,环保,137,1,0.0072992700729927005,0.01,1,0,2,20260611
20260618,pullback_strengthening,801980.SI,美容护理,31,0,0.0,0.0,0,0,0,20260611
20260622,pullback_strengthening,801010.SI,农林牧渔,114,0,0.0,0.0,0,0,1,20260612
20260622,pullback_strengthening,801030.SI,基础化工,439,10,0.022779043280182234,0.1,6,4,6,20260612
20260622,pullback_strengthening,801040.SI,钢铁,44,0,0.0,0.0,0,0,0,20260612
20260622,pullback_strengthening,801050.SI,有色金属,144,3,0.020833333333333332,0.03,2,1,1,20260612
20260622,pullback_strengthening,801080.SI,电子,494,30,0.06072874493927125,0.3,22,8,29,20260612
20260622,pullback_strengthening,801110.SI,家用电器,103,6,0.05825242718446602,0.06,4,2,0,20260612
20260622,pullback_strengthening,801120.SI,食品饮料,127,1,0.007874015748031496,0.01,0,1,0,20260612
20260622,pullback_strengthening,801130.SI,纺织服饰,106,0,0.0,0.0,0,0,1,20260612
20260622,pullback_strengthening,801140.SI,轻工制造,168,1,0.005952380952380952,0.01,1,0,1,20260612
20260622,pullback_strengthening,801150.SI,医药生物,503,5,0.009940357852882704,0.05,4,1,1,20260612
20260622,pullback_strengthening,801160.SI,公用事业,132,4,0.030303030303030304,0.04,3,1,1,20260612
20260622,pullback_strengthening,801170.SI,交通运输,127,0,0.0,0.0,0,0,0,20260612
20260622,pullback_strengthening,801180.SI,房地产,99,1,0.010101010101010102,0.01,1,0,0,20260612
20260622,pullback_strengthening,801200.SI,商贸零售,99,0,0.0,0.0,0,0,0,20260612
20260622,pullback_strengthening,801210.SI,社会服务,85,2,0.023529411764705882,0.02,1,1,1,20260612
20260622,pullback_strengthening,801230.SI,综合,15,0,0.0,0.0,0,0,0,20260612
20260622,pullback_strengthening,801710.SI,建筑材料,75,1,0.013333333333333334,0.01,1,0,2,20260612
20260622,pullback_strengthening,801720.SI,建筑装饰,163,2,0.012269938650306749,0.02,2,0,0,20260612
20260622,pullback_strengthening,801730.SI,电力设备,399,7,0.017543859649122806,0.07,4,3,7,20260612
20260622,pullback_strengthening,801740.SI,国防军工,141,2,0.014184397163120567,0.02,2,0,0,20260612
20260622,pullback_strengthening,801750.SI,计算机,356,4,0.011235955056179775,0.04,3,1,2,20260612
20260622,pullback_strengthening,801760.SI,传媒,129,0,0.0,0.0,0,0,0,20260612
20260622,pullback_strengthening,801770.SI,通信,126,1,0.007936507936507936,0.01,0,1,3,20260612
20260622,pullback_strengthening,801780.SI,银行,42,0,0.0,0.0,0,0,0,20260612
20260622,pullback_strengthening,801790.SI,非银金融,82,0,0.0,0.0,0,0,0,20260612
20260622,pullback_strengthening,801880.SI,汽车,314,3,0.009554140127388535,0.03,3,0,2,20260612
20260622,pullback_strengthening,801890.SI,机械设备,595,16,0.02689075630252101,0.16,12,4,12,20260612
20260622,pullback_strengthening,801950.SI,煤炭,37,0,0.0,0.0,0,0,0,20260612
20260622,pullback_strengthening,801960.SI,石油石化,47,0,0.0,0.0,0,0,0,20260612
20260622,pullback_strengthening,801970.SI,环保,137,1,0.0072992700729927005,0.01,1,0,2,20260612
20260622,pullback_strengthening,801980.SI,美容护理,31,0,0.0,0.0,0,0,0,20260612
20260623,pullback_strengthening,801010.SI,农林牧渔,114,0,0.0,0.0,0,0,1,20260615
20260623,pullback_strengthening,801030.SI,基础化工,442,10,0.02262443438914027,0.1,6,4,6,20260615
20260623,pullback_strengthening,801040.SI,钢铁,44,0,0.0,0.0,0,0,0,20260615
20260623,pullback_strengthening,801050.SI,有色金属,144,4,0.027777777777777776,0.04,3,1,1,20260615
20260623,pullback_strengthening,801080.SI,电子,495,32,0.06464646464646465,0.32,21,11,26,20260615
20260623,pullback_strengthening,801110.SI,家用电器,103,5,0.04854368932038835,0.05,3,2,1,20260615
20260623,pullback_strengthening,801120.SI,食品饮料,126,0,0.0,0.0,0,0,1,20260615
20260623,pullback_strengthening,801130.SI,纺织服饰,106,0,0.0,0.0,0,0,0,20260615
20260623,pullback_strengthening,801140.SI,轻工制造,168,1,0.005952380952380952,0.01,1,0,1,20260615
20260623,pullback_strengthening,801150.SI,医药生物,503,5,0.009940357852882704,0.05,3,2,1,20260615
20260623,pullback_strengthening,801160.SI,公用事业,132,4,0.030303030303030304,0.04,3,1,1,20260615
20260623,pullback_strengthening,801170.SI,交通运输,128,0,0.0,0.0,0,0,0,20260615
20260623,pullback_strengthening,801180.SI,房地产,99,1,0.010101010101010102,0.01,0,1,0,20260615
20260623,pullback_strengthening,801200.SI,商贸零售,99,0,0.0,0.0,0,0,0,20260615
20260623,pullback_strengthening,801210.SI,社会服务,84,1,0.011904761904761904,0.01,1,0,2,20260615
20260623,pullback_strengthening,801230.SI,综合,15,0,0.0,0.0,0,0,0,20260615
20260623,pullback_strengthening,801710.SI,建筑材料,75,1,0.013333333333333334,0.01,1,0,1,20260615
20260623,pullback_strengthening,801720.SI,建筑装饰,163,2,0.012269938650306749,0.02,2,0,0,20260615
20260623,pullback_strengthening,801730.SI,电力设备,399,7,0.017543859649122806,0.07,3,4,6,20260615
20260623,pullback_strengthening,801740.SI,国防军工,141,2,0.014184397163120567,0.02,2,0,0,20260615
20260623,pullback_strengthening,801750.SI,计算机,357,3,0.008403361344537815,0.03,3,0,3,20260615
20260623,pullback_strengthening,801760.SI,传媒,129,0,0.0,0.0,0,0,0,20260615
20260623,pullback_strengthening,801770.SI,通信,127,2,0.015748031496062992,0.02,1,1,2,20260615
20260623,pullback_strengthening,801780.SI,银行,42,0,0.0,0.0,0,0,0,20260615
20260623,pullback_strengthening,801790.SI,非银金融,81,0,0.0,0.0,0,0,0,20260615
20260623,pullback_strengthening,801880.SI,汽车,314,3,0.009554140127388535,0.03,2,1,0,20260615
20260623,pullback_strengthening,801890.SI,机械设备,594,16,0.026936026936026935,0.16,11,5,12,20260615
20260623,pullback_strengthening,801950.SI,煤炭,37,0,0.0,0.0,0,0,0,20260615
20260623,pullback_strengthening,801960.SI,石油石化,48,0,0.0,0.0,0,0,0,20260615
20260623,pullback_strengthening,801970.SI,环保,137,1,0.0072992700729927005,0.01,0,1,1,20260615
20260623,pullback_strengthening,801980.SI,美容护理,31,0,0.0,0.0,0,0,0,20260615
20260624,pullback_strengthening,801010.SI,农林牧渔,114,0,0.0,0.0,0,0,0,20260616
20260624,pullback_strengthening,801030.SI,基础化工,442,10,0.02262443438914027,0.1,5,5,5,20260616
20260624,pullback_strengthening,801040.SI,钢铁,44,0,0.0,0.0,0,0,0,20260616
20260624,pullback_strengthening,801050.SI,有色金属,144,4,0.027777777777777776,0.04,3,1,1,20260616
20260624,pullback_strengthening,801080.SI,电子,495,32,0.06464646464646465,0.32,22,10,27,20260616
20260624,pullback_strengthening,801110.SI,家用电器,103,6,0.05825242718446602,0.06,4,2,1,20260616
20260624,pullback_strengthening,801120.SI,食品饮料,126,0,0.0,0.0,0,0,1,20260616
20260624,pullback_strengthening,801130.SI,纺织服饰,106,0,0.0,0.0,0,0,0,20260616
20260624,pullback_strengthening,801140.SI,轻工制造,168,1,0.005952380952380952,0.01,1,0,0,20260616
20260624,pullback_strengthening,801150.SI,医药生物,503,5,0.009940357852882704,0.05,3,2,1,20260616
20260624,pullback_strengthening,801160.SI,公用事业,132,3,0.022727272727272728,0.03,2,1,3,20260616
20260624,pullback_strengthening,801170.SI,交通运输,128,0,0.0,0.0,0,0,0,20260616
20260624,pullback_strengthening,801180.SI,房地产,99,1,0.010101010101010102,0.01,0,1,0,20260616
20260624,pullback_strengthening,801200.SI,商贸零售,99,0,0.0,0.0,0,0,1,20260616
20260624,pullback_strengthening,801210.SI,社会服务,83,1,0.012048192771084338,0.01,1,0,2,20260616
20260624,pullback_strengthening,801230.SI,综合,15,0,0.0,0.0,0,0,0,20260616
20260624,pullback_strengthening,801710.SI,建筑材料,75,1,0.013333333333333334,0.01,1,0,1,20260616
20260624,pullback_strengthening,801720.SI,建筑装饰,163,2,0.012269938650306749,0.02,1,1,0,20260616
20260624,pullback_strengthening,801730.SI,电力设备,399,7,0.017543859649122806,0.07,3,4,6,20260616
20260624,pullback_strengthening,801740.SI,国防军工,141,2,0.014184397163120567,0.02,2,0,0,20260616
20260624,pullback_strengthening,801750.SI,计算机,357,4,0.011204481792717087,0.04,4,0,1,20260616
20260624,pullback_strengthening,801760.SI,传媒,129,0,0.0,0.0,0,0,0,20260616
20260624,pullback_strengthening,801770.SI,通信,127,2,0.015748031496062992,0.02,1,1,1,20260616
20260624,pullback_strengthening,801780.SI,银行,42,0,0.0,0.0,0,0,0,20260616
20260624,pullback_strengthening,801790.SI,非银金融,81,0,0.0,0.0,0,0,0,20260616
20260624,pullback_strengthening,801880.SI,汽车,314,3,0.009554140127388535,0.03,1,2,0,20260616
20260624,pullback_strengthening,801890.SI,机械设备,593,15,0.025295109612141653,0.15,8,7,10,20260616
20260624,pullback_strengthening,801950.SI,煤炭,37,0,0.0,0.0,0,0,0,20260616
20260624,pullback_strengthening,801960.SI,石油石化,48,0,0.0,0.0,0,0,0,20260616
20260624,pullback_strengthening,801970.SI,环保,137,1,0.0072992700729927005,0.01,0,1,1,20260616
20260624,pullback_strengthening,801980.SI,美容护理,31,0,0.0,0.0,0,0,0,20260616
20260625,pullback_strengthening,801010.SI,农林牧渔,114,0,0.0,0.0,0,0,0,20260617
20260625,pullback_strengthening,801030.SI,基础化工,442,12,0.027149321266968326,0.12,6,6,5,20260617
20260625,pullback_strengthening,801040.SI,钢铁,44,0,0.0,0.0,0,0,0,20260617
20260625,pullback_strengthening,801050.SI,有色金属,144,5,0.034722222222222224,0.05,4,1,0,20260617
20260625,pullback_strengthening,801080.SI,电子,494,33,0.06680161943319839,0.33,21,12,26,20260617
20260625,pullback_strengthening,801110.SI,家用电器,103,4,0.038834951456310676,0.04,3,1,2,20260617
20260625,pullback_strengthening,801120.SI,食品饮料,126,0,0.0,0.0,0,0,1,20260617
20260625,pullback_strengthening,801130.SI,纺织服饰,105,1,0.009523809523809525,0.01,1,0,0,20260617
20260625,pullback_strengthening,801140.SI,轻工制造,168,1,0.005952380952380952,0.01,1,0,0,20260617
20260625,pullback_strengthening,801150.SI,医药生物,503,5,0.009940357852882704,0.05,1,4,0,20260617
20260625,pullback_strengthening,801160.SI,公用事业,132,3,0.022727272727272728,0.03,1,2,3,20260617
20260625,pullback_strengthening,801170.SI,交通运输,128,0,0.0,0.0,0,0,0,20260617
20260625,pullback_strengthening,801180.SI,房地产,99,1,0.010101010101010102,0.01,0,1,0,20260617
20260625,pullback_strengthening,801200.SI,商贸零售,99,0,0.0,0.0,0,0,1,20260617
20260625,pullback_strengthening,801210.SI,社会服务,83,1,0.012048192771084338,0.01,1,0,1,20260617
20260625,pullback_strengthening,801230.SI,综合,15,0,0.0,0.0,0,0,0,20260617
20260625,pullback_strengthening,801710.SI,建筑材料,75,1,0.013333333333333334,0.01,1,0,1,20260617
20260625,pullback_strengthening,801720.SI,建筑装饰,163,2,0.012269938650306749,0.02,1,1,0,20260617
20260625,pullback_strengthening,801730.SI,电力设备,399,4,0.010025062656641603,0.04,3,1,8,20260617
20260625,pullback_strengthening,801740.SI,国防军工,141,1,0.0070921985815602835,0.01,1,0,1,20260617
20260625,pullback_strengthening,801750.SI,计算机,356,4,0.011235955056179775,0.04,4,0,1,20260617
20260625,pullback_strengthening,801760.SI,传媒,131,0,0.0,0.0,0,0,0,20260617
20260625,pullback_strengthening,801770.SI,通信,127,1,0.007874015748031496,0.01,1,0,1,20260617
20260625,pullback_strengthening,801780.SI,银行,42,0,0.0,0.0,0,0,0,20260617
20260625,pullback_strengthening,801790.SI,非银金融,81,0,0.0,0.0,0,0,0,20260617
20260625,pullback_strengthening,801880.SI,汽车,314,3,0.009554140127388535,0.03,0,3,0,20260617
20260625,pullback_strengthening,801890.SI,机械设备,593,18,0.03035413153456998,0.18,9,9,7,20260617
20260625,pullback_strengthening,801950.SI,煤炭,37,0,0.0,0.0,0,0,0,20260617
20260625,pullback_strengthening,801960.SI,石油石化,48,0,0.0,0.0,0,0,0,20260617
20260625,pullback_strengthening,801970.SI,环保,137,0,0.0,0.0,0,0,1,20260617
20260625,pullback_strengthening,801980.SI,美容护理,31,0,0.0,0.0,0,0,0,20260617
20260626,pullback_strengthening,801010.SI,农林牧渔,113,0,0.0,0.0,0,0,0,20260618
20260626,pullback_strengthening,801030.SI,基础化工,442,11,0.024886877828054297,0.11,8,3,8,20260618
20260626,pullback_strengthening,801040.SI,钢铁,44,0,0.0,0.0,0,0,0,20260618
20260626,pullback_strengthening,801050.SI,有色金属,144,4,0.027777777777777776,0.04,2,2,0,20260618
20260626,pullback_strengthening,801080.SI,电子,495,36,0.07272727272727272,0.36,20,16,15,20260618
20260626,pullback_strengthening,801110.SI,家用电器,103,3,0.02912621359223301,0.03,1,2,3,20260618
20260626,pullback_strengthening,801120.SI,食品饮料,126,0,0.0,0.0,0,0,1,20260618
20260626,pullback_strengthening,801130.SI,纺织服饰,105,1,0.009523809523809525,0.01,1,0,0,20260618
20260626,pullback_strengthening,801140.SI,轻工制造,168,0,0.0,0.0,0,0,0,20260618
20260626,pullback_strengthening,801150.SI,医药生物,504,5,0.00992063492063492,0.05,0,5,0,20260618
20260626,pullback_strengthening,801160.SI,公用事业,131,1,0.007633587786259542,0.01,0,1,3,20260618
20260626,pullback_strengthening,801170.SI,交通运输,128,1,0.0078125,0.01,1,0,0,20260618
20260626,pullback_strengthening,801180.SI,房地产,99,1,0.010101010101010102,0.01,0,1,0,20260618
20260626,pullback_strengthening,801200.SI,商贸零售,99,0,0.0,0.0,0,0,1,20260618
20260626,pullback_strengthening,801210.SI,社会服务,83,1,0.012048192771084338,0.01,0,1,1,20260618
20260626,pullback_strengthening,801230.SI,综合,15,0,0.0,0.0,0,0,0,20260618
20260626,pullback_strengthening,801710.SI,建筑材料,75,1,0.013333333333333334,0.01,0,1,1,20260618
20260626,pullback_strengthening,801720.SI,建筑装饰,163,2,0.012269938650306749,0.02,0,2,0,20260618
20260626,pullback_strengthening,801730.SI,电力设备,399,4,0.010025062656641603,0.04,3,1,6,20260618
20260626,pullback_strengthening,801740.SI,国防军工,141,2,0.014184397163120567,0.02,1,1,1,20260618
20260626,pullback_strengthening,801750.SI,计算机,357,4,0.011204481792717087,0.04,3,1,2,20260618
20260626,pullback_strengthening,801760.SI,传媒,131,0,0.0,0.0,0,0,0,20260618
20260626,pullback_strengthening,801770.SI,通信,127,2,0.015748031496062992,0.02,2,0,1,20260618
20260626,pullback_strengthening,801780.SI,银行,42,0,0.0,0.0,0,0,0,20260618
20260626,pullback_strengthening,801790.SI,非银金融,81,0,0.0,0.0,0,0,0,20260618
20260626,pullback_strengthening,801880.SI,汽车,314,3,0.009554140127388535,0.03,0,3,0,20260618
20260626,pullback_strengthening,801890.SI,机械设备,593,18,0.03035413153456998,0.18,9,9,7,20260618
20260626,pullback_strengthening,801950.SI,煤炭,37,0,0.0,0.0,0,0,0,20260618
20260626,pullback_strengthening,801960.SI,石油石化,48,0,0.0,0.0,0,0,0,20260618
20260626,pullback_strengthening,801970.SI,环保,137,0,0.0,0.0,0,0,1,20260618
20260626,pullback_strengthening,801980.SI,美容护理,31,0,0.0,0.0,0,0,0,20260618
20260629,pullback_strengthening,801010.SI,农林牧渔,113,0,0.0,0.0,0,0,0,20260622
20260629,pullback_strengthening,801030.SI,基础化工,440,15,0.03409090909090909,0.15,11,4,6,20260622
20260629,pullback_strengthening,801040.SI,钢铁,44,0,0.0,0.0,0,0,0,20260622
20260629,pullback_strengthening,801050.SI,有色金属,144,4,0.027777777777777776,0.04,1,3,0,20260622
20260629,pullback_strengthening,801080.SI,电子,495,35,0.0707070707070707,0.35,15,20,10,20260622
20260629,pullback_strengthening,801110.SI,家用电器,103,3,0.02912621359223301,0.03,1,2,4,20260622
20260629,pullback_strengthening,801120.SI,食品饮料,126,0,0.0,0.0,0,0,1,20260622
20260629,pullback_strengthening,801130.SI,纺织服饰,105,1,0.009523809523809525,0.01,1,0,0,20260622
20260629,pullback_strengthening,801140.SI,轻工制造,168,0,0.0,0.0,0,0,1,20260622
20260629,pullback_strengthening,801150.SI,医药生物,504,4,0.007936507936507936,0.04,0,4,1,20260622
20260629,pullback_strengthening,801160.SI,公用事业,132,1,0.007575757575757576,0.01,0,1,3,20260622
20260629,pullback_strengthening,801170.SI,交通运输,128,1,0.0078125,0.01,1,0,0,20260622
20260629,pullback_strengthening,801180.SI,房地产,99,2,0.020202020202020204,0.02,1,1,0,20260622
20260629,pullback_strengthening,801200.SI,商贸零售,99,0,0.0,0.0,0,0,0,20260622
20260629,pullback_strengthening,801210.SI,社会服务,83,1,0.012048192771084338,0.01,0,1,1,20260622
20260629,pullback_strengthening,801230.SI,综合,15,0,0.0,0.0,0,0,0,20260622
20260629,pullback_strengthening,801710.SI,建筑材料,75,1,0.013333333333333334,0.01,1,0,1,20260622
20260629,pullback_strengthening,801720.SI,建筑装饰,163,1,0.006134969325153374,0.01,0,1,1,20260622
20260629,pullback_strengthening,801730.SI,电力设备,400,4,0.01,0.04,1,3,4,20260622
20260629,pullback_strengthening,801740.SI,国防军工,141,2,0.014184397163120567,0.02,1,1,1,20260622
20260629,pullback_strengthening,801750.SI,计算机,356,3,0.008426966292134831,0.03,1,2,2,20260622
20260629,pullback_strengthening,801760.SI,传媒,131,0,0.0,0.0,0,0,0,20260622
20260629,pullback_strengthening,801770.SI,通信,127,2,0.015748031496062992,0.02,2,0,1,20260622
20260629,pullback_strengthening,801780.SI,银行,42,0,0.0,0.0,0,0,0,20260622
20260629,pullback_strengthening,801790.SI,非银金融,81,0,0.0,0.0,0,0,0,20260622
20260629,pullback_strengthening,801880.SI,汽车,314,4,0.012738853503184714,0.04,1,3,0,20260622
20260629,pullback_strengthening,801890.SI,机械设备,592,16,0.02702702702702703,0.16,9,7,9,20260622
20260629,pullback_strengthening,801950.SI,煤炭,37,0,0.0,0.0,0,0,0,20260622
20260629,pullback_strengthening,801960.SI,石油石化,48,0,0.0,0.0,0,0,0,20260622
20260629,pullback_strengthening,801970.SI,环保,137,0,0.0,0.0,0,0,1,20260622
20260629,pullback_strengthening,801980.SI,美容护理,31,0,0.0,0.0,0,0,0,20260622
20260630,pullback_strengthening,801010.SI,农林牧渔,114,0,0.0,0.0,0,0,0,20260623
20260630,pullback_strengthening,801030.SI,基础化工,439,14,0.03189066059225513,0.14,10,4,6,20260623
20260630,pullback_strengthening,801040.SI,钢铁,44,0,0.0,0.0,0,0,0,20260623
20260630,pullback_strengthening,801050.SI,有色金属,144,3,0.020833333333333332,0.03,1,2,2,20260623
20260630,pullback_strengthening,801080.SI,电子,495,36,0.07272727272727272,0.36,14,22,10,20260623
20260630,pullback_strengthening,801110.SI,家用电器,103,4,0.038834951456310676,0.04,2,2,3,20260623
20260630,pullback_strengthening,801120.SI,食品饮料,126,0,0.0,0.0,0,0,0,20260623
20260630,pullback_strengthening,801130.SI,纺织服饰,105,1,0.009523809523809525,0.01,1,0,0,20260623
20260630,pullback_strengthening,801140.SI,轻工制造,167,0,0.0,0.0,0,0,1,20260623
20260630,pullback_strengthening,801150.SI,医药生物,504,2,0.003968253968253968,0.02,0,2,3,20260623
20260630,pullback_strengthening,801160.SI,公用事业,132,1,0.007575757575757576,0.01,0,1,3,20260623
20260630,pullback_strengthening,801170.SI,交通运输,128,0,0.0,0.0,0,0,0,20260623
20260630,pullback_strengthening,801180.SI,房地产,99,2,0.020202020202020204,0.02,1,1,0,20260623
20260630,pullback_strengthening,801200.SI,商贸零售,98,0,0.0,0.0,0,0,0,20260623
20260630,pullback_strengthening,801210.SI,社会服务,83,1,0.012048192771084338,0.01,0,1,0,20260623
20260630,pullback_strengthening,801230.SI,综合,15,0,0.0,0.0,0,0,0,20260623
20260630,pullback_strengthening,801710.SI,建筑材料,75,1,0.013333333333333334,0.01,1,0,1,20260623
20260630,pullback_strengthening,801720.SI,建筑装饰,162,1,0.006172839506172839,0.01,0,1,1,20260623
20260630,pullback_strengthening,801730.SI,电力设备,400,3,0.0075,0.03,1,2,5,20260623
20260630,pullback_strengthening,801740.SI,国防军工,141,2,0.014184397163120567,0.02,1,1,1,20260623
20260630,pullback_strengthening,801750.SI,计算机,357,3,0.008403361344537815,0.03,1,2,1,20260623
20260630,pullback_strengthening,801760.SI,传媒,130,0,0.0,0.0,0,0,0,20260623
20260630,pullback_strengthening,801770.SI,通信,127,5,0.03937007874015748,0.05,4,1,1,20260623
20260630,pullback_strengthening,801780.SI,银行,42,0,0.0,0.0,0,0,0,20260623
20260630,pullback_strengthening,801790.SI,非银金融,81,0,0.0,0.0,0,0,0,20260623
20260630,pullback_strengthening,801880.SI,汽车,314,3,0.009554140127388535,0.03,1,2,1,20260623
20260630,pullback_strengthening,801890.SI,机械设备,593,18,0.03035413153456998,0.18,8,10,6,20260623
20260630,pullback_strengthening,801950.SI,煤炭,37,0,0.0,0.0,0,0,0,20260623
20260630,pullback_strengthening,801960.SI,石油石化,48,0,0.0,0.0,0,0,0,20260623
20260630,pullback_strengthening,801970.SI,环保,136,0,0.0,0.0,0,0,1,20260623
20260630,pullback_strengthening,801980.SI,美容护理,31,0,0.0,0.0,0,0,0,20260623
20260701,pullback_strengthening,801010.SI,农林牧渔,114,0,0.0,0.0,0,0,0,20260624
20260701,pullback_strengthening,801030.SI,基础化工,440,13,0.029545454545454545,0.13,10,3,7,20260624
20260701,pullback_strengthening,801040.SI,钢铁,44,0,0.0,0.0,0,0,0,20260624
20260701,pullback_strengthening,801050.SI,有色金属,145,3,0.020689655172413793,0.03,1,2,2,20260624
20260701,pullback_strengthening,801080.SI,电子,497,33,0.06639839034205232,0.33,13,20,12,20260624
20260701,pullback_strengthening,801110.SI,家用电器,103,5,0.04854368932038835,0.05,2,3,3,20260624
20260701,pullback_strengthening,801120.SI,食品饮料,126,0,0.0,0.0,0,0,0,20260624
20260701,pullback_strengthening,801130.SI,纺织服饰,105,1,0.009523809523809525,0.01,1,0,0,20260624
20260701,pullback_strengthening,801140.SI,轻工制造,168,1,0.005952380952380952,0.01,1,0,1,20260624
20260701,pullback_strengthening,801150.SI,医药生物,504,2,0.003968253968253968,0.02,0,2,3,20260624
20260701,pullback_strengthening,801160.SI,公用事业,132,1,0.007575757575757576,0.01,0,1,2,20260624
20260701,pullback_strengthening,801170.SI,交通运输,128,0,0.0,0.0,0,0,0,20260624
20260701,pullback_strengthening,801180.SI,房地产,98,2,0.02040816326530612,0.02,1,1,0,20260624
20260701,pullback_strengthening,801200.SI,商贸零售,98,0,0.0,0.0,0,0,0,20260624
20260701,pullback_strengthening,801210.SI,社会服务,83,2,0.024096385542168676,0.02,1,1,0,20260624
20260701,pullback_strengthening,801230.SI,综合,15,0,0.0,0.0,0,0,0,20260624
20260701,pullback_strengthening,801710.SI,建筑材料,75,4,0.05333333333333334,0.04,4,0,1,20260624
20260701,pullback_strengthening,801720.SI,建筑装饰,163,0,0.0,0.0,0,0,2,20260624
20260701,pullback_strengthening,801730.SI,电力设备,401,3,0.007481296758104738,0.03,1,2,5,20260624
20260701,pullback_strengthening,801740.SI,国防军工,141,2,0.014184397163120567,0.02,1,1,1,20260624
20260701,pullback_strengthening,801750.SI,计算机,357,3,0.008403361344537815,0.03,0,3,1,20260624
20260701,pullback_strengthening,801760.SI,传媒,131,0,0.0,0.0,0,0,0,20260624
20260701,pullback_strengthening,801770.SI,通信,126,5,0.03968253968253968,0.05,4,1,1,20260624
20260701,pullback_strengthening,801780.SI,银行,42,0,0.0,0.0,0,0,0,20260624
20260701,pullback_strengthening,801790.SI,非银金融,81,0,0.0,0.0,0,0,0,20260624
20260701,pullback_strengthening,801880.SI,汽车,314,3,0.009554140127388535,0.03,1,2,1,20260624
20260701,pullback_strengthening,801890.SI,机械设备,593,17,0.02866779089376054,0.17,8,9,6,20260624
20260701,pullback_strengthening,801950.SI,煤炭,37,0,0.0,0.0,0,0,0,20260624
20260701,pullback_strengthening,801960.SI,石油石化,48,0,0.0,0.0,0,0,0,20260624
20260701,pullback_strengthening,801970.SI,环保,136,0,0.0,0.0,0,0,1,20260624
20260701,pullback_strengthening,801980.SI,美容护理,31,0,0.0,0.0,0,0,0,20260624
20260702,pullback_strengthening,801010.SI,农林牧渔,114,0,0.0,0.0,0,0,0,20260625
20260702,pullback_strengthening,801030.SI,基础化工,440,12,0.02727272727272727,0.12,8,4,8,20260625
20260702,pullback_strengthening,801040.SI,钢铁,44,0,0.0,0.0,0,0,0,20260625
20260702,pullback_strengthening,801050.SI,有色金属,145,4,0.027586206896551724,0.04,1,3,2,20260625
20260702,pullback_strengthening,801080.SI,电子,498,33,0.06626506024096386,0.33,12,21,12,20260625
20260702,pullback_strengthening,801110.SI,家用电器,103,5,0.04854368932038835,0.05,2,3,1,20260625
20260702,pullback_strengthening,801120.SI,食品饮料,126,0,0.0,0.0,0,0,0,20260625
20260702,pullback_strengthening,801130.SI,纺织服饰,106,1,0.009433962264150943,0.01,0,1,0,20260625
20260702,pullback_strengthening,801140.SI,轻工制造,168,1,0.005952380952380952,0.01,1,0,1,20260625
20260702,pullback_strengthening,801150.SI,医药生物,504,1,0.001984126984126984,0.01,0,1,4,20260625
20260702,pullback_strengthening,801160.SI,公用事业,132,1,0.007575757575757576,0.01,0,1,2,20260625
20260702,pullback_strengthening,801170.SI,交通运输,128,0,0.0,0.0,0,0,0,20260625
20260702,pullback_strengthening,801180.SI,房地产,99,2,0.020202020202020204,0.02,1,1,0,20260625
20260702,pullback_strengthening,801200.SI,商贸零售,98,0,0.0,0.0,0,0,0,20260625
20260702,pullback_strengthening,801210.SI,社会服务,83,2,0.024096385542168676,0.02,1,1,0,20260625
20260702,pullback_strengthening,801230.SI,综合,15,0,0.0,0.0,0,0,0,20260625
20260702,pullback_strengthening,801710.SI,建筑材料,75,3,0.04,0.03,3,0,1,20260625
20260702,pullback_strengthening,801720.SI,建筑装饰,163,0,0.0,0.0,0,0,2,20260625
20260702,pullback_strengthening,801730.SI,电力设备,401,4,0.00997506234413965,0.04,1,3,1,20260625
20260702,pullback_strengthening,801740.SI,国防军工,141,2,0.014184397163120567,0.02,1,1,0,20260625
20260702,pullback_strengthening,801750.SI,计算机,357,3,0.008403361344537815,0.03,0,3,1,20260625
20260702,pullback_strengthening,801760.SI,传媒,131,0,0.0,0.0,0,0,0,20260625
20260702,pullback_strengthening,801770.SI,通信,127,5,0.03937007874015748,0.05,4,1,0,20260625
20260702,pullback_strengthening,801780.SI,银行,42,0,0.0,0.0,0,0,0,20260625
20260702,pullback_strengthening,801790.SI,非银金融,81,0,0.0,0.0,0,0,0,20260625
20260702,pullback_strengthening,801880.SI,汽车,314,3,0.009554140127388535,0.03,1,2,1,20260625
20260702,pullback_strengthening,801890.SI,机械设备,594,18,0.030303030303030304,0.18,9,9,9,20260625
20260702,pullback_strengthening,801950.SI,煤炭,37,0,0.0,0.0,0,0,0,20260625
20260702,pullback_strengthening,801960.SI,石油石化,48,0,0.0,0.0,0,0,0,20260625
20260702,pullback_strengthening,801970.SI,环保,136,0,0.0,0.0,0,0,0,20260625
20260702,pullback_strengthening,801980.SI,美容护理,31,0,0.0,0.0,0,0,0,20260625
20260703,pullback_strengthening,801010.SI,农林牧渔,114,0,0.0,0.0,0,0,0,20260626
20260703,pullback_strengthening,801030.SI,基础化工,440,11,0.025,0.11,6,5,6,20260626
20260703,pullback_strengthening,801040.SI,钢铁,44,0,0.0,0.0,0,0,0,20260626
20260703,pullback_strengthening,801050.SI,有色金属,145,5,0.034482758620689655,0.05,2,3,1,20260626
20260703,pullback_strengthening,801080.SI,电子,498,34,0.06827309236947791,0.34,11,23,13,20260626
20260703,pullback_strengthening,801110.SI,家用电器,103,5,0.04854368932038835,0.05,2,3,0,20260626
20260703,pullback_strengthening,801120.SI,食品饮料,126,0,0.0,0.0,0,0,0,20260626
20260703,pullback_strengthening,801130.SI,纺织服饰,106,1,0.009433962264150943,0.01,0,1,0,20260626
20260703,pullback_strengthening,801140.SI,轻工制造,168,1,0.005952380952380952,0.01,1,0,0,20260626
20260703,pullback_strengthening,801150.SI,医药生物,504,1,0.001984126984126984,0.01,0,1,4,20260626
20260703,pullback_strengthening,801160.SI,公用事业,132,0,0.0,0.0,0,0,1,20260626
20260703,pullback_strengthening,801170.SI,交通运输,128,0,0.0,0.0,0,0,1,20260626
20260703,pullback_strengthening,801180.SI,房地产,99,2,0.020202020202020204,0.02,2,0,1,20260626
20260703,pullback_strengthening,801200.SI,商贸零售,98,0,0.0,0.0,0,0,0,20260626
20260703,pullback_strengthening,801210.SI,社会服务,83,2,0.024096385542168676,0.02,1,1,0,20260626
20260703,pullback_strengthening,801230.SI,综合,15,0,0.0,0.0,0,0,0,20260626
20260703,pullback_strengthening,801710.SI,建筑材料,75,3,0.04,0.03,3,0,1,20260626
20260703,pullback_strengthening,801720.SI,建筑装饰,162,2,0.012345679012345678,0.02,2,0,2,20260626
20260703,pullback_strengthening,801730.SI,电力设备,401,3,0.007481296758104738,0.03,1,2,2,20260626
20260703,pullback_strengthening,801740.SI,国防军工,141,2,0.014184397163120567,0.02,0,2,0,20260626
20260703,pullback_strengthening,801750.SI,计算机,357,3,0.008403361344537815,0.03,0,3,1,20260626
20260703,pullback_strengthening,801760.SI,传媒,131,0,0.0,0.0,0,0,0,20260626
20260703,pullback_strengthening,801770.SI,通信,127,3,0.023622047244094488,0.03,1,2,0,20260626
20260703,pullback_strengthening,801780.SI,银行,42,0,0.0,0.0,0,0,0,20260626
20260703,pullback_strengthening,801790.SI,非银金融,81,0,0.0,0.0,0,0,0,20260626
20260703,pullback_strengthening,801880.SI,汽车,314,3,0.009554140127388535,0.03,1,2,1,20260626
20260703,pullback_strengthening,801890.SI,机械设备,594,19,0.03198653198653199,0.19,9,10,8,20260626
20260703,pullback_strengthening,801950.SI,煤炭,37,0,0.0,0.0,0,0,0,20260626
20260703,pullback_strengthening,801960.SI,石油石化,48,0,0.0,0.0,0,0,0,20260626
20260703,pullback_strengthening,801970.SI,环保,136,0,0.0,0.0,0,0,0,20260626
20260703,pullback_strengthening,801980.SI,美容护理,31,0,0.0,0.0,0,0,0,20260626
20260706,pullback_strengthening,801010.SI,农林牧渔,114,0,0.0,0.0,0,0,0,20260629
20260706,pullback_strengthening,801030.SI,基础化工,441,13,0.02947845804988662,0.13,4,9,6,20260629
20260706,pullback_strengthening,801040.SI,钢铁,44,0,0.0,0.0,0,0,0,20260629
20260706,pullback_strengthening,801050.SI,有色金属,145,4,0.027586206896551724,0.04,2,2,2,20260629
20260706,pullback_strengthening,801080.SI,电子,499,34,0.06813627254509018,0.34,12,22,13,20260629
20260706,pullback_strengthening,801110.SI,家用电器,103,5,0.04854368932038835,0.05,2,3,0,20260629
20260706,pullback_strengthening,801120.SI,食品饮料,126,0,0.0,0.0,0,0,0,20260629
20260706,pullback_strengthening,801130.SI,纺织服饰,106,1,0.009433962264150943,0.01,0,1,0,20260629
20260706,pullback_strengthening,801140.SI,轻工制造,168,1,0.005952380952380952,0.01,1,0,0,20260629
20260706,pullback_strengthening,801150.SI,医药生物,504,1,0.001984126984126984,0.01,0,1,3,20260629
20260706,pullback_strengthening,801160.SI,公用事业,132,0,0.0,0.0,0,0,1,20260629
20260706,pullback_strengthening,801170.SI,交通运输,128,0,0.0,0.0,0,0,1,20260629
20260706,pullback_strengthening,801180.SI,房地产,99,2,0.020202020202020204,0.02,1,1,1,20260629
20260706,pullback_strengthening,801200.SI,商贸零售,98,1,0.01020408163265306,0.01,1,0,0,20260629
20260706,pullback_strengthening,801210.SI,社会服务,83,1,0.012048192771084338,0.01,1,0,1,20260629
20260706,pullback_strengthening,801230.SI,综合,15,0,0.0,0.0,0,0,0,20260629
20260706,pullback_strengthening,801710.SI,建筑材料,75,3,0.04,0.03,2,1,0,20260629
20260706,pullback_strengthening,801720.SI,建筑装饰,162,1,0.006172839506172839,0.01,1,0,1,20260629
20260706,pullback_strengthening,801730.SI,电力设备,400,3,0.0075,0.03,1,2,2,20260629
20260706,pullback_strengthening,801740.SI,国防军工,141,1,0.0070921985815602835,0.01,0,1,1,20260629
20260706,pullback_strengthening,801750.SI,计算机,357,3,0.008403361344537815,0.03,0,3,0,20260629
20260706,pullback_strengthening,801760.SI,传媒,131,0,0.0,0.0,0,0,0,20260629
20260706,pullback_strengthening,801770.SI,通信,127,4,0.031496062992125984,0.04,2,2,0,20260629
20260706,pullback_strengthening,801780.SI,银行,42,0,0.0,0.0,0,0,0,20260629
20260706,pullback_strengthening,801790.SI,非银金融,81,0,0.0,0.0,0,0,0,20260629
20260706,pullback_strengthening,801880.SI,汽车,314,2,0.006369426751592357,0.02,0,2,2,20260629
20260706,pullback_strengthening,801890.SI,机械设备,594,20,0.03367003367003367,0.2,10,10,6,20260629
20260706,pullback_strengthening,801950.SI,煤炭,37,0,0.0,0.0,0,0,0,20260629
20260706,pullback_strengthening,801960.SI,石油石化,48,0,0.0,0.0,0,0,0,20260629
20260706,pullback_strengthening,801970.SI,环保,136,0,0.0,0.0,0,0,0,20260629
20260706,pullback_strengthening,801980.SI,美容护理,31,0,0.0,0.0,0,0,0,20260629
20260707,pullback_strengthening,801010.SI,农林牧渔,114,0,0.0,0.0,0,0,0,20260630
20260707,pullback_strengthening,801030.SI,基础化工,440,12,0.02727272727272727,0.12,4,8,6,20260630
20260707,pullback_strengthening,801040.SI,钢铁,44,0,0.0,0.0,0,0,0,20260630
20260707,pullback_strengthening,801050.SI,有色金属,145,4,0.027586206896551724,0.04,2,2,1,20260630
20260707,pullback_strengthening,801080.SI,电子,499,34,0.06813627254509018,0.34,13,21,15,20260630
20260707,pullback_strengthening,801110.SI,家用电器,103,3,0.02912621359223301,0.03,1,2,2,20260630
20260707,pullback_strengthening,801120.SI,食品饮料,126,0,0.0,0.0,0,0,0,20260630
20260707,pullback_strengthening,801130.SI,纺织服饰,107,1,0.009345794392523364,0.01,0,1,0,20260630
20260707,pullback_strengthening,801140.SI,轻工制造,168,1,0.005952380952380952,0.01,1,0,0,20260630
20260707,pullback_strengthening,801150.SI,医药生物,504,1,0.001984126984126984,0.01,0,1,1,20260630
20260707,pullback_strengthening,801160.SI,公用事业,132,0,0.0,0.0,0,0,1,20260630
20260707,pullback_strengthening,801170.SI,交通运输,128,0,0.0,0.0,0,0,0,20260630
20260707,pullback_strengthening,801180.SI,房地产,99,3,0.030303030303030304,0.03,2,1,1,20260630
20260707,pullback_strengthening,801200.SI,商贸零售,98,0,0.0,0.0,0,0,0,20260630
20260707,pullback_strengthening,801210.SI,社会服务,83,1,0.012048192771084338,0.01,1,0,1,20260630
20260707,pullback_strengthening,801230.SI,综合,15,0,0.0,0.0,0,0,0,20260630
20260707,pullback_strengthening,801710.SI,建筑材料,75,3,0.04,0.03,2,1,0,20260630
20260707,pullback_strengthening,801720.SI,建筑装饰,162,1,0.006172839506172839,0.01,1,0,1,20260630
20260707,pullback_strengthening,801730.SI,电力设备,400,4,0.01,0.04,2,2,1,20260630
20260707,pullback_strengthening,801740.SI,国防军工,141,2,0.014184397163120567,0.02,1,1,1,20260630
20260707,pullback_strengthening,801750.SI,计算机,357,3,0.008403361344537815,0.03,0,3,0,20260630
20260707,pullback_strengthening,801760.SI,传媒,131,0,0.0,0.0,0,0,0,20260630
20260707,pullback_strengthening,801770.SI,通信,127,4,0.031496062992125984,0.04,1,3,2,20260630
20260707,pullback_strengthening,801780.SI,银行,42,0,0.0,0.0,0,0,0,20260630
20260707,pullback_strengthening,801790.SI,非银金融,81,0,0.0,0.0,0,0,0,20260630
20260707,pullback_strengthening,801880.SI,汽车,315,2,0.006349206349206349,0.02,1,1,2,20260630
20260707,pullback_strengthening,801890.SI,机械设备,595,21,0.03529411764705882,0.21,9,12,6,20260630
20260707,pullback_strengthening,801950.SI,煤炭,37,0,0.0,0.0,0,0,0,20260630
20260707,pullback_strengthening,801960.SI,石油石化,48,0,0.0,0.0,0,0,0,20260630
20260707,pullback_strengthening,801970.SI,环保,136,0,0.0,0.0,0,0,0,20260630
20260707,pullback_strengthening,801980.SI,美容护理,31,0,0.0,0.0,0,0,0,20260630
20260708,pullback_strengthening,801010.SI,农林牧渔,114,0,0.0,0.0,0,0,0,20260701
20260708,pullback_strengthening,801030.SI,基础化工,440,10,0.022727272727272728,0.1,3,7,6,20260701
20260708,pullback_strengthening,801040.SI,钢铁,44,0,0.0,0.0,0,0,0,20260701
20260708,pullback_strengthening,801050.SI,有色金属,145,6,0.041379310344827586,0.06,4,2,1,20260701
20260708,pullback_strengthening,801080.SI,电子,499,36,0.07214428857715431,0.36,15,21,12,20260701
20260708,pullback_strengthening,801110.SI,家用电器,103,2,0.019417475728155338,0.02,0,2,3,20260701
20260708,pullback_strengthening,801120.SI,食品饮料,126,0,0.0,0.0,0,0,0,20260701
20260708,pullback_strengthening,801130.SI,纺织服饰,107,1,0.009345794392523364,0.01,0,1,0,20260701
20260708,pullback_strengthening,801140.SI,轻工制造,168,0,0.0,0.0,0,0,1,20260701
20260708,pullback_strengthening,801150.SI,医药生物,503,0,0.0,0.0,0,0,2,20260701
20260708,pullback_strengthening,801160.SI,公用事业,132,1,0.007575757575757576,0.01,1,0,1,20260701
20260708,pullback_strengthening,801170.SI,交通运输,128,0,0.0,0.0,0,0,0,20260701
20260708,pullback_strengthening,801180.SI,房地产,99,3,0.030303030303030304,0.03,2,1,1,20260701
20260708,pullback_strengthening,801200.SI,商贸零售,98,0,0.0,0.0,0,0,0,20260701
20260708,pullback_strengthening,801210.SI,社会服务,84,1,0.011904761904761904,0.01,0,1,1,20260701
20260708,pullback_strengthening,801230.SI,综合,15,0,0.0,0.0,0,0,0,20260701
20260708,pullback_strengthening,801710.SI,建筑材料,75,3,0.04,0.03,0,3,1,20260701
20260708,pullback_strengthening,801720.SI,建筑装饰,162,1,0.006172839506172839,0.01,1,0,0,20260701
20260708,pullback_strengthening,801730.SI,电力设备,401,4,0.00997506234413965,0.04,2,2,1,20260701
20260708,pullback_strengthening,801740.SI,国防军工,141,2,0.014184397163120567,0.02,1,1,1,20260701
20260708,pullback_strengthening,801750.SI,计算机,357,3,0.008403361344537815,0.03,0,3,0,20260701
20260708,pullback_strengthening,801760.SI,传媒,131,0,0.0,0.0,0,0,0,20260701
20260708,pullback_strengthening,801770.SI,通信,127,4,0.031496062992125984,0.04,1,3,2,20260701
20260708,pullback_strengthening,801780.SI,银行,42,0,0.0,0.0,0,0,0,20260701
20260708,pullback_strengthening,801790.SI,非银金融,81,0,0.0,0.0,0,0,0,20260701
20260708,pullback_strengthening,801880.SI,汽车,315,3,0.009523809523809525,0.03,2,1,2,20260701
20260708,pullback_strengthening,801890.SI,机械设备,595,20,0.03361344537815126,0.2,8,12,5,20260701
20260708,pullback_strengthening,801950.SI,煤炭,37,0,0.0,0.0,0,0,0,20260701
20260708,pullback_strengthening,801960.SI,石油石化,48,0,0.0,0.0,0,0,0,20260701
20260708,pullback_strengthening,801970.SI,环保,136,0,0.0,0.0,0,0,0,20260701
20260708,pullback_strengthening,801980.SI,美容护理,31,0,0.0,0.0,0,0,0,20260701
20260709,pullback_strengthening,801010.SI,农林牧渔,114,0,0.0,0.0,0,0,0,20260702
20260709,pullback_strengthening,801030.SI,基础化工,440,11,0.025,0.11,4,7,5,20260702
20260709,pullback_strengthening,801040.SI,钢铁,44,0,0.0,0.0,0,0,0,20260702
20260709,pullback_strengthening,801050.SI,有色金属,145,5,0.034482758620689655,0.05,3,2,2,20260702
20260709,pullback_strengthening,801080.SI,电子,499,39,0.0781563126252505,0.39,16,23,10,20260702
20260709,pullback_strengthening,801110.SI,家用电器,103,1,0.009708737864077669,0.01,0,1,4,20260702
20260709,pullback_strengthening,801120.SI,食品饮料,126,0,0.0,0.0,0,0,0,20260702
20260709,pullback_strengthening,801130.SI,纺织服饰,107,1,0.009345794392523364,0.01,0,1,0,20260702
20260709,pullback_strengthening,801140.SI,轻工制造,168,0,0.0,0.0,0,0,1,20260702
20260709,pullback_strengthening,801150.SI,医药生物,503,0,0.0,0.0,0,0,1,20260702
20260709,pullback_strengthening,801160.SI,公用事业,133,1,0.007518796992481203,0.01,1,0,1,20260702
20260709,pullback_strengthening,801170.SI,交通运输,128,0,0.0,0.0,0,0,0,20260702
20260709,pullback_strengthening,801180.SI,房地产,99,2,0.020202020202020204,0.02,2,0,2,20260702
20260709,pullback_strengthening,801200.SI,商贸零售,98,0,0.0,0.0,0,0,0,20260702
20260709,pullback_strengthening,801210.SI,社会服务,84,1,0.011904761904761904,0.01,0,1,1,20260702
20260709,pullback_strengthening,801230.SI,综合,15,0,0.0,0.0,0,0,0,20260702
20260709,pullback_strengthening,801710.SI,建筑材料,76,4,0.05263157894736842,0.04,1,3,0,20260702
20260709,pullback_strengthening,801720.SI,建筑装饰,162,1,0.006172839506172839,0.01,1,0,0,20260702
20260709,pullback_strengthening,801730.SI,电力设备,401,3,0.007481296758104738,0.03,0,3,1,20260702
20260709,pullback_strengthening,801740.SI,国防军工,141,1,0.0070921985815602835,0.01,0,1,1,20260702
20260709,pullback_strengthening,801750.SI,计算机,358,3,0.008379888268156424,0.03,0,3,0,20260702
20260709,pullback_strengthening,801760.SI,传媒,131,0,0.0,0.0,0,0,0,20260702
20260709,pullback_strengthening,801770.SI,通信,127,4,0.031496062992125984,0.04,1,3,2,20260702
20260709,pullback_strengthening,801780.SI,银行,42,0,0.0,0.0,0,0,0,20260702
20260709,pullback_strengthening,801790.SI,非银金融,81,1,0.012345679012345678,0.01,1,0,0,20260702
20260709,pullback_strengthening,801880.SI,汽车,315,2,0.006349206349206349,0.02,2,0,3,20260702
20260709,pullback_strengthening,801890.SI,机械设备,594,20,0.03367003367003367,0.2,6,14,4,20260702
20260709,pullback_strengthening,801950.SI,煤炭,37,0,0.0,0.0,0,0,0,20260702
20260709,pullback_strengthening,801960.SI,石油石化,48,0,0.0,0.0,0,0,0,20260702
20260709,pullback_strengthening,801970.SI,环保,136,0,0.0,0.0,0,0,0,20260702
20260709,pullback_strengthening,801980.SI,美容护理,31,0,0.0,0.0,0,0,0,20260702
20260710,pullback_strengthening,801010.SI,农林牧渔,114,0,0.0,0.0,0,0,0,20260703
20260710,pullback_strengthening,801030.SI,基础化工,440,11,0.025,0.11,5,6,5,20260703
20260710,pullback_strengthening,801040.SI,钢铁,44,0,0.0,0.0,0,0,0,20260703
20260710,pullback_strengthening,801050.SI,有色金属,145,5,0.034482758620689655,0.05,2,3,2,20260703
20260710,pullback_strengthening,801080.SI,电子,501,40,0.07984031936127745,0.4,20,20,14,20260703
20260710,pullback_strengthening,801110.SI,家用电器,102,1,0.00980392156862745,0.01,0,1,4,20260703
20260710,pullback_strengthening,801120.SI,食品饮料,126,0,0.0,0.0,0,0,0,20260703
20260710,pullback_strengthening,801130.SI,纺织服饰,108,1,0.009259259259259259,0.01,0,1,0,20260703
20260710,pullback_strengthening,801140.SI,轻工制造,168,0,0.0,0.0,0,0,1,20260703
20260710,pullback_strengthening,801150.SI,医药生物,503,1,0.0019880715705765406,0.01,1,0,1,20260703
20260710,pullback_strengthening,801160.SI,公用事业,133,1,0.007518796992481203,0.01,1,0,0,20260703
20260710,pullback_strengthening,801170.SI,交通运输,128,0,0.0,0.0,0,0,0,20260703
20260710,pullback_strengthening,801180.SI,房地产,99,2,0.020202020202020204,0.02,1,1,1,20260703
20260710,pullback_strengthening,801200.SI,商贸零售,98,0,0.0,0.0,0,0,0,20260703
20260710,pullback_strengthening,801210.SI,社会服务,84,2,0.023809523809523808,0.02,1,1,1,20260703
20260710,pullback_strengthening,801230.SI,综合,15,0,0.0,0.0,0,0,0,20260703
20260710,pullback_strengthening,801710.SI,建筑材料,76,4,0.05263157894736842,0.04,1,3,0,20260703
20260710,pullback_strengthening,801720.SI,建筑装饰,162,2,0.012345679012345678,0.02,1,1,1,20260703
20260710,pullback_strengthening,801730.SI,电力设备,401,3,0.007481296758104738,0.03,1,2,1,20260703
20260710,pullback_strengthening,801740.SI,国防军工,141,1,0.0070921985815602835,0.01,0,1,1,20260703
20260710,pullback_strengthening,801750.SI,计算机,358,2,0.00558659217877095,0.02,0,2,1,20260703
20260710,pullback_strengthening,801760.SI,传媒,131,0,0.0,0.0,0,0,0,20260703
20260710,pullback_strengthening,801770.SI,通信,127,1,0.007874015748031496,0.01,0,1,2,20260703
20260710,pullback_strengthening,801780.SI,银行,42,0,0.0,0.0,0,0,0,20260703
20260710,pullback_strengthening,801790.SI,非银金融,81,1,0.012345679012345678,0.01,1,0,0,20260703
20260710,pullback_strengthening,801880.SI,汽车,315,2,0.006349206349206349,0.02,2,0,3,20260703
20260710,pullback_strengthening,801890.SI,机械设备,594,20,0.03367003367003367,0.2,4,16,3,20260703
20260710,pullback_strengthening,801950.SI,煤炭,37,0,0.0,0.0,0,0,0,20260703
20260710,pullback_strengthening,801960.SI,石油石化,48,0,0.0,0.0,0,0,0,20260703
20260710,pullback_strengthening,801970.SI,环保,136,0,0.0,0.0,0,0,0,20260703
20260710,pullback_strengthening,801980.SI,美容护理,31,0,0.0,0.0,0,0,0,20260703
20260713,pullback_strengthening,801010.SI,农林牧渔,114,1,0.008771929824561403,0.01,1,0,0,20260706
20260713,pullback_strengthening,801030.SI,基础化工,441,13,0.02947845804988662,0.13,6,7,6,20260706
20260713,pullback_strengthening,801040.SI,钢铁,44,0,0.0,0.0,0,0,0,20260706
20260713,pullback_strengthening,801050.SI,有色金属,145,5,0.034482758620689655,0.05,2,3,1,20260706
20260713,pullback_strengthening,801080.SI,电子,502,42,0.08366533864541832,0.42,20,22,12,20260706
20260713,pullback_strengthening,801110.SI,家用电器,101,1,0.009900990099009901,0.01,0,1,4,20260706
20260713,pullback_strengthening,801120.SI,食品饮料,126,0,0.0,0.0,0,0,0,20260706
20260713,pullback_strengthening,801130.SI,纺织服饰,108,1,0.009259259259259259,0.01,0,1,0,20260706
20260713,pullback_strengthening,801140.SI,轻工制造,168,0,0.0,0.0,0,0,1,20260706
20260713,pullback_strengthening,801150.SI,医药生物,503,2,0.003976143141153081,0.02,2,0,1,20260706
20260713,pullback_strengthening,801160.SI,公用事业,133,1,0.007518796992481203,0.01,1,0,0,20260706
20260713,pullback_strengthening,801170.SI,交通运输,128,0,0.0,0.0,0,0,0,20260706
20260713,pullback_strengthening,801180.SI,房地产,99,2,0.020202020202020204,0.02,1,1,1,20260706
20260713,pullback_strengthening,801200.SI,商贸零售,98,0,0.0,0.0,0,0,1,20260706
20260713,pullback_strengthening,801210.SI,社会服务,84,1,0.011904761904761904,0.01,1,0,1,20260706
20260713,pullback_strengthening,801230.SI,综合,15,0,0.0,0.0,0,0,0,20260706
20260713,pullback_strengthening,801710.SI,建筑材料,76,4,0.05263157894736842,0.04,1,3,0,20260706
20260713,pullback_strengthening,801720.SI,建筑装饰,162,2,0.012345679012345678,0.02,1,1,0,20260706
20260713,pullback_strengthening,801730.SI,电力设备,402,2,0.004975124378109453,0.02,1,1,2,20260706
20260713,pullback_strengthening,801740.SI,国防军工,141,1,0.0070921985815602835,0.01,0,1,0,20260706
20260713,pullback_strengthening,801750.SI,计算机,358,2,0.00558659217877095,0.02,0,2,1,20260706
20260713,pullback_strengthening,801760.SI,传媒,131,0,0.0,0.0,0,0,0,20260706
20260713,pullback_strengthening,801770.SI,通信,127,1,0.007874015748031496,0.01,0,1,3,20260706
20260713,pullback_strengthening,801780.SI,银行,42,0,0.0,0.0,0,0,0,20260706
20260713,pullback_strengthening,801790.SI,非银金融,81,1,0.012345679012345678,0.01,1,0,0,20260706
20260713,pullback_strengthening,801880.SI,汽车,315,1,0.0031746031746031746,0.01,1,0,2,20260706
20260713,pullback_strengthening,801890.SI,机械设备,595,17,0.02857142857142857,0.17,4,13,7,20260706
20260713,pullback_strengthening,801950.SI,煤炭,37,0,0.0,0.0,0,0,0,20260706
20260713,pullback_strengthening,801960.SI,石油石化,48,0,0.0,0.0,0,0,0,20260706
20260713,pullback_strengthening,801970.SI,环保,136,0,0.0,0.0,0,0,0,20260706
20260713,pullback_strengthening,801980.SI,美容护理,31,0,0.0,0.0,0,0,0,20260706
20260714,pullback_strengthening,801010.SI,农林牧渔,114,1,0.008771929824561403,0.01,1,0,0,20260707
20260714,pullback_strengthening,801030.SI,基础化工,442,15,0.033936651583710405,0.15,8,7,5,20260707
20260714,pullback_strengthening,801040.SI,钢铁,44,0,0.0,0.0,0,0,0,20260707
20260714,pullback_strengthening,801050.SI,有色金属,145,5,0.034482758620689655,0.05,2,3,1,20260707
20260714,pullback_strengthening,801080.SI,电子,501,39,0.07784431137724551,0.39,20,19,15,20260707
20260714,pullback_strengthening,801110.SI,家用电器,102,1,0.00980392156862745,0.01,0,1,2,20260707
20260714,pullback_strengthening,801120.SI,食品饮料,126,0,0.0,0.0,0,0,0,20260707
20260714,pullback_strengthening,801130.SI,纺织服饰,108,1,0.009259259259259259,0.01,0,1,0,20260707
20260714,pullback_strengthening,801140.SI,轻工制造,168,0,0.0,0.0,0,0,1,20260707
20260714,pullback_strengthening,801150.SI,医药生物,503,2,0.003976143141153081,0.02,2,0,1,20260707
20260714,pullback_strengthening,801160.SI,公用事业,133,1,0.007518796992481203,0.01,1,0,0,20260707
20260714,pullback_strengthening,801170.SI,交通运输,128,0,0.0,0.0,0,0,0,20260707
20260714,pullback_strengthening,801180.SI,房地产,99,1,0.010101010101010102,0.01,0,1,2,20260707
20260714,pullback_strengthening,801200.SI,商贸零售,98,0,0.0,0.0,0,0,0,20260707
20260714,pullback_strengthening,801210.SI,社会服务,84,1,0.011904761904761904,0.01,1,0,1,20260707
20260714,pullback_strengthening,801230.SI,综合,15,0,0.0,0.0,0,0,0,20260707
20260714,pullback_strengthening,801710.SI,建筑材料,76,4,0.05263157894736842,0.04,1,3,0,20260707
20260714,pullback_strengthening,801720.SI,建筑装饰,162,2,0.012345679012345678,0.02,1,1,0,20260707
20260714,pullback_strengthening,801730.SI,电力设备,401,1,0.0024937655860349127,0.01,1,0,4,20260707
20260714,pullback_strengthening,801740.SI,国防军工,141,1,0.0070921985815602835,0.01,0,1,1,20260707
20260714,pullback_strengthening,801750.SI,计算机,357,1,0.0028011204481792717,0.01,0,1,2,20260707
20260714,pullback_strengthening,801760.SI,传媒,131,0,0.0,0.0,0,0,0,20260707
20260714,pullback_strengthening,801770.SI,通信,127,1,0.007874015748031496,0.01,1,0,4,20260707
20260714,pullback_strengthening,801780.SI,银行,42,0,0.0,0.0,0,0,0,20260707
20260714,pullback_strengthening,801790.SI,非银金融,81,3,0.037037037037037035,0.03,3,0,0,20260707
20260714,pullback_strengthening,801880.SI,汽车,315,2,0.006349206349206349,0.02,2,0,2,20260707
20260714,pullback_strengthening,801890.SI,机械设备,596,18,0.030201342281879196,0.18,5,13,8,20260707
20260714,pullback_strengthening,801950.SI,煤炭,37,0,0.0,0.0,0,0,0,20260707
20260714,pullback_strengthening,801960.SI,石油石化,48,0,0.0,0.0,0,0,0,20260707
20260714,pullback_strengthening,801970.SI,环保,136,0,0.0,0.0,0,0,0,20260707
20260714,pullback_strengthening,801980.SI,美容护理,31,0,0.0,0.0,0,0,0,20260707
20260715,pullback_strengthening,801010.SI,农林牧渔,114,1,0.008771929824561403,0.01,1,0,0,20260708
20260715,pullback_strengthening,801030.SI,基础化工,442,15,0.033936651583710405,0.15,9,6,4,20260708
20260715,pullback_strengthening,801040.SI,钢铁,44,0,0.0,0.0,0,0,0,20260708
20260715,pullback_strengthening,801050.SI,有色金属,145,5,0.034482758620689655,0.05,1,4,2,20260708
20260715,pullback_strengthening,801080.SI,电子,501,37,0.07385229540918163,0.37,17,20,16,20260708
20260715,pullback_strengthening,801110.SI,家用电器,102,1,0.00980392156862745,0.01,0,1,1,20260708
20260715,pullback_strengthening,801120.SI,食品饮料,126,0,0.0,0.0,0,0,0,20260708
20260715,pullback_strengthening,801130.SI,纺织服饰,108,1,0.009259259259259259,0.01,0,1,0,20260708
20260715,pullback_strengthening,801140.SI,轻工制造,168,0,0.0,0.0,0,0,0,20260708
20260715,pullback_strengthening,801150.SI,医药生物,503,2,0.003976143141153081,0.02,2,0,0,20260708
20260715,pullback_strengthening,801160.SI,公用事业,133,1,0.007518796992481203,0.01,0,1,0,20260708
20260715,pullback_strengthening,801170.SI,交通运输,128,0,0.0,0.0,0,0,0,20260708
20260715,pullback_strengthening,801180.SI,房地产,99,1,0.010101010101010102,0.01,0,1,2,20260708
20260715,pullback_strengthening,801200.SI,商贸零售,98,0,0.0,0.0,0,0,0,20260708
20260715,pullback_strengthening,801210.SI,社会服务,84,1,0.011904761904761904,0.01,1,0,1,20260708
20260715,pullback_strengthening,801230.SI,综合,15,0,0.0,0.0,0,0,0,20260708
20260715,pullback_strengthening,801710.SI,建筑材料,76,4,0.05263157894736842,0.04,2,2,1,20260708
20260715,pullback_strengthening,801720.SI,建筑装饰,162,2,0.012345679012345678,0.02,1,1,0,20260708
20260715,pullback_strengthening,801730.SI,电力设备,402,1,0.0024875621890547263,0.01,1,0,4,20260708
20260715,pullback_strengthening,801740.SI,国防军工,141,1,0.0070921985815602835,0.01,0,1,1,20260708
20260715,pullback_strengthening,801750.SI,计算机,357,1,0.0028011204481792717,0.01,1,0,3,20260708
20260715,pullback_strengthening,801760.SI,传媒,131,0,0.0,0.0,0,0,0,20260708
20260715,pullback_strengthening,801770.SI,通信,127,1,0.007874015748031496,0.01,1,0,4,20260708
20260715,pullback_strengthening,801780.SI,银行,42,0,0.0,0.0,0,0,0,20260708
20260715,pullback_strengthening,801790.SI,非银金融,81,5,0.06172839506172839,0.05,5,0,0,20260708
20260715,pullback_strengthening,801880.SI,汽车,315,3,0.009523809523809525,0.03,2,1,2,20260708
20260715,pullback_strengthening,801890.SI,机械设备,598,16,0.026755852842809364,0.16,5,11,9,20260708
20260715,pullback_strengthening,801950.SI,煤炭,37,0,0.0,0.0,0,0,0,20260708
20260715,pullback_strengthening,801960.SI,石油石化,48,0,0.0,0.0,0,0,0,20260708
20260715,pullback_strengthening,801970.SI,环保,136,1,0.007352941176470588,0.01,1,0,0,20260708
20260715,pullback_strengthening,801980.SI,美容护理,31,0,0.0,0.0,0,0,0,20260708
20260716,pullback_strengthening,801010.SI,农林牧渔,114,1,0.008771929824561403,0.01,1,0,0,20260709
20260716,pullback_strengthening,801030.SI,基础化工,442,13,0.029411764705882353,0.13,9,4,7,20260709
20260716,pullback_strengthening,801040.SI,钢铁,44,1,0.022727272727272728,0.01,1,0,0,20260709
20260716,pullback_strengthening,801050.SI,有色金属,145,4,0.027586206896551724,0.04,1,3,2,20260709
20260716,pullback_strengthening,801080.SI,电子,501,37,0.07385229540918163,0.37,19,18,21,20260709
20260716,pullback_strengthening,801110.SI,家用电器,102,0,0.0,0.0,0,0,1,20260709
20260716,pullback_strengthening,801120.SI,食品饮料,126,1,0.007936507936507936,0.01,1,0,0,20260709
20260716,pullback_strengthening,801130.SI,纺织服饰,108,1,0.009259259259259259,0.01,0,1,0,20260709
20260716,pullback_strengthening,801140.SI,轻工制造,168,0,0.0,0.0,0,0,0,20260709
20260716,pullback_strengthening,801150.SI,医药生物,502,2,0.00398406374501992,0.02,2,0,0,20260709
20260716,pullback_strengthening,801160.SI,公用事业,133,1,0.007518796992481203,0.01,0,1,0,20260709
20260716,pullback_strengthening,801170.SI,交通运输,128,0,0.0,0.0,0,0,0,20260709
20260716,pullback_strengthening,801180.SI,房地产,99,1,0.010101010101010102,0.01,0,1,1,20260709
20260716,pullback_strengthening,801200.SI,商贸零售,98,0,0.0,0.0,0,0,0,20260709
20260716,pullback_strengthening,801210.SI,社会服务,84,1,0.011904761904761904,0.01,1,0,1,20260709
20260716,pullback_strengthening,801230.SI,综合,15,0,0.0,0.0,0,0,0,20260709
20260716,pullback_strengthening,801710.SI,建筑材料,76,4,0.05263157894736842,0.04,1,3,1,20260709
20260716,pullback_strengthening,801720.SI,建筑装饰,162,2,0.012345679012345678,0.02,1,1,0,20260709
20260716,pullback_strengthening,801730.SI,电力设备,402,2,0.004975124378109453,0.02,2,0,3,20260709
20260716,pullback_strengthening,801740.SI,国防军工,140,1,0.007142857142857143,0.01,0,1,0,20260709
20260716,pullback_strengthening,801750.SI,计算机,357,1,0.0028011204481792717,0.01,1,0,3,20260709
20260716,pullback_strengthening,801760.SI,传媒,131,0,0.0,0.0,0,0,0,20260709
20260716,pullback_strengthening,801770.SI,通信,127,1,0.007874015748031496,0.01,1,0,4,20260709
20260716,pullback_strengthening,801780.SI,银行,42,0,0.0,0.0,0,0,0,20260709
20260716,pullback_strengthening,801790.SI,非银金融,81,5,0.06172839506172839,0.05,4,1,0,20260709
20260716,pullback_strengthening,801880.SI,汽车,315,3,0.009523809523809525,0.03,2,1,1,20260709
20260716,pullback_strengthening,801890.SI,机械设备,599,17,0.028380634390651086,0.17,5,12,8,20260709
20260716,pullback_strengthening,801950.SI,煤炭,37,0,0.0,0.0,0,0,0,20260709
20260716,pullback_strengthening,801960.SI,石油石化,48,0,0.0,0.0,0,0,0,20260709
20260716,pullback_strengthening,801970.SI,环保,136,1,0.007352941176470588,0.01,1,0,0,20260709
20260716,pullback_strengthening,801980.SI,美容护理,31,0,0.0,0.0,0,0,0,20260709
20260717,pullback_strengthening,801010.SI,农林牧渔,114,1,0.008771929824561403,0.01,1,0,0,20260710
20260717,pullback_strengthening,801030.SI,基础化工,442,13,0.029411764705882353,0.13,7,6,5,20260710
20260717,pullback_strengthening,801040.SI,钢铁,44,1,0.022727272727272728,0.01,1,0,0,20260710
20260717,pullback_strengthening,801050.SI,有色金属,145,2,0.013793103448275862,0.02,2,0,5,20260710
20260717,pullback_strengthening,801080.SI,电子,501,41,0.08183632734530938,0.41,18,23,17,20260710
20260717,pullback_strengthening,801110.SI,家用电器,103,0,0.0,0.0,0,0,1,20260710
20260717,pullback_strengthening,801120.SI,食品饮料,126,1,0.007936507936507936,0.01,1,0,0,20260710
20260717,pullback_strengthening,801130.SI,纺织服饰,107,2,0.018691588785046728,0.02,1,1,0,20260710
20260717,pullback_strengthening,801140.SI,轻工制造,168,0,0.0,0.0,0,0,0,20260710
20260717,pullback_strengthening,801150.SI,医药生物,501,1,0.001996007984031936,0.01,0,1,0,20260710
20260717,pullback_strengthening,801160.SI,公用事业,133,1,0.007518796992481203,0.01,0,1,0,20260710
20260717,pullback_strengthening,801170.SI,交通运输,128,0,0.0,0.0,0,0,0,20260710
20260717,pullback_strengthening,801180.SI,房地产,99,1,0.010101010101010102,0.01,0,1,1,20260710
20260717,pullback_strengthening,801200.SI,商贸零售,98,0,0.0,0.0,0,0,0,20260710
20260717,pullback_strengthening,801210.SI,社会服务,84,1,0.011904761904761904,0.01,0,1,1,20260710
20260717,pullback_strengthening,801230.SI,综合,15,0,0.0,0.0,0,0,0,20260710
20260717,pullback_strengthening,801710.SI,建筑材料,76,4,0.05263157894736842,0.04,1,3,1,20260710
20260717,pullback_strengthening,801720.SI,建筑装饰,161,1,0.006211180124223602,0.01,0,1,1,20260710
20260717,pullback_strengthening,801730.SI,电力设备,402,2,0.004975124378109453,0.02,1,1,2,20260710
20260717,pullback_strengthening,801740.SI,国防军工,140,0,0.0,0.0,0,0,1,20260710
20260717,pullback_strengthening,801750.SI,计算机,357,1,0.0028011204481792717,0.01,1,0,2,20260710
20260717,pullback_strengthening,801760.SI,传媒,131,0,0.0,0.0,0,0,0,20260710
20260717,pullback_strengthening,801770.SI,通信,127,0,0.0,0.0,0,0,1,20260710
20260717,pullback_strengthening,801780.SI,银行,42,0,0.0,0.0,0,0,0,20260710
20260717,pullback_strengthening,801790.SI,非银金融,81,6,0.07407407407407407,0.06,5,1,0,20260710
20260717,pullback_strengthening,801880.SI,汽车,315,4,0.012698412698412698,0.04,3,1,1,20260710
20260717,pullback_strengthening,801890.SI,机械设备,599,16,0.02671118530884808,0.16,6,10,10,20260710
20260717,pullback_strengthening,801950.SI,煤炭,37,0,0.0,0.0,0,0,0,20260710
20260717,pullback_strengthening,801960.SI,石油石化,48,0,0.0,0.0,0,0,0,20260710
20260717,pullback_strengthening,801970.SI,环保,136,1,0.007352941176470588,0.01,1,0,0,20260710
20260717,pullback_strengthening,801980.SI,美容护理,31,0,0.0,0.0,0,0,0,20260710
20260720,pullback_strengthening,801010.SI,农林牧渔,114,2,0.017543859649122806,0.02,1,1,0,20260713
20260720,pullback_strengthening,801030.SI,基础化工,442,13,0.029411764705882353,0.13,5,8,5,20260713
20260720,pullback_strengthening,801040.SI,钢铁,44,1,0.022727272727272728,0.01,1,0,0,20260713
20260720,pullback_strengthening,801050.SI,有色金属,145,2,0.013793103448275862,0.02,2,0,5,20260713
20260720,pullback_strengthening,801080.SI,电子,502,43,0.08565737051792828,0.43,21,22,20,20260713
20260720,pullback_strengthening,801110.SI,家用电器,103,1,0.009708737864077669,0.01,1,0,1,20260713
20260720,pullback_strengthening,801120.SI,食品饮料,126,1,0.007936507936507936,0.01,1,0,0,20260713
20260720,pullback_strengthening,801130.SI,纺织服饰,108,2,0.018518518518518517,0.02,1,1,0,20260713
20260720,pullback_strengthening,801140.SI,轻工制造,168,0,0.0,0.0,0,0,0,20260713
20260720,pullback_strengthening,801150.SI,医药生物,501,3,0.005988023952095809,0.03,2,1,1,20260713
20260720,pullback_strengthening,801160.SI,公用事业,133,0,0.0,0.0,0,0,1,20260713
20260720,pullback_strengthening,801170.SI,交通运输,128,1,0.0078125,0.01,1,0,0,20260713
20260720,pullback_strengthening,801180.SI,房地产,99,2,0.020202020202020204,0.02,1,1,1,20260713
20260720,pullback_strengthening,801200.SI,商贸零售,98,0,0.0,0.0,0,0,0,20260713
20260720,pullback_strengthening,801210.SI,社会服务,84,0,0.0,0.0,0,0,1,20260713
20260720,pullback_strengthening,801230.SI,综合,15,0,0.0,0.0,0,0,0,20260713
20260720,pullback_strengthening,801710.SI,建筑材料,76,3,0.039473684210526314,0.03,1,2,2,20260713
20260720,pullback_strengthening,801720.SI,建筑装饰,162,2,0.012345679012345678,0.02,1,1,1,20260713
20260720,pullback_strengthening,801730.SI,电力设备,402,3,0.007462686567164179,0.03,2,1,1,20260713
20260720,pullback_strengthening,801740.SI,国防军工,140,1,0.007142857142857143,0.01,1,0,1,20260713
20260720,pullback_strengthening,801750.SI,计算机,357,0,0.0,0.0,0,0,2,20260713
20260720,pullback_strengthening,801760.SI,传媒,131,0,0.0,0.0,0,0,0,20260713
20260720,pullback_strengthening,801770.SI,通信,127,0,0.0,0.0,0,0,1,20260713
20260720,pullback_strengthening,801780.SI,银行,42,0,0.0,0.0,0,0,0,20260713
20260720,pullback_strengthening,801790.SI,非银金融,81,7,0.08641975308641975,0.07,6,1,0,20260713
20260720,pullback_strengthening,801880.SI,汽车,315,4,0.012698412698412698,0.04,3,1,0,20260713
20260720,pullback_strengthening,801890.SI,机械设备,599,9,0.015025041736227046,0.09,4,5,12,20260713
20260720,pullback_strengthening,801950.SI,煤炭,37,0,0.0,0.0,0,0,0,20260713
20260720,pullback_strengthening,801960.SI,石油石化,48,0,0.0,0.0,0,0,0,20260713
20260720,pullback_strengthening,801970.SI,环保,136,0,0.0,0.0,0,0,0,20260713
20260720,pullback_strengthening,801980.SI,美容护理,31,0,0.0,0.0,0,0,0,20260713
20260721,pullback_strengthening,801010.SI,农林牧渔,114,2,0.017543859649122806,0.02,1,1,0,20260714
20260721,pullback_strengthening,801030.SI,基础化工,442,11,0.024886877828054297,0.11,2,9,6,20260714
20260721,pullback_strengthening,801040.SI,钢铁,44,1,0.022727272727272728,0.01,1,0,0,20260714
20260721,pullback_strengthening,801050.SI,有色金属,145,2,0.013793103448275862,0.02,2,0,5,20260714
20260721,pullback_strengthening,801080.SI,电子,502,46,0.09163346613545817,0.46,24,22,17,20260714
20260721,pullback_strengthening,801110.SI,家用电器,103,1,0.009708737864077669,0.01,1,0,1,20260714
20260721,pullback_strengthening,801120.SI,食品饮料,126,1,0.007936507936507936,0.01,1,0,0,20260714
20260721,pullback_strengthening,801130.SI,纺织服饰,108,1,0.009259259259259259,0.01,1,0,1,20260714
20260721,pullback_strengthening,801140.SI,轻工制造,168,0,0.0,0.0,0,0,0,20260714
20260721,pullback_strengthening,801150.SI,医药生物,501,3,0.005988023952095809,0.03,2,1,1,20260714
20260721,pullback_strengthening,801160.SI,公用事业,133,1,0.007518796992481203,0.01,1,0,1,20260714
20260721,pullback_strengthening,801170.SI,交通运输,128,1,0.0078125,0.01,1,0,0,20260714
20260721,pullback_strengthening,801180.SI,房地产,99,2,0.020202020202020204,0.02,1,1,0,20260714
20260721,pullback_strengthening,801200.SI,商贸零售,98,1,0.01020408163265306,0.01,1,0,0,20260714
20260721,pullback_strengthening,801210.SI,社会服务,84,0,0.0,0.0,0,0,1,20260714
20260721,pullback_strengthening,801230.SI,综合,15,0,0.0,0.0,0,0,0,20260714
20260721,pullback_strengthening,801710.SI,建筑材料,76,3,0.039473684210526314,0.03,1,2,2,20260714
20260721,pullback_strengthening,801720.SI,建筑装饰,162,2,0.012345679012345678,0.02,1,1,1,20260714
20260721,pullback_strengthening,801730.SI,电力设备,403,1,0.0024813895781637717,0.01,1,0,1,20260714
20260721,pullback_strengthening,801740.SI,国防军工,140,1,0.007142857142857143,0.01,1,0,1,20260714
20260721,pullback_strengthening,801750.SI,计算机,357,0,0.0,0.0,0,0,1,20260714
20260721,pullback_strengthening,801760.SI,传媒,131,0,0.0,0.0,0,0,0,20260714
20260721,pullback_strengthening,801770.SI,通信,127,0,0.0,0.0,0,0,1,20260714
20260721,pullback_strengthening,801780.SI,银行,42,0,0.0,0.0,0,0,0,20260714
20260721,pullback_strengthening,801790.SI,非银金融,81,8,0.09876543209876543,0.08,5,3,0,20260714
20260721,pullback_strengthening,801880.SI,汽车,315,3,0.009523809523809525,0.03,1,2,0,20260714
20260721,pullback_strengthening,801890.SI,机械设备,599,9,0.015025041736227046,0.09,2,7,11,20260714
20260721,pullback_strengthening,801950.SI,煤炭,37,0,0.0,0.0,0,0,0,20260714
20260721,pullback_strengthening,801960.SI,石油石化,48,0,0.0,0.0,0,0,0,20260714
20260721,pullback_strengthening,801970.SI,环保,136,0,0.0,0.0,0,0,0,20260714
20260721,pullback_strengthening,801980.SI,美容护理,31,0,0.0,0.0,0,0,0,20260714
20260722,pullback_strengthening,801010.SI,农林牧渔,114,2,0.017543859649122806,0.02,1,1,0,20260715
20260722,pullback_strengthening,801030.SI,基础化工,442,9,0.020361990950226245,0.09,2,7,8,20260715
20260722,pullback_strengthening,801040.SI,钢铁,44,1,0.022727272727272728,0.01,1,0,0,20260715
20260722,pullback_strengthening,801050.SI,有色金属,145,2,0.013793103448275862,0.02,1,1,4,20260715
20260722,pullback_strengthening,801080.SI,电子,501,45,0.08982035928143713,0.45,23,22,15,20260715
20260722,pullback_strengthening,801110.SI,家用电器,103,1,0.009708737864077669,0.01,1,0,1,20260715
20260722,pullback_strengthening,801120.SI,食品饮料,126,0,0.0,0.0,0,0,0,20260715
20260722,pullback_strengthening,801130.SI,纺织服饰,108,1,0.009259259259259259,0.01,1,0,1,20260715
20260722,pullback_strengthening,801140.SI,轻工制造,168,1,0.005952380952380952,0.01,1,0,0,20260715
20260722,pullback_strengthening,801150.SI,医药生物,502,4,0.00796812749003984,0.04,3,1,1,20260715
20260722,pullback_strengthening,801160.SI,公用事业,133,1,0.007518796992481203,0.01,1,0,1,20260715
20260722,pullback_strengthening,801170.SI,交通运输,128,1,0.0078125,0.01,1,0,0,20260715
20260722,pullback_strengthening,801180.SI,房地产,99,1,0.010101010101010102,0.01,1,0,1,20260715
20260722,pullback_strengthening,801200.SI,商贸零售,98,2,0.02040816326530612,0.02,2,0,0,20260715
20260722,pullback_strengthening,801210.SI,社会服务,84,0,0.0,0.0,0,0,1,20260715
20260722,pullback_strengthening,801230.SI,综合,15,0,0.0,0.0,0,0,0,20260715
20260722,pullback_strengthening,801710.SI,建筑材料,76,2,0.02631578947368421,0.02,0,2,2,20260715
20260722,pullback_strengthening,801720.SI,建筑装饰,162,2,0.012345679012345678,0.02,1,1,1,20260715
20260722,pullback_strengthening,801730.SI,电力设备,403,1,0.0024813895781637717,0.01,1,0,1,20260715
20260722,pullback_strengthening,801740.SI,国防军工,140,1,0.007142857142857143,0.01,1,0,1,20260715
20260722,pullback_strengthening,801750.SI,计算机,357,0,0.0,0.0,0,0,1,20260715
20260722,pullback_strengthening,801760.SI,传媒,131,0,0.0,0.0,0,0,0,20260715
20260722,pullback_strengthening,801770.SI,通信,127,0,0.0,0.0,0,0,1,20260715
20260722,pullback_strengthening,801780.SI,银行,42,0,0.0,0.0,0,0,0,20260715
20260722,pullback_strengthening,801790.SI,非银金融,81,8,0.09876543209876543,0.08,3,5,0,20260715
20260722,pullback_strengthening,801880.SI,汽车,315,4,0.012698412698412698,0.04,1,3,0,20260715
20260722,pullback_strengthening,801890.SI,机械设备,599,10,0.01669449081803005,0.1,3,7,9,20260715
20260722,pullback_strengthening,801950.SI,煤炭,37,0,0.0,0.0,0,0,0,20260715
20260722,pullback_strengthening,801960.SI,石油石化,48,0,0.0,0.0,0,0,0,20260715
20260722,pullback_strengthening,801970.SI,环保,136,1,0.007352941176470588,0.01,1,0,1,20260715
20260722,pullback_strengthening,801980.SI,美容护理,31,0,0.0,0.0,0,0,0,20260715
20260723,pullback_strengthening,801010.SI,农林牧渔,114,2,0.017543859649122806,0.02,1,1,0,20260716
20260723,pullback_strengthening,801030.SI,基础化工,442,8,0.01809954751131222,0.08,1,7,6,20260716
20260723,pullback_strengthening,801040.SI,钢铁,44,0,0.0,0.0,0,0,1,20260716
20260723,pullback_strengthening,801050.SI,有色金属,145,2,0.013793103448275862,0.02,1,1,3,20260716
20260723,pullback_strengthening,801080.SI,电子,501,42,0.08383233532934131,0.42,20,22,15,20260716
20260723,pullback_strengthening,801110.SI,家用电器,103,1,0.009708737864077669,0.01,1,0,0,20260716
20260723,pullback_strengthening,801120.SI,食品饮料,126,0,0.0,0.0,0,0,1,20260716
20260723,pullback_strengthening,801130.SI,纺织服饰,108,1,0.009259259259259259,0.01,1,0,1,20260716
20260723,pullback_strengthening,801140.SI,轻工制造,168,1,0.005952380952380952,0.01,1,0,0,20260716
20260723,pullback_strengthening,801150.SI,医药生物,502,7,0.013944223107569721,0.07,6,1,1,20260716
20260723,pullback_strengthening,801160.SI,公用事业,133,1,0.007518796992481203,0.01,1,0,1,20260716
20260723,pullback_strengthening,801170.SI,交通运输,128,3,0.0234375,0.03,3,0,0,20260716
20260723,pullback_strengthening,801180.SI,房地产,99,1,0.010101010101010102,0.01,1,0,1,20260716
20260723,pullback_strengthening,801200.SI,商贸零售,98,3,0.030612244897959183,0.03,3,0,0,20260716
20260723,pullback_strengthening,801210.SI,社会服务,84,0,0.0,0.0,0,0,1,20260716
20260723,pullback_strengthening,801230.SI,综合,15,0,0.0,0.0,0,0,0,20260716
20260723,pullback_strengthening,801710.SI,建筑材料,76,2,0.02631578947368421,0.02,0,2,2,20260716
20260723,pullback_strengthening,801720.SI,建筑装饰,162,2,0.012345679012345678,0.02,1,1,1,20260716
20260723,pullback_strengthening,801730.SI,电力设备,404,1,0.0024752475247524753,0.01,0,1,1,20260716
20260723,pullback_strengthening,801740.SI,国防军工,141,1,0.0070921985815602835,0.01,1,0,1,20260716
20260723,pullback_strengthening,801750.SI,计算机,357,1,0.0028011204481792717,0.01,1,0,1,20260716
20260723,pullback_strengthening,801760.SI,传媒,130,0,0.0,0.0,0,0,0,20260716
20260723,pullback_strengthening,801770.SI,通信,127,0,0.0,0.0,0,0,1,20260716
20260723,pullback_strengthening,801780.SI,银行,42,0,0.0,0.0,0,0,0,20260716
20260723,pullback_strengthening,801790.SI,非银金融,81,8,0.09876543209876543,0.08,3,5,0,20260716
20260723,pullback_strengthening,801880.SI,汽车,315,3,0.009523809523809525,0.03,1,2,1,20260716
20260723,pullback_strengthening,801890.SI,机械设备,599,9,0.015025041736227046,0.09,3,6,11,20260716
20260723,pullback_strengthening,801950.SI,煤炭,37,0,0.0,0.0,0,0,0,20260716
20260723,pullback_strengthening,801960.SI,石油石化,48,0,0.0,0.0,0,0,0,20260716
20260723,pullback_strengthening,801970.SI,环保,136,1,0.007352941176470588,0.01,1,0,1,20260716
20260723,pullback_strengthening,801980.SI,美容护理,31,0,0.0,0.0,0,0,0,20260716
20260724,pullback_strengthening,801010.SI,农林牧渔,114,2,0.017543859649122806,0.02,1,1,0,20260717
20260724,pullback_strengthening,801030.SI,基础化工,442,7,0.01583710407239819,0.07,0,7,6,20260717
20260724,pullback_strengthening,801040.SI,钢铁,44,0,0.0,0.0,0,0,1,20260717
20260724,pullback_strengthening,801050.SI,有色金属,145,1,0.006896551724137931,0.01,0,1,1,20260717
20260724,pullback_strengthening,801080.SI,电子,501,39,0.07784431137724551,0.39,16,23,18,20260717
20260724,pullback_strengthening,801110.SI,家用电器,103,3,0.02912621359223301,0.03,3,0,0,20260717
20260724,pullback_strengthening,801120.SI,食品饮料,126,0,0.0,0.0,0,0,1,20260717
20260724,pullback_strengthening,801130.SI,纺织服饰,108,1,0.009259259259259259,0.01,0,1,1,20260717
20260724,pullback_strengthening,801140.SI,轻工制造,168,1,0.005952380952380952,0.01,1,0,0,20260717
20260724,pullback_strengthening,801150.SI,医药生物,502,9,0.017928286852589643,0.09,9,0,1,20260717
20260724,pullback_strengthening,801160.SI,公用事业,133,1,0.007518796992481203,0.01,1,0,1,20260717
20260724,pullback_strengthening,801170.SI,交通运输,128,3,0.0234375,0.03,3,0,0,20260717
20260724,pullback_strengthening,801180.SI,房地产,99,2,0.020202020202020204,0.02,2,0,1,20260717
20260724,pullback_strengthening,801200.SI,商贸零售,98,2,0.02040816326530612,0.02,2,0,0,20260717
20260724,pullback_strengthening,801210.SI,社会服务,84,0,0.0,0.0,0,0,1,20260717
20260724,pullback_strengthening,801230.SI,综合,15,0,0.0,0.0,0,0,0,20260717
20260724,pullback_strengthening,801710.SI,建筑材料,76,1,0.013157894736842105,0.01,0,1,3,20260717
20260724,pullback_strengthening,801720.SI,建筑装饰,162,2,0.012345679012345678,0.02,1,1,0,20260717
20260724,pullback_strengthening,801730.SI,电力设备,404,1,0.0024752475247524753,0.01,0,1,1,20260717
20260724,pullback_strengthening,801740.SI,国防军工,141,2,0.014184397163120567,0.02,2,0,0,20260717
20260724,pullback_strengthening,801750.SI,计算机,357,1,0.0028011204481792717,0.01,1,0,1,20260717
20260724,pullback_strengthening,801760.SI,传媒,130,0,0.0,0.0,0,0,0,20260717
20260724,pullback_strengthening,801770.SI,通信,127,0,0.0,0.0,0,0,0,20260717
20260724,pullback_strengthening,801780.SI,银行,42,0,0.0,0.0,0,0,0,20260717
20260724,pullback_strengthening,801790.SI,非银金融,81,8,0.09876543209876543,0.08,2,6,0,20260717
20260724,pullback_strengthening,801880.SI,汽车,315,3,0.009523809523809525,0.03,1,2,2,20260717
20260724,pullback_strengthening,801890.SI,机械设备,599,9,0.015025041736227046,0.09,4,5,11,20260717
20260724,pullback_strengthening,801950.SI,煤炭,37,0,0.0,0.0,0,0,0,20260717
20260724,pullback_strengthening,801960.SI,石油石化,48,1,0.020833333333333332,0.01,1,0,0,20260717
20260724,pullback_strengthening,801970.SI,环保,136,1,0.007352941176470588,0.01,1,0,1,20260717
20260724,pullback_strengthening,801980.SI,美容护理,30,0,0.0,0.0,0,0,0,20260717
20260727,pullback_strengthening,801010.SI,农林牧渔,114,2,0.017543859649122806,0.02,0,2,0,20260720
20260727,pullback_strengthening,801030.SI,基础化工,441,7,0.015873015873015872,0.07,0,7,6,20260720
20260727,pullback_strengthening,801040.SI,钢铁,44,0,0.0,0.0,0,0,1,20260720
20260727,pullback_strengthening,801050.SI,有色金属,147,1,0.006802721088435374,0.01,0,1,1,20260720
20260727,pullback_strengthening,801080.SI,电子,501,36,0.0718562874251497,0.36,11,25,18,20260720
20260727,pullback_strengthening,801110.SI,家用电器,103,3,0.02912621359223301,0.03,2,1,0,20260720
20260727,pullback_strengthening,801120.SI,食品饮料,126,0,0.0,0.0,0,0,1,20260720
20260727,pullback_strengthening,801130.SI,纺织服饰,108,2,0.018518518518518517,0.02,1,1,1,20260720
20260727,pullback_strengthening,801140.SI,轻工制造,168,1,0.005952380952380952,0.01,1,0,0,20260720
20260727,pullback_strengthening,801150.SI,医药生物,502,13,0.025896414342629483,0.13,11,2,1,20260720
20260727,pullback_strengthening,801160.SI,公用事业,133,1,0.007518796992481203,0.01,1,0,0,20260720
20260727,pullback_strengthening,801170.SI,交通运输,128,2,0.015625,0.02,1,1,0,20260720
20260727,pullback_strengthening,801180.SI,房地产,99,2,0.020202020202020204,0.02,1,1,1,20260720
20260727,pullback_strengthening,801200.SI,商贸零售,98,3,0.030612244897959183,0.03,3,0,0,20260720
20260727,pullback_strengthening,801210.SI,社会服务,84,0,0.0,0.0,0,0,0,20260720
20260727,pullback_strengthening,801230.SI,综合,15,0,0.0,0.0,0,0,0,20260720
20260727,pullback_strengthening,801710.SI,建筑材料,76,1,0.013157894736842105,0.01,0,1,2,20260720
20260727,pullback_strengthening,801720.SI,建筑装饰,162,2,0.012345679012345678,0.02,0,2,0,20260720
20260727,pullback_strengthening,801730.SI,电力设备,404,1,0.0024752475247524753,0.01,0,1,2,20260720
20260727,pullback_strengthening,801740.SI,国防军工,141,1,0.0070921985815602835,0.01,0,1,0,20260720
20260727,pullback_strengthening,801750.SI,计算机,356,1,0.0028089887640449437,0.01,1,0,0,20260720
20260727,pullback_strengthening,801760.SI,传媒,130,0,0.0,0.0,0,0,0,20260720
20260727,pullback_strengthening,801770.SI,通信,126,0,0.0,0.0,0,0,0,20260720
20260727,pullback_strengthening,801780.SI,银行,42,0,0.0,0.0,0,0,0,20260720
20260727,pullback_strengthening,801790.SI,非银金融,81,8,0.09876543209876543,0.08,2,6,1,20260720
20260727,pullback_strengthening,801880.SI,汽车,315,3,0.009523809523809525,0.03,1,2,2,20260720
20260727,pullback_strengthening,801890.SI,机械设备,598,8,0.013377926421404682,0.08,4,4,5,20260720
20260727,pullback_strengthening,801950.SI,煤炭,37,0,0.0,0.0,0,0,0,20260720
20260727,pullback_strengthening,801960.SI,石油石化,47,1,0.02127659574468085,0.01,1,0,0,20260720
20260727,pullback_strengthening,801970.SI,环保,136,1,0.007352941176470588,0.01,1,0,0,20260720
20260727,pullback_strengthening,801980.SI,美容护理,30,0,0.0,0.0,0,0,0,20260720
20260728,pullback_strengthening,801010.SI,农林牧渔,114,2,0.017543859649122806,0.02,0,2,0,20260721
20260728,pullback_strengthening,801030.SI,基础化工,442,6,0.013574660633484163,0.06,0,6,5,20260721
20260728,pullback_strengthening,801040.SI,钢铁,44,0,0.0,0.0,0,0,1,20260721
20260728,pullback_strengthening,801050.SI,有色金属,147,1,0.006802721088435374,0.01,0,1,1,20260721
20260728,pullback_strengthening,801080.SI,电子,501,30,0.059880239520958084,0.3,5,25,21,20260721
20260728,pullback_strengthening,801110.SI,家用电器,103,4,0.038834951456310676,0.04,3,1,0,20260721
20260728,pullback_strengthening,801120.SI,食品饮料,126,0,0.0,0.0,0,0,1,20260721
20260728,pullback_strengthening,801130.SI,纺织服饰,108,3,0.027777777777777776,0.03,2,1,0,20260721
20260728,pullback_strengthening,801140.SI,轻工制造,168,1,0.005952380952380952,0.01,1,0,0,20260721
20260728,pullback_strengthening,801150.SI,医药生物,502,19,0.037848605577689244,0.19,17,2,1,20260721
20260728,pullback_strengthening,801160.SI,公用事业,133,1,0.007518796992481203,0.01,0,1,0,20260721
20260728,pullback_strengthening,801170.SI,交通运输,128,2,0.015625,0.02,1,1,0,20260721
20260728,pullback_strengthening,801180.SI,房地产,99,1,0.010101010101010102,0.01,1,0,2,20260721
20260728,pullback_strengthening,801200.SI,商贸零售,98,3,0.030612244897959183,0.03,2,1,0,20260721
20260728,pullback_strengthening,801210.SI,社会服务,84,0,0.0,0.0,0,0,0,20260721
20260728,pullback_strengthening,801230.SI,综合,15,0,0.0,0.0,0,0,0,20260721
20260728,pullback_strengthening,801710.SI,建筑材料,76,0,0.0,0.0,0,0,3,20260721
20260728,pullback_strengthening,801720.SI,建筑装饰,162,2,0.012345679012345678,0.02,0,2,0,20260721
20260728,pullback_strengthening,801730.SI,电力设备,404,1,0.0024752475247524753,0.01,0,1,0,20260721
20260728,pullback_strengthening,801740.SI,国防军工,141,1,0.0070921985815602835,0.01,0,1,0,20260721
20260728,pullback_strengthening,801750.SI,计算机,356,1,0.0028089887640449437,0.01,1,0,0,20260721
20260728,pullback_strengthening,801760.SI,传媒,130,0,0.0,0.0,0,0,0,20260721
20260728,pullback_strengthening,801770.SI,通信,126,1,0.007936507936507936,0.01,1,0,0,20260721
20260728,pullback_strengthening,801780.SI,银行,42,0,0.0,0.0,0,0,0,20260721
20260728,pullback_strengthening,801790.SI,非银金融,81,9,0.1111111111111111,0.09,2,7,1,20260721
20260728,pullback_strengthening,801880.SI,汽车,315,3,0.009523809523809525,0.03,1,2,1,20260721
20260728,pullback_strengthening,801890.SI,机械设备,598,8,0.013377926421404682,0.08,4,4,5,20260721
20260728,pullback_strengthening,801950.SI,煤炭,37,0,0.0,0.0,0,0,0,20260721
20260728,pullback_strengthening,801960.SI,石油石化,47,0,0.0,0.0,0,0,0,20260721
20260728,pullback_strengthening,801970.SI,环保,136,1,0.007352941176470588,0.01,1,0,0,20260721
20260728,pullback_strengthening,801980.SI,美容护理,30,0,0.0,0.0,0,0,0,20260721
20260729,pullback_strengthening,801010.SI,农林牧渔,114,2,0.017543859649122806,0.02,0,2,0,20260722
20260729,pullback_strengthening,801030.SI,基础化工,442,5,0.011312217194570135,0.05,1,4,5,20260722
20260729,pullback_strengthening,801040.SI,钢铁,44,0,0.0,0.0,0,0,1,20260722
20260729,pullback_strengthening,801050.SI,有色金属,147,1,0.006802721088435374,0.01,0,1,1,20260722
20260729,pullback_strengthening,801080.SI,电子,501,26,0.05189620758483034,0.26,3,23,22,20260722
20260729,pullback_strengthening,801110.SI,家用电器,103,4,0.038834951456310676,0.04,3,1,0,20260722
20260729,pullback_strengthening,801120.SI,食品饮料,126,0,0.0,0.0,0,0,0,20260722
20260729,pullback_strengthening,801130.SI,纺织服饰,108,3,0.027777777777777776,0.03,2,1,0,20260722
20260729,pullback_strengthening,801140.SI,轻工制造,168,1,0.005952380952380952,0.01,0,1,0,20260722
20260729,pullback_strengthening,801150.SI,医药生物,502,24,0.04780876494023904,0.24,21,3,1,20260722
20260729,pullback_strengthening,801160.SI,公用事业,133,1,0.007518796992481203,0.01,0,1,0,20260722
20260729,pullback_strengthening,801170.SI,交通运输,128,2,0.015625,0.02,1,1,0,20260722
20260729,pullback_strengthening,801180.SI,房地产,99,1,0.010101010101010102,0.01,1,0,1,20260722
20260729,pullback_strengthening,801200.SI,商贸零售,98,3,0.030612244897959183,0.03,1,2,0,20260722
20260729,pullback_strengthening,801210.SI,社会服务,84,0,0.0,0.0,0,0,0,20260722
20260729,pullback_strengthening,801230.SI,综合,15,0,0.0,0.0,0,0,0,20260722
20260729,pullback_strengthening,801710.SI,建筑材料,76,0,0.0,0.0,0,0,2,20260722
20260729,pullback_strengthening,801720.SI,建筑装饰,162,1,0.006172839506172839,0.01,0,1,1,20260722
20260729,pullback_strengthening,801730.SI,电力设备,404,1,0.0024752475247524753,0.01,0,1,0,20260722
20260729,pullback_strengthening,801740.SI,国防军工,141,1,0.0070921985815602835,0.01,0,1,0,20260722
20260729,pullback_strengthening,801750.SI,计算机,356,2,0.0056179775280898875,0.02,2,0,0,20260722
20260729,pullback_strengthening,801760.SI,传媒,130,0,0.0,0.0,0,0,0,20260722
20260729,pullback_strengthening,801770.SI,通信,126,1,0.007936507936507936,0.01,1,0,0,20260722
20260729,pullback_strengthening,801780.SI,银行,42,0,0.0,0.0,0,0,0,20260722
20260729,pullback_strengthening,801790.SI,非银金融,81,8,0.09876543209876543,0.08,2,6,2,20260722
20260729,pullback_strengthening,801880.SI,汽车,315,3,0.009523809523809525,0.03,0,3,1,20260722
20260729,pullback_strengthening,801890.SI,机械设备,598,8,0.013377926421404682,0.08,4,4,6,20260722
20260729,pullback_strengthening,801950.SI,煤炭,37,0,0.0,0.0,0,0,0,20260722
20260729,pullback_strengthening,801960.SI,石油石化,47,0,0.0,0.0,0,0,0,20260722
20260729,pullback_strengthening,801970.SI,环保,135,1,0.007407407407407408,0.01,1,0,1,20260722
20260729,pullback_strengthening,801980.SI,美容护理,30,1,0.03333333333333333,0.01,1,0,0,20260722
20260424,parabolic_uptrend,801010.SI,农林牧渔,113,2,0.017699115044247787,0.02,2,0,0,
20260424,parabolic_uptrend,801030.SI,基础化工,432,7,0.016203703703703703,0.07,7,0,0,
20260424,parabolic_uptrend,801040.SI,钢铁,43,0,0.0,0.0,0,0,0,
20260424,parabolic_uptrend,801050.SI,有色金属,141,6,0.0425531914893617,0.06,6,0,0,
20260424,parabolic_uptrend,801080.SI,电子,485,10,0.020618556701030927,0.1,10,0,0,
20260424,parabolic_uptrend,801110.SI,家用电器,102,1,0.00980392156862745,0.01,1,0,0,
20260424,parabolic_uptrend,801120.SI,食品饮料,126,0,0.0,0.0,0,0,0,
20260424,parabolic_uptrend,801130.SI,纺织服饰,105,3,0.02857142857142857,0.03,3,0,0,
20260424,parabolic_uptrend,801140.SI,轻工制造,164,2,0.012195121951219513,0.02,2,0,0,
20260424,parabolic_uptrend,801150.SI,医药生物,493,2,0.004056795131845842,0.02,2,0,0,
20260424,parabolic_uptrend,801160.SI,公用事业,133,2,0.015037593984962405,0.02,2,0,0,
20260424,parabolic_uptrend,801170.SI,交通运输,127,4,0.031496062992125984,0.04,4,0,0,
20260424,parabolic_uptrend,801180.SI,房地产,97,0,0.0,0.0,0,0,0,
20260424,parabolic_uptrend,801200.SI,商贸零售,99,0,0.0,0.0,0,0,0,
20260424,parabolic_uptrend,801210.SI,社会服务,81,2,0.024691358024691357,0.02,2,0,0,
20260424,parabolic_uptrend,801230.SI,综合,15,0,0.0,0.0,0,0,0,
20260424,parabolic_uptrend,801710.SI,建筑材料,73,3,0.0410958904109589,0.03,3,0,0,
20260424,parabolic_uptrend,801720.SI,建筑装饰,162,2,0.012345679012345678,0.02,2,0,0,
20260424,parabolic_uptrend,801730.SI,电力设备,393,11,0.027989821882951654,0.11,11,0,0,
20260424,parabolic_uptrend,801740.SI,国防军工,140,1,0.007142857142857143,0.01,1,0,0,
20260424,parabolic_uptrend,801750.SI,计算机,355,5,0.014084507042253521,0.05,5,0,0,
20260424,parabolic_uptrend,801760.SI,传媒,131,0,0.0,0.0,0,0,0,
20260424,parabolic_uptrend,801770.SI,通信,126,6,0.047619047619047616,0.06,6,0,0,
20260424,parabolic_uptrend,801780.SI,银行,42,0,0.0,0.0,0,0,0,
20260424,parabolic_uptrend,801790.SI,非银金融,81,0,0.0,0.0,0,0,0,
20260424,parabolic_uptrend,801880.SI,汽车,300,4,0.013333333333333334,0.04,4,0,0,
20260424,parabolic_uptrend,801890.SI,机械设备,588,19,0.03231292517006803,0.19,19,0,0,
20260424,parabolic_uptrend,801950.SI,煤炭,37,0,0.0,0.0,0,0,0,
20260424,parabolic_uptrend,801960.SI,石油石化,48,5,0.10416666666666667,0.05,5,0,0,
20260424,parabolic_uptrend,801970.SI,环保,137,3,0.021897810218978103,0.03,3,0,0,
20260424,parabolic_uptrend,801980.SI,美容护理,31,0,0.0,0.0,0,0,0,
20260427,parabolic_uptrend,801010.SI,农林牧渔,114,2,0.017543859649122806,0.02,2,0,0,
20260427,parabolic_uptrend,801030.SI,基础化工,431,7,0.016241299303944315,0.07,7,0,0,
20260427,parabolic_uptrend,801040.SI,钢铁,43,0,0.0,0.0,0,0,0,
20260427,parabolic_uptrend,801050.SI,有色金属,141,6,0.0425531914893617,0.06,6,0,0,
20260427,parabolic_uptrend,801080.SI,电子,485,10,0.020618556701030927,0.1,10,0,0,
20260427,parabolic_uptrend,801110.SI,家用电器,102,1,0.00980392156862745,0.01,1,0,0,
20260427,parabolic_uptrend,801120.SI,食品饮料,126,0,0.0,0.0,0,0,0,
20260427,parabolic_uptrend,801130.SI,纺织服饰,105,3,0.02857142857142857,0.03,3,0,0,
20260427,parabolic_uptrend,801140.SI,轻工制造,163,3,0.018404907975460124,0.03,3,0,0,
20260427,parabolic_uptrend,801150.SI,医药生物,493,3,0.006085192697768763,0.03,3,0,0,
20260427,parabolic_uptrend,801160.SI,公用事业,133,2,0.015037593984962405,0.02,2,0,0,
20260427,parabolic_uptrend,801170.SI,交通运输,126,4,0.031746031746031744,0.04,4,0,0,
20260427,parabolic_uptrend,801180.SI,房地产,99,0,0.0,0.0,0,0,0,
20260427,parabolic_uptrend,801200.SI,商贸零售,99,0,0.0,0.0,0,0,0,
20260427,parabolic_uptrend,801210.SI,社会服务,81,2,0.024691358024691357,0.02,2,0,0,
20260427,parabolic_uptrend,801230.SI,综合,15,0,0.0,0.0,0,0,0,
20260427,parabolic_uptrend,801710.SI,建筑材料,73,3,0.0410958904109589,0.03,3,0,0,
20260427,parabolic_uptrend,801720.SI,建筑装饰,160,2,0.0125,0.02,2,0,0,
20260427,parabolic_uptrend,801730.SI,电力设备,393,9,0.022900763358778626,0.09,9,0,0,
20260427,parabolic_uptrend,801740.SI,国防军工,139,1,0.007194244604316547,0.01,1,0,0,
20260427,parabolic_uptrend,801750.SI,计算机,355,5,0.014084507042253521,0.05,5,0,0,
20260427,parabolic_uptrend,801760.SI,传媒,131,0,0.0,0.0,0,0,0,
20260427,parabolic_uptrend,801770.SI,通信,126,6,0.047619047619047616,0.06,6,0,0,
20260427,parabolic_uptrend,801780.SI,银行,42,0,0.0,0.0,0,0,0,
20260427,parabolic_uptrend,801790.SI,非银金融,81,0,0.0,0.0,0,0,0,
20260427,parabolic_uptrend,801880.SI,汽车,300,4,0.013333333333333334,0.04,4,0,0,
20260427,parabolic_uptrend,801890.SI,机械设备,589,19,0.03225806451612903,0.19,19,0,0,
20260427,parabolic_uptrend,801950.SI,煤炭,37,0,0.0,0.0,0,0,0,
20260427,parabolic_uptrend,801960.SI,石油石化,48,5,0.10416666666666667,0.05,5,0,0,
20260427,parabolic_uptrend,801970.SI,环保,137,3,0.021897810218978103,0.03,3,0,0,
20260427,parabolic_uptrend,801980.SI,美容护理,31,0,0.0,0.0,0,0,0,
20260428,parabolic_uptrend,801010.SI,农林牧渔,114,2,0.017543859649122806,0.02,2,0,0,
20260428,parabolic_uptrend,801030.SI,基础化工,431,7,0.016241299303944315,0.07,7,0,0,
20260428,parabolic_uptrend,801040.SI,钢铁,43,0,0.0,0.0,0,0,0,
20260428,parabolic_uptrend,801050.SI,有色金属,141,6,0.0425531914893617,0.06,6,0,0,
20260428,parabolic_uptrend,801080.SI,电子,485,10,0.020618556701030927,0.1,10,0,0,
20260428,parabolic_uptrend,801110.SI,家用电器,102,2,0.0196078431372549,0.02,2,0,0,
20260428,parabolic_uptrend,801120.SI,食品饮料,125,0,0.0,0.0,0,0,0,
20260428,parabolic_uptrend,801130.SI,纺织服饰,107,4,0.037383177570093455,0.04,4,0,0,
20260428,parabolic_uptrend,801140.SI,轻工制造,163,3,0.018404907975460124,0.03,3,0,0,
20260428,parabolic_uptrend,801150.SI,医药生物,493,3,0.006085192697768763,0.03,3,0,0,
20260428,parabolic_uptrend,801160.SI,公用事业,133,1,0.007518796992481203,0.01,1,0,0,
20260428,parabolic_uptrend,801170.SI,交通运输,127,4,0.031496062992125984,0.04,4,0,0,
20260428,parabolic_uptrend,801180.SI,房地产,99,0,0.0,0.0,0,0,0,
20260428,parabolic_uptrend,801200.SI,商贸零售,99,0,0.0,0.0,0,0,0,
20260428,parabolic_uptrend,801210.SI,社会服务,81,2,0.024691358024691357,0.02,2,0,0,
20260428,parabolic_uptrend,801230.SI,综合,15,0,0.0,0.0,0,0,0,
20260428,parabolic_uptrend,801710.SI,建筑材料,72,3,0.041666666666666664,0.03,3,0,0,
20260428,parabolic_uptrend,801720.SI,建筑装饰,160,2,0.0125,0.02,2,0,0,
20260428,parabolic_uptrend,801730.SI,电力设备,392,11,0.02806122448979592,0.11,11,0,0,
20260428,parabolic_uptrend,801740.SI,国防军工,139,1,0.007194244604316547,0.01,1,0,0,
20260428,parabolic_uptrend,801750.SI,计算机,351,7,0.019943019943019943,0.07,7,0,0,
20260428,parabolic_uptrend,801760.SI,传媒,131,0,0.0,0.0,0,0,0,
20260428,parabolic_uptrend,801770.SI,通信,126,4,0.031746031746031744,0.04,4,0,0,
20260428,parabolic_uptrend,801780.SI,银行,42,0,0.0,0.0,0,0,0,
20260428,parabolic_uptrend,801790.SI,非银金融,81,0,0.0,0.0,0,0,0,
20260428,parabolic_uptrend,801880.SI,汽车,299,3,0.010033444816053512,0.03,3,0,0,
20260428,parabolic_uptrend,801890.SI,机械设备,589,18,0.030560271646859084,0.18,18,0,0,
20260428,parabolic_uptrend,801950.SI,煤炭,37,0,0.0,0.0,0,0,0,
20260428,parabolic_uptrend,801960.SI,石油石化,46,3,0.06521739130434782,0.03,3,0,0,
20260428,parabolic_uptrend,801970.SI,环保,137,4,0.029197080291970802,0.04,4,0,0,
20260428,parabolic_uptrend,801980.SI,美容护理,31,0,0.0,0.0,0,0,0,
20260429,parabolic_uptrend,801010.SI,农林牧渔,112,1,0.008928571428571428,0.01,1,0,0,
20260429,parabolic_uptrend,801030.SI,基础化工,431,9,0.02088167053364269,0.09,9,0,0,
20260429,parabolic_uptrend,801040.SI,钢铁,43,0,0.0,0.0,0,0,0,
20260429,parabolic_uptrend,801050.SI,有色金属,140,5,0.03571428571428571,0.05,5,0,0,
20260429,parabolic_uptrend,801080.SI,电子,483,10,0.020703933747412008,0.1,10,0,0,
20260429,parabolic_uptrend,801110.SI,家用电器,101,2,0.019801980198019802,0.02,2,0,0,
20260429,parabolic_uptrend,801120.SI,食品饮料,125,0,0.0,0.0,0,0,0,
20260429,parabolic_uptrend,801130.SI,纺织服饰,107,3,0.028037383177570093,0.03,3,0,0,
20260429,parabolic_uptrend,801140.SI,轻工制造,164,3,0.018292682926829267,0.03,3,0,0,
20260429,parabolic_uptrend,801150.SI,医药生物,489,3,0.006134969325153374,0.03,3,0,0,
20260429,parabolic_uptrend,801160.SI,公用事业,133,1,0.007518796992481203,0.01,1,0,0,
20260429,parabolic_uptrend,801170.SI,交通运输,126,4,0.031746031746031744,0.04,4,0,0,
20260429,parabolic_uptrend,801180.SI,房地产,98,2,0.02040816326530612,0.02,2,0,0,
20260429,parabolic_uptrend,801200.SI,商贸零售,98,0,0.0,0.0,0,0,0,
20260429,parabolic_uptrend,801210.SI,社会服务,82,2,0.024390243902439025,0.02,2,0,0,
20260429,parabolic_uptrend,801230.SI,综合,14,0,0.0,0.0,0,0,0,
20260429,parabolic_uptrend,801710.SI,建筑材料,71,3,0.04225352112676056,0.03,3,0,0,
20260429,parabolic_uptrend,801720.SI,建筑装饰,155,2,0.012903225806451613,0.02,2,0,0,
20260429,parabolic_uptrend,801730.SI,电力设备,391,11,0.028132992327365727,0.11,11,0,0,
20260429,parabolic_uptrend,801740.SI,国防军工,138,1,0.007246376811594203,0.01,1,0,0,
20260429,parabolic_uptrend,801750.SI,计算机,352,6,0.017045454545454544,0.06,6,0,0,
20260429,parabolic_uptrend,801760.SI,传媒,129,0,0.0,0.0,0,0,0,
20260429,parabolic_uptrend,801770.SI,通信,125,4,0.032,0.04,4,0,0,
20260429,parabolic_uptrend,801780.SI,银行,42,0,0.0,0.0,0,0,0,
20260429,parabolic_uptrend,801790.SI,非银金融,80,0,0.0,0.0,0,0,0,
20260429,parabolic_uptrend,801880.SI,汽车,298,3,0.010067114093959731,0.03,3,0,0,
20260429,parabolic_uptrend,801890.SI,机械设备,587,16,0.027257240204429302,0.16,16,0,0,
20260429,parabolic_uptrend,801950.SI,煤炭,37,0,0.0,0.0,0,0,0,
20260429,parabolic_uptrend,801960.SI,石油石化,48,4,0.08333333333333333,0.04,4,0,0,
20260429,parabolic_uptrend,801970.SI,环保,135,5,0.037037037037037035,0.05,5,0,0,
20260429,parabolic_uptrend,801980.SI,美容护理,31,0,0.0,0.0,0,0,0,
20260430,parabolic_uptrend,801010.SI,农林牧渔,113,1,0.008849557522123894,0.01,1,0,0,
20260430,parabolic_uptrend,801030.SI,基础化工,430,10,0.023255813953488372,0.1,10,0,0,
20260430,parabolic_uptrend,801040.SI,钢铁,43,0,0.0,0.0,0,0,0,
20260430,parabolic_uptrend,801050.SI,有色金属,141,5,0.03546099290780142,0.05,5,0,0,
20260430,parabolic_uptrend,801080.SI,电子,483,11,0.022774327122153208,0.11,11,0,0,
20260430,parabolic_uptrend,801110.SI,家用电器,102,2,0.0196078431372549,0.02,2,0,0,
20260430,parabolic_uptrend,801120.SI,食品饮料,126,0,0.0,0.0,0,0,0,
20260430,parabolic_uptrend,801130.SI,纺织服饰,103,1,0.009708737864077669,0.01,1,0,0,
20260430,parabolic_uptrend,801140.SI,轻工制造,162,2,0.012345679012345678,0.02,2,0,0,
20260430,parabolic_uptrend,801150.SI,医药生物,486,3,0.006172839506172839,0.03,3,0,0,
20260430,parabolic_uptrend,801160.SI,公用事业,133,1,0.007518796992481203,0.01,1,0,0,
20260430,parabolic_uptrend,801170.SI,交通运输,127,5,0.03937007874015748,0.05,5,0,0,
20260430,parabolic_uptrend,801180.SI,房地产,98,2,0.02040816326530612,0.02,2,0,0,
20260430,parabolic_uptrend,801200.SI,商贸零售,98,0,0.0,0.0,0,0,0,
20260430,parabolic_uptrend,801210.SI,社会服务,80,2,0.025,0.02,2,0,0,
20260430,parabolic_uptrend,801230.SI,综合,15,0,0.0,0.0,0,0,0,
20260430,parabolic_uptrend,801710.SI,建筑材料,72,3,0.041666666666666664,0.03,3,0,0,
20260430,parabolic_uptrend,801720.SI,建筑装饰,158,2,0.012658227848101266,0.02,2,0,0,
20260430,parabolic_uptrend,801730.SI,电力设备,392,12,0.030612244897959183,0.12,12,0,0,
20260430,parabolic_uptrend,801740.SI,国防军工,137,1,0.0072992700729927005,0.01,1,0,0,
20260430,parabolic_uptrend,801750.SI,计算机,350,5,0.014285714285714285,0.05,5,0,0,
20260430,parabolic_uptrend,801760.SI,传媒,131,0,0.0,0.0,0,0,0,
20260430,parabolic_uptrend,801770.SI,通信,126,4,0.031746031746031744,0.04,4,0,0,
20260430,parabolic_uptrend,801780.SI,银行,42,0,0.0,0.0,0,0,0,
20260430,parabolic_uptrend,801790.SI,非银金融,80,0,0.0,0.0,0,0,0,
20260430,parabolic_uptrend,801880.SI,汽车,300,2,0.006666666666666667,0.02,2,0,0,
20260430,parabolic_uptrend,801890.SI,机械设备,584,17,0.02910958904109589,0.17,17,0,0,
20260430,parabolic_uptrend,801950.SI,煤炭,37,0,0.0,0.0,0,0,0,
20260430,parabolic_uptrend,801960.SI,石油石化,48,4,0.08333333333333333,0.04,4,0,0,
20260430,parabolic_uptrend,801970.SI,环保,134,5,0.03731343283582089,0.05,5,0,0,
20260430,parabolic_uptrend,801980.SI,美容护理,31,0,0.0,0.0,0,0,0,
20260506,parabolic_uptrend,801010.SI,农林牧渔,114,1,0.008771929824561403,0.01,0,1,1,20260424
20260506,parabolic_uptrend,801030.SI,基础化工,432,9,0.020833333333333332,0.09,4,5,2,20260424
20260506,parabolic_uptrend,801040.SI,钢铁,43,0,0.0,0.0,0,0,0,20260424
20260506,parabolic_uptrend,801050.SI,有色金属,141,5,0.03546099290780142,0.05,0,5,1,20260424
20260506,parabolic_uptrend,801080.SI,电子,484,11,0.022727272727272728,0.11,1,10,0,20260424
20260506,parabolic_uptrend,801110.SI,家用电器,102,2,0.0196078431372549,0.02,1,1,0,20260424
20260506,parabolic_uptrend,801120.SI,食品饮料,125,0,0.0,0.0,0,0,0,20260424
20260506,parabolic_uptrend,801130.SI,纺织服饰,106,2,0.018867924528301886,0.02,1,1,2,20260424
20260506,parabolic_uptrend,801140.SI,轻工制造,164,2,0.012195121951219513,0.02,1,1,1,20260424
20260506,parabolic_uptrend,801150.SI,医药生物,492,3,0.006097560975609756,0.03,1,2,0,20260424
20260506,parabolic_uptrend,801160.SI,公用事业,133,1,0.007518796992481203,0.01,1,0,2,20260424
20260506,parabolic_uptrend,801170.SI,交通运输,127,5,0.03937007874015748,0.05,1,4,0,20260424
20260506,parabolic_uptrend,801180.SI,房地产,99,2,0.020202020202020204,0.02,2,0,0,20260424
20260506,parabolic_uptrend,801200.SI,商贸零售,98,0,0.0,0.0,0,0,0,20260424
20260506,parabolic_uptrend,801210.SI,社会服务,81,2,0.024691358024691357,0.02,0,2,0,20260424
20260506,parabolic_uptrend,801230.SI,综合,15,0,0.0,0.0,0,0,0,20260424
20260506,parabolic_uptrend,801710.SI,建筑材料,73,3,0.0410958904109589,0.03,0,3,0,20260424
20260506,parabolic_uptrend,801720.SI,建筑装饰,160,2,0.0125,0.02,0,2,0,20260424
20260506,parabolic_uptrend,801730.SI,电力设备,392,12,0.030612244897959183,0.12,4,8,3,20260424
20260506,parabolic_uptrend,801740.SI,国防军工,138,1,0.007246376811594203,0.01,1,0,1,20260424
20260506,parabolic_uptrend,801750.SI,计算机,353,5,0.014164305949008499,0.05,1,4,1,20260424
20260506,parabolic_uptrend,801760.SI,传媒,131,0,0.0,0.0,0,0,0,20260424
20260506,parabolic_uptrend,801770.SI,通信,126,4,0.031746031746031744,0.04,0,4,2,20260424
20260506,parabolic_uptrend,801780.SI,银行,42,0,0.0,0.0,0,0,0,20260424
20260506,parabolic_uptrend,801790.SI,非银金融,80,0,0.0,0.0,0,0,0,20260424
20260506,parabolic_uptrend,801880.SI,汽车,300,2,0.006666666666666667,0.02,1,1,3,20260424
20260506,parabolic_uptrend,801890.SI,机械设备,589,19,0.03225806451612903,0.19,3,16,3,20260424
20260506,parabolic_uptrend,801950.SI,煤炭,37,0,0.0,0.0,0,0,0,20260424
20260506,parabolic_uptrend,801960.SI,石油石化,48,2,0.041666666666666664,0.02,0,2,3,20260424
20260506,parabolic_uptrend,801970.SI,环保,136,5,0.03676470588235294,0.05,2,3,0,20260424
20260506,parabolic_uptrend,801980.SI,美容护理,31,0,0.0,0.0,0,0,0,20260424
20260507,parabolic_uptrend,801010.SI,农林牧渔,114,1,0.008771929824561403,0.01,0,1,1,20260427
20260507,parabolic_uptrend,801030.SI,基础化工,432,8,0.018518518518518517,0.08,3,5,2,20260427
20260507,parabolic_uptrend,801040.SI,钢铁,43,0,0.0,0.0,0,0,0,20260427
20260507,parabolic_uptrend,801050.SI,有色金属,141,5,0.03546099290780142,0.05,0,5,1,20260427
20260507,parabolic_uptrend,801080.SI,电子,484,13,0.026859504132231406,0.13,3,10,0,20260427
20260507,parabolic_uptrend,801110.SI,家用电器,102,2,0.0196078431372549,0.02,1,1,0,20260427
20260507,parabolic_uptrend,801120.SI,食品饮料,125,0,0.0,0.0,0,0,0,20260427
20260507,parabolic_uptrend,801130.SI,纺织服饰,106,2,0.018867924528301886,0.02,0,2,1,20260427
20260507,parabolic_uptrend,801140.SI,轻工制造,164,2,0.012195121951219513,0.02,0,2,1,20260427
20260507,parabolic_uptrend,801150.SI,医药生物,492,3,0.006097560975609756,0.03,0,3,0,20260427
20260507,parabolic_uptrend,801160.SI,公用事业,133,1,0.007518796992481203,0.01,1,0,2,20260427
20260507,parabolic_uptrend,801170.SI,交通运输,127,5,0.03937007874015748,0.05,1,4,0,20260427
20260507,parabolic_uptrend,801180.SI,房地产,99,2,0.020202020202020204,0.02,2,0,0,20260427
20260507,parabolic_uptrend,801200.SI,商贸零售,98,0,0.0,0.0,0,0,0,20260427
20260507,parabolic_uptrend,801210.SI,社会服务,81,2,0.024691358024691357,0.02,0,2,0,20260427
20260507,parabolic_uptrend,801230.SI,综合,15,0,0.0,0.0,0,0,0,20260427
20260507,parabolic_uptrend,801710.SI,建筑材料,73,3,0.0410958904109589,0.03,0,3,0,20260427
20260507,parabolic_uptrend,801720.SI,建筑装饰,160,2,0.0125,0.02,0,2,0,20260427
20260507,parabolic_uptrend,801730.SI,电力设备,392,11,0.02806122448979592,0.11,5,6,3,20260427
20260507,parabolic_uptrend,801740.SI,国防军工,138,1,0.007246376811594203,0.01,1,0,1,20260427
20260507,parabolic_uptrend,801750.SI,计算机,354,5,0.014124293785310734,0.05,1,4,1,20260427
20260507,parabolic_uptrend,801760.SI,传媒,131,0,0.0,0.0,0,0,0,20260427
20260507,parabolic_uptrend,801770.SI,通信,126,4,0.031746031746031744,0.04,0,4,2,20260427
20260507,parabolic_uptrend,801780.SI,银行,42,0,0.0,0.0,0,0,0,20260427
20260507,parabolic_uptrend,801790.SI,非银金融,81,0,0.0,0.0,0,0,0,20260427
20260507,parabolic_uptrend,801880.SI,汽车,300,2,0.006666666666666667,0.02,1,1,3,20260427
20260507,parabolic_uptrend,801890.SI,机械设备,589,18,0.030560271646859084,0.18,3,15,4,20260427
20260507,parabolic_uptrend,801950.SI,煤炭,37,0,0.0,0.0,0,0,0,20260427
20260507,parabolic_uptrend,801960.SI,石油石化,48,2,0.041666666666666664,0.02,0,2,3,20260427
20260507,parabolic_uptrend,801970.SI,环保,136,6,0.04411764705882353,0.06,3,3,0,20260427
20260507,parabolic_uptrend,801980.SI,美容护理,31,0,0.0,0.0,0,0,0,20260427
20260508,parabolic_uptrend,801010.SI,农林牧渔,114,1,0.008771929824561403,0.01,0,1,1,20260428
20260508,parabolic_uptrend,801030.SI,基础化工,432,8,0.018518518518518517,0.08,3,5,2,20260428
20260508,parabolic_uptrend,801040.SI,钢铁,44,0,0.0,0.0,0,0,0,20260428
20260508,parabolic_uptrend,801050.SI,有色金属,141,5,0.03546099290780142,0.05,0,5,1,20260428
20260508,parabolic_uptrend,801080.SI,电子,484,13,0.026859504132231406,0.13,4,9,1,20260428
20260508,parabolic_uptrend,801110.SI,家用电器,102,2,0.0196078431372549,0.02,0,2,0,20260428
20260508,parabolic_uptrend,801120.SI,食品饮料,125,0,0.0,0.0,0,0,0,20260428
20260508,parabolic_uptrend,801130.SI,纺织服饰,106,2,0.018867924528301886,0.02,0,2,2,20260428
20260508,parabolic_uptrend,801140.SI,轻工制造,164,2,0.012195121951219513,0.02,0,2,1,20260428
20260508,parabolic_uptrend,801150.SI,医药生物,491,3,0.006109979633401222,0.03,0,3,0,20260428
20260508,parabolic_uptrend,801160.SI,公用事业,133,1,0.007518796992481203,0.01,1,0,1,20260428
20260508,parabolic_uptrend,801170.SI,交通运输,127,5,0.03937007874015748,0.05,1,4,0,20260428
20260508,parabolic_uptrend,801180.SI,房地产,99,2,0.020202020202020204,0.02,2,0,0,20260428
20260508,parabolic_uptrend,801200.SI,商贸零售,97,0,0.0,0.0,0,0,0,20260428
20260508,parabolic_uptrend,801210.SI,社会服务,81,2,0.024691358024691357,0.02,0,2,0,20260428
20260508,parabolic_uptrend,801230.SI,综合,15,0,0.0,0.0,0,0,0,20260428
20260508,parabolic_uptrend,801710.SI,建筑材料,73,3,0.0410958904109589,0.03,0,3,0,20260428
20260508,parabolic_uptrend,801720.SI,建筑装饰,160,2,0.0125,0.02,0,2,0,20260428
20260508,parabolic_uptrend,801730.SI,电力设备,391,11,0.028132992327365727,0.11,4,7,4,20260428
20260508,parabolic_uptrend,801740.SI,国防军工,138,1,0.007246376811594203,0.01,0,1,0,20260428
20260508,parabolic_uptrend,801750.SI,计算机,354,5,0.014124293785310734,0.05,1,4,3,20260428
20260508,parabolic_uptrend,801760.SI,传媒,131,0,0.0,0.0,0,0,0,20260428
20260508,parabolic_uptrend,801770.SI,通信,126,4,0.031746031746031744,0.04,0,4,0,20260428
20260508,parabolic_uptrend,801780.SI,银行,42,0,0.0,0.0,0,0,0,20260428
20260508,parabolic_uptrend,801790.SI,非银金融,81,0,0.0,0.0,0,0,0,20260428
20260508,parabolic_uptrend,801880.SI,汽车,300,3,0.01,0.03,2,1,2,20260428
20260508,parabolic_uptrend,801890.SI,机械设备,589,17,0.028862478777589132,0.17,3,14,4,20260428
20260508,parabolic_uptrend,801950.SI,煤炭,37,0,0.0,0.0,0,0,0,20260428
20260508,parabolic_uptrend,801960.SI,石油石化,48,2,0.041666666666666664,0.02,0,2,1,20260428
20260508,parabolic_uptrend,801970.SI,环保,136,6,0.04411764705882353,0.06,2,4,0,20260428
20260508,parabolic_uptrend,801980.SI,美容护理,31,0,0.0,0.0,0,0,0,20260428
20260511,parabolic_uptrend,801010.SI,农林牧渔,114,0,0.0,0.0,0,0,1,20260429
20260511,parabolic_uptrend,801030.SI,基础化工,432,8,0.018518518518518517,0.08,2,6,3,20260429
20260511,parabolic_uptrend,801040.SI,钢铁,44,0,0.0,0.0,0,0,0,20260429
20260511,parabolic_uptrend,801050.SI,有色金属,141,4,0.028368794326241134,0.04,0,4,1,20260429
20260511,parabolic_uptrend,801080.SI,电子,483,16,0.033126293995859216,0.16,7,9,1,20260429
20260511,parabolic_uptrend,801110.SI,家用电器,101,2,0.019801980198019802,0.02,0,2,0,20260429
20260511,parabolic_uptrend,801120.SI,食品饮料,125,0,0.0,0.0,0,0,0,20260429
20260511,parabolic_uptrend,801130.SI,纺织服饰,106,2,0.018867924528301886,0.02,0,2,1,20260429
20260511,parabolic_uptrend,801140.SI,轻工制造,164,2,0.012195121951219513,0.02,0,2,1,20260429
20260511,parabolic_uptrend,801150.SI,医药生物,491,3,0.006109979633401222,0.03,0,3,0,20260429
20260511,parabolic_uptrend,801160.SI,公用事业,133,1,0.007518796992481203,0.01,1,0,1,20260429
20260511,parabolic_uptrend,801170.SI,交通运输,127,5,0.03937007874015748,0.05,1,4,0,20260429
20260511,parabolic_uptrend,801180.SI,房地产,99,2,0.020202020202020204,0.02,0,2,0,20260429
20260511,parabolic_uptrend,801200.SI,商贸零售,97,0,0.0,0.0,0,0,0,20260429
20260511,parabolic_uptrend,801210.SI,社会服务,81,2,0.024691358024691357,0.02,0,2,0,20260429
20260511,parabolic_uptrend,801230.SI,综合,15,0,0.0,0.0,0,0,0,20260429
20260511,parabolic_uptrend,801710.SI,建筑材料,73,3,0.0410958904109589,0.03,0,3,0,20260429
20260511,parabolic_uptrend,801720.SI,建筑装饰,160,2,0.0125,0.02,0,2,0,20260429
20260511,parabolic_uptrend,801730.SI,电力设备,392,11,0.02806122448979592,0.11,3,8,3,20260429
20260511,parabolic_uptrend,801740.SI,国防军工,138,1,0.007246376811594203,0.01,0,1,0,20260429
20260511,parabolic_uptrend,801750.SI,计算机,354,5,0.014124293785310734,0.05,1,4,2,20260429
20260511,parabolic_uptrend,801760.SI,传媒,131,0,0.0,0.0,0,0,0,20260429
20260511,parabolic_uptrend,801770.SI,通信,125,4,0.032,0.04,0,4,0,20260429
20260511,parabolic_uptrend,801780.SI,银行,42,0,0.0,0.0,0,0,0,20260429
20260511,parabolic_uptrend,801790.SI,非银金融,81,0,0.0,0.0,0,0,0,20260429
20260511,parabolic_uptrend,801880.SI,汽车,300,3,0.01,0.03,2,1,2,20260429
20260511,parabolic_uptrend,801890.SI,机械设备,589,17,0.028862478777589132,0.17,3,14,2,20260429
20260511,parabolic_uptrend,801950.SI,煤炭,37,0,0.0,0.0,0,0,0,20260429
20260511,parabolic_uptrend,801960.SI,石油石化,48,1,0.020833333333333332,0.01,0,1,3,20260429
20260511,parabolic_uptrend,801970.SI,环保,136,6,0.04411764705882353,0.06,1,5,0,20260429
20260511,parabolic_uptrend,801980.SI,美容护理,31,0,0.0,0.0,0,0,0,20260429
20260512,parabolic_uptrend,801010.SI,农林牧渔,112,0,0.0,0.0,0,0,1,20260430
20260512,parabolic_uptrend,801030.SI,基础化工,432,8,0.018518518518518517,0.08,1,7,3,20260430
20260512,parabolic_uptrend,801040.SI,钢铁,44,0,0.0,0.0,0,0,0,20260430
20260512,parabolic_uptrend,801050.SI,有色金属,141,3,0.02127659574468085,0.03,0,3,2,20260430
20260512,parabolic_uptrend,801080.SI,电子,484,17,0.03512396694214876,0.17,7,10,1,20260430
20260512,parabolic_uptrend,801110.SI,家用电器,101,2,0.019801980198019802,0.02,0,2,0,20260430
20260512,parabolic_uptrend,801120.SI,食品饮料,125,0,0.0,0.0,0,0,0,20260430
20260512,parabolic_uptrend,801130.SI,纺织服饰,106,2,0.018867924528301886,0.02,1,1,0,20260430
20260512,parabolic_uptrend,801140.SI,轻工制造,164,2,0.012195121951219513,0.02,1,1,1,20260430
20260512,parabolic_uptrend,801150.SI,医药生物,491,3,0.006109979633401222,0.03,0,3,0,20260430
20260512,parabolic_uptrend,801160.SI,公用事业,133,2,0.015037593984962405,0.02,2,0,1,20260430
20260512,parabolic_uptrend,801170.SI,交通运输,127,5,0.03937007874015748,0.05,0,5,0,20260430
20260512,parabolic_uptrend,801180.SI,房地产,99,2,0.020202020202020204,0.02,0,2,0,20260430
20260512,parabolic_uptrend,801200.SI,商贸零售,98,0,0.0,0.0,0,0,0,20260430
20260512,parabolic_uptrend,801210.SI,社会服务,81,2,0.024691358024691357,0.02,0,2,0,20260430
20260512,parabolic_uptrend,801230.SI,综合,15,0,0.0,0.0,0,0,0,20260430
20260512,parabolic_uptrend,801710.SI,建筑材料,73,3,0.0410958904109589,0.03,0,3,0,20260430
20260512,parabolic_uptrend,801720.SI,建筑装饰,160,2,0.0125,0.02,0,2,0,20260430
20260512,parabolic_uptrend,801730.SI,电力设备,393,10,0.02544529262086514,0.1,1,9,3,20260430
20260512,parabolic_uptrend,801740.SI,国防军工,138,1,0.007246376811594203,0.01,0,1,0,20260430
20260512,parabolic_uptrend,801750.SI,计算机,354,5,0.014124293785310734,0.05,2,3,2,20260430
20260512,parabolic_uptrend,801760.SI,传媒,131,0,0.0,0.0,0,0,0,20260430
20260512,parabolic_uptrend,801770.SI,通信,126,4,0.031746031746031744,0.04,0,4,0,20260430
20260512,parabolic_uptrend,801780.SI,银行,42,0,0.0,0.0,0,0,0,20260430
20260512,parabolic_uptrend,801790.SI,非银金融,81,0,0.0,0.0,0,0,0,20260430
20260512,parabolic_uptrend,801880.SI,汽车,300,4,0.013333333333333334,0.04,3,1,1,20260430
20260512,parabolic_uptrend,801890.SI,机械设备,588,16,0.027210884353741496,0.16,2,14,3,20260430
20260512,parabolic_uptrend,801950.SI,煤炭,37,0,0.0,0.0,0,0,0,20260430
20260512,parabolic_uptrend,801960.SI,石油石化,48,0,0.0,0.0,0,0,4,20260430
20260512,parabolic_uptrend,801970.SI,环保,135,7,0.05185185185185185,0.07,2,5,0,20260430
20260512,parabolic_uptrend,801980.SI,美容护理,31,0,0.0,0.0,0,0,0,20260430
20260513,parabolic_uptrend,801010.SI,农林牧渔,114,0,0.0,0.0,0,0,1,20260506
20260513,parabolic_uptrend,801030.SI,基础化工,432,8,0.018518518518518517,0.08,1,7,2,20260506
20260513,parabolic_uptrend,801040.SI,钢铁,44,0,0.0,0.0,0,0,0,20260506
20260513,parabolic_uptrend,801050.SI,有色金属,141,4,0.028368794326241134,0.04,1,3,2,20260506
20260513,parabolic_uptrend,801080.SI,电子,484,17,0.03512396694214876,0.17,8,9,2,20260506
20260513,parabolic_uptrend,801110.SI,家用电器,101,2,0.019801980198019802,0.02,0,2,0,20260506
20260513,parabolic_uptrend,801120.SI,食品饮料,126,0,0.0,0.0,0,0,0,20260506
20260513,parabolic_uptrend,801130.SI,纺织服饰,106,2,0.018867924528301886,0.02,0,2,0,20260506
20260513,parabolic_uptrend,801140.SI,轻工制造,164,0,0.0,0.0,0,0,2,20260506
20260513,parabolic_uptrend,801150.SI,医药生物,491,3,0.006109979633401222,0.03,0,3,0,20260506
20260513,parabolic_uptrend,801160.SI,公用事业,133,2,0.015037593984962405,0.02,1,1,0,20260506
20260513,parabolic_uptrend,801170.SI,交通运输,127,4,0.031496062992125984,0.04,0,4,1,20260506
20260513,parabolic_uptrend,801180.SI,房地产,99,2,0.020202020202020204,0.02,0,2,0,20260506
20260513,parabolic_uptrend,801200.SI,商贸零售,98,0,0.0,0.0,0,0,0,20260506
20260513,parabolic_uptrend,801210.SI,社会服务,81,2,0.024691358024691357,0.02,0,2,0,20260506
20260513,parabolic_uptrend,801230.SI,综合,15,0,0.0,0.0,0,0,0,20260506
20260513,parabolic_uptrend,801710.SI,建筑材料,73,3,0.0410958904109589,0.03,0,3,0,20260506
20260513,parabolic_uptrend,801720.SI,建筑装饰,160,2,0.0125,0.02,0,2,0,20260506
20260513,parabolic_uptrend,801730.SI,电力设备,394,12,0.030456852791878174,0.12,2,10,2,20260506
20260513,parabolic_uptrend,801740.SI,国防军工,139,1,0.007194244604316547,0.01,0,1,0,20260506
20260513,parabolic_uptrend,801750.SI,计算机,354,6,0.01694915254237288,0.06,2,4,1,20260506
20260513,parabolic_uptrend,801760.SI,传媒,131,0,0.0,0.0,0,0,0,20260506
20260513,parabolic_uptrend,801770.SI,通信,126,4,0.031746031746031744,0.04,0,4,0,20260506
20260513,parabolic_uptrend,801780.SI,银行,42,0,0.0,0.0,0,0,0,20260506
20260513,parabolic_uptrend,801790.SI,非银金融,81,0,0.0,0.0,0,0,0,20260506
20260513,parabolic_uptrend,801880.SI,汽车,299,3,0.010033444816053512,0.03,2,1,1,20260506
20260513,parabolic_uptrend,801890.SI,机械设备,588,16,0.027210884353741496,0.16,0,16,3,20260506
20260513,parabolic_uptrend,801950.SI,煤炭,37,0,0.0,0.0,0,0,0,20260506
20260513,parabolic_uptrend,801960.SI,石油石化,48,0,0.0,0.0,0,0,2,20260506
20260513,parabolic_uptrend,801970.SI,环保,135,7,0.05185185185185185,0.07,2,5,0,20260506
20260513,parabolic_uptrend,801980.SI,美容护理,31,0,0.0,0.0,0,0,0,20260506
20260514,parabolic_uptrend,801010.SI,农林牧渔,114,0,0.0,0.0,0,0,1,20260507
20260514,parabolic_uptrend,801030.SI,基础化工,432,9,0.020833333333333332,0.09,2,7,1,20260507
20260514,parabolic_uptrend,801040.SI,钢铁,44,0,0.0,0.0,0,0,0,20260507
20260514,parabolic_uptrend,801050.SI,有色金属,141,3,0.02127659574468085,0.03,1,2,3,20260507
20260514,parabolic_uptrend,801080.SI,电子,484,17,0.03512396694214876,0.17,6,11,2,20260507
20260514,parabolic_uptrend,801110.SI,家用电器,101,2,0.019801980198019802,0.02,0,2,0,20260507
20260514,parabolic_uptrend,801120.SI,食品饮料,126,0,0.0,0.0,0,0,0,20260507
20260514,parabolic_uptrend,801130.SI,纺织服饰,106,2,0.018867924528301886,0.02,0,2,0,20260507
20260514,parabolic_uptrend,801140.SI,轻工制造,164,0,0.0,0.0,0,0,2,20260507
20260514,parabolic_uptrend,801150.SI,医药生物,491,1,0.002036659877800407,0.01,0,1,2,20260507
20260514,parabolic_uptrend,801160.SI,公用事业,133,2,0.015037593984962405,0.02,1,1,0,20260507
20260514,parabolic_uptrend,801170.SI,交通运输,127,4,0.031496062992125984,0.04,0,4,1,20260507
20260514,parabolic_uptrend,801180.SI,房地产,99,2,0.020202020202020204,0.02,0,2,0,20260507
20260514,parabolic_uptrend,801200.SI,商贸零售,98,0,0.0,0.0,0,0,0,20260507
20260514,parabolic_uptrend,801210.SI,社会服务,81,2,0.024691358024691357,0.02,0,2,0,20260507
20260514,parabolic_uptrend,801230.SI,综合,15,0,0.0,0.0,0,0,0,20260507
20260514,parabolic_uptrend,801710.SI,建筑材料,73,3,0.0410958904109589,0.03,0,3,0,20260507
20260514,parabolic_uptrend,801720.SI,建筑装饰,160,2,0.0125,0.02,0,2,0,20260507
20260514,parabolic_uptrend,801730.SI,电力设备,394,12,0.030456852791878174,0.12,1,11,0,20260507
20260514,parabolic_uptrend,801740.SI,国防军工,139,1,0.007194244604316547,0.01,0,1,0,20260507
20260514,parabolic_uptrend,801750.SI,计算机,354,7,0.01977401129943503,0.07,4,3,2,20260507
20260514,parabolic_uptrend,801760.SI,传媒,131,0,0.0,0.0,0,0,0,20260507
20260514,parabolic_uptrend,801770.SI,通信,126,5,0.03968253968253968,0.05,1,4,0,20260507
20260514,parabolic_uptrend,801780.SI,银行,42,0,0.0,0.0,0,0,0,20260507
20260514,parabolic_uptrend,801790.SI,非银金融,81,0,0.0,0.0,0,0,0,20260507
20260514,parabolic_uptrend,801880.SI,汽车,299,3,0.010033444816053512,0.03,2,1,1,20260507
20260514,parabolic_uptrend,801890.SI,机械设备,588,16,0.027210884353741496,0.16,0,16,2,20260507
20260514,parabolic_uptrend,801950.SI,煤炭,37,0,0.0,0.0,0,0,0,20260507
20260514,parabolic_uptrend,801960.SI,石油石化,47,0,0.0,0.0,0,0,2,20260507
20260514,parabolic_uptrend,801970.SI,环保,136,7,0.051470588235294115,0.07,1,6,0,20260507
20260514,parabolic_uptrend,801980.SI,美容护理,31,0,0.0,0.0,0,0,0,20260507
20260515,parabolic_uptrend,801010.SI,农林牧渔,114,0,0.0,0.0,0,0,1,20260508
20260515,parabolic_uptrend,801030.SI,基础化工,432,8,0.018518518518518517,0.08,1,7,1,20260508
20260515,parabolic_uptrend,801040.SI,钢铁,44,0,0.0,0.0,0,0,0,20260508
20260515,parabolic_uptrend,801050.SI,有色金属,141,3,0.02127659574468085,0.03,1,2,3,20260508
20260515,parabolic_uptrend,801080.SI,电子,484,18,0.0371900826446281,0.18,6,12,1,20260508
20260515,parabolic_uptrend,801110.SI,家用电器,101,2,0.019801980198019802,0.02,0,2,0,20260508
20260515,parabolic_uptrend,801120.SI,食品饮料,126,0,0.0,0.0,0,0,0,20260508
20260515,parabolic_uptrend,801130.SI,纺织服饰,106,2,0.018867924528301886,0.02,0,2,0,20260508
20260515,parabolic_uptrend,801140.SI,轻工制造,165,0,0.0,0.0,0,0,2,20260508
20260515,parabolic_uptrend,801150.SI,医药生物,492,0,0.0,0.0,0,0,3,20260508
20260515,parabolic_uptrend,801160.SI,公用事业,133,2,0.015037593984962405,0.02,1,1,0,20260508
20260515,parabolic_uptrend,801170.SI,交通运输,127,4,0.031496062992125984,0.04,0,4,1,20260508
20260515,parabolic_uptrend,801180.SI,房地产,99,2,0.020202020202020204,0.02,0,2,0,20260508
20260515,parabolic_uptrend,801200.SI,商贸零售,98,0,0.0,0.0,0,0,0,20260508
20260515,parabolic_uptrend,801210.SI,社会服务,80,0,0.0,0.0,0,0,2,20260508
20260515,parabolic_uptrend,801230.SI,综合,15,0,0.0,0.0,0,0,0,20260508
20260515,parabolic_uptrend,801710.SI,建筑材料,73,3,0.0410958904109589,0.03,0,3,0,20260508
20260515,parabolic_uptrend,801720.SI,建筑装饰,160,2,0.0125,0.02,0,2,0,20260508
20260515,parabolic_uptrend,801730.SI,电力设备,394,12,0.030456852791878174,0.12,1,11,0,20260508
20260515,parabolic_uptrend,801740.SI,国防军工,139,2,0.014388489208633094,0.02,1,1,0,20260508
20260515,parabolic_uptrend,801750.SI,计算机,354,7,0.01977401129943503,0.07,4,3,2,20260508
20260515,parabolic_uptrend,801760.SI,传媒,131,0,0.0,0.0,0,0,0,20260508
20260515,parabolic_uptrend,801770.SI,通信,126,6,0.047619047619047616,0.06,2,4,0,20260508
20260515,parabolic_uptrend,801780.SI,银行,42,0,0.0,0.0,0,0,0,20260508
20260515,parabolic_uptrend,801790.SI,非银金融,81,0,0.0,0.0,0,0,0,20260508
20260515,parabolic_uptrend,801880.SI,汽车,299,3,0.010033444816053512,0.03,2,1,2,20260508
20260515,parabolic_uptrend,801890.SI,机械设备,588,17,0.02891156462585034,0.17,1,16,1,20260508
20260515,parabolic_uptrend,801950.SI,煤炭,37,0,0.0,0.0,0,0,0,20260508
20260515,parabolic_uptrend,801960.SI,石油石化,47,0,0.0,0.0,0,0,2,20260508
20260515,parabolic_uptrend,801970.SI,环保,136,7,0.051470588235294115,0.07,1,6,0,20260508
20260515,parabolic_uptrend,801980.SI,美容护理,31,0,0.0,0.0,0,0,0,20260508
20260518,parabolic_uptrend,801010.SI,农林牧渔,114,0,0.0,0.0,0,0,0,20260511
20260518,parabolic_uptrend,801030.SI,基础化工,432,8,0.018518518518518517,0.08,1,7,1,20260511
20260518,parabolic_uptrend,801040.SI,钢铁,44,0,0.0,0.0,0,0,0,20260511
20260518,parabolic_uptrend,801050.SI,有色金属,141,3,0.02127659574468085,0.03,1,2,2,20260511
20260518,parabolic_uptrend,801080.SI,电子,484,18,0.0371900826446281,0.18,3,15,1,20260511
20260518,parabolic_uptrend,801110.SI,家用电器,102,2,0.0196078431372549,0.02,0,2,0,20260511
20260518,parabolic_uptrend,801120.SI,食品饮料,126,0,0.0,0.0,0,0,0,20260511
20260518,parabolic_uptrend,801130.SI,纺织服饰,106,2,0.018867924528301886,0.02,0,2,0,20260511
20260518,parabolic_uptrend,801140.SI,轻工制造,165,0,0.0,0.0,0,0,2,20260511
20260518,parabolic_uptrend,801150.SI,医药生物,492,0,0.0,0.0,0,0,3,20260511
20260518,parabolic_uptrend,801160.SI,公用事业,133,2,0.015037593984962405,0.02,1,1,0,20260511
20260518,parabolic_uptrend,801170.SI,交通运输,127,4,0.031496062992125984,0.04,0,4,1,20260511
20260518,parabolic_uptrend,801180.SI,房地产,99,2,0.020202020202020204,0.02,0,2,0,20260511
20260518,parabolic_uptrend,801200.SI,商贸零售,98,0,0.0,0.0,0,0,0,20260511
20260518,parabolic_uptrend,801210.SI,社会服务,81,0,0.0,0.0,0,0,2,20260511
20260518,parabolic_uptrend,801230.SI,综合,15,0,0.0,0.0,0,0,0,20260511
20260518,parabolic_uptrend,801710.SI,建筑材料,73,3,0.0410958904109589,0.03,0,3,0,20260511
20260518,parabolic_uptrend,801720.SI,建筑装饰,160,2,0.0125,0.02,0,2,0,20260511
20260518,parabolic_uptrend,801730.SI,电力设备,394,12,0.030456852791878174,0.12,1,11,0,20260511
20260518,parabolic_uptrend,801740.SI,国防军工,139,2,0.014388489208633094,0.02,1,1,0,20260511
20260518,parabolic_uptrend,801750.SI,计算机,354,7,0.01977401129943503,0.07,4,3,2,20260511
20260518,parabolic_uptrend,801760.SI,传媒,131,0,0.0,0.0,0,0,0,20260511
20260518,parabolic_uptrend,801770.SI,通信,126,6,0.047619047619047616,0.06,2,4,0,20260511
20260518,parabolic_uptrend,801780.SI,银行,42,0,0.0,0.0,0,0,0,20260511
20260518,parabolic_uptrend,801790.SI,非银金融,81,0,0.0,0.0,0,0,0,20260511
20260518,parabolic_uptrend,801880.SI,汽车,299,3,0.010033444816053512,0.03,2,1,2,20260511
20260518,parabolic_uptrend,801890.SI,机械设备,588,17,0.02891156462585034,0.17,1,16,1,20260511
20260518,parabolic_uptrend,801950.SI,煤炭,37,0,0.0,0.0,0,0,0,20260511
20260518,parabolic_uptrend,801960.SI,石油石化,47,0,0.0,0.0,0,0,1,20260511
20260518,parabolic_uptrend,801970.SI,环保,136,7,0.051470588235294115,0.07,1,6,0,20260511
20260518,parabolic_uptrend,801980.SI,美容护理,31,0,0.0,0.0,0,0,0,20260511
20260519,parabolic_uptrend,801010.SI,农林牧渔,114,0,0.0,0.0,0,0,0,20260512
20260519,parabolic_uptrend,801030.SI,基础化工,432,8,0.018518518518518517,0.08,2,6,2,20260512
20260519,parabolic_uptrend,801040.SI,钢铁,44,0,0.0,0.0,0,0,0,20260512
20260519,parabolic_uptrend,801050.SI,有色金属,141,3,0.02127659574468085,0.03,1,2,1,20260512
20260519,parabolic_uptrend,801080.SI,电子,483,17,0.035196687370600416,0.17,2,15,2,20260512
20260519,parabolic_uptrend,801110.SI,家用电器,102,2,0.0196078431372549,0.02,0,2,0,20260512
20260519,parabolic_uptrend,801120.SI,食品饮料,126,0,0.0,0.0,0,0,0,20260512
20260519,parabolic_uptrend,801130.SI,纺织服饰,106,1,0.009433962264150943,0.01,0,1,1,20260512
20260519,parabolic_uptrend,801140.SI,轻工制造,165,0,0.0,0.0,0,0,2,20260512
20260519,parabolic_uptrend,801150.SI,医药生物,491,1,0.002036659877800407,0.01,1,0,3,20260512
20260519,parabolic_uptrend,801160.SI,公用事业,133,2,0.015037593984962405,0.02,0,2,0,20260512
20260519,parabolic_uptrend,801170.SI,交通运输,127,4,0.031496062992125984,0.04,0,4,1,20260512
20260519,parabolic_uptrend,801180.SI,房地产,99,2,0.020202020202020204,0.02,0,2,0,20260512
20260519,parabolic_uptrend,801200.SI,商贸零售,98,0,0.0,0.0,0,0,0,20260512
20260519,parabolic_uptrend,801210.SI,社会服务,81,0,0.0,0.0,0,0,2,20260512
20260519,parabolic_uptrend,801230.SI,综合,15,0,0.0,0.0,0,0,0,20260512
20260519,parabolic_uptrend,801710.SI,建筑材料,73,3,0.0410958904109589,0.03,0,3,0,20260512
20260519,parabolic_uptrend,801720.SI,建筑装饰,160,2,0.0125,0.02,0,2,0,20260512
20260519,parabolic_uptrend,801730.SI,电力设备,394,11,0.027918781725888325,0.11,2,9,1,20260512
20260519,parabolic_uptrend,801740.SI,国防军工,139,2,0.014388489208633094,0.02,1,1,0,20260512
20260519,parabolic_uptrend,801750.SI,计算机,353,7,0.019830028328611898,0.07,3,4,1,20260512
20260519,parabolic_uptrend,801760.SI,传媒,131,0,0.0,0.0,0,0,0,20260512
20260519,parabolic_uptrend,801770.SI,通信,126,6,0.047619047619047616,0.06,2,4,0,20260512
20260519,parabolic_uptrend,801780.SI,银行,42,0,0.0,0.0,0,0,0,20260512
20260519,parabolic_uptrend,801790.SI,非银金融,81,0,0.0,0.0,0,0,0,20260512
20260519,parabolic_uptrend,801880.SI,汽车,299,4,0.013377926421404682,0.04,2,2,2,20260512
20260519,parabolic_uptrend,801890.SI,机械设备,587,18,0.030664395229982964,0.18,2,16,0,20260512
20260519,parabolic_uptrend,801950.SI,煤炭,37,0,0.0,0.0,0,0,0,20260512
20260519,parabolic_uptrend,801960.SI,石油石化,47,0,0.0,0.0,0,0,0,20260512
20260519,parabolic_uptrend,801970.SI,环保,136,7,0.051470588235294115,0.07,0,7,0,20260512
20260519,parabolic_uptrend,801980.SI,美容护理,31,0,0.0,0.0,0,0,0,20260512
20260520,parabolic_uptrend,801010.SI,农林牧渔,114,0,0.0,0.0,0,0,0,20260513
20260520,parabolic_uptrend,801030.SI,基础化工,432,8,0.018518518518518517,0.08,2,6,2,20260513
20260520,parabolic_uptrend,801040.SI,钢铁,44,0,0.0,0.0,0,0,0,20260513
20260520,parabolic_uptrend,801050.SI,有色金属,141,2,0.014184397163120567,0.02,0,2,2,20260513
20260520,parabolic_uptrend,801080.SI,电子,484,16,0.03305785123966942,0.16,1,15,2,20260513
20260520,parabolic_uptrend,801110.SI,家用电器,102,1,0.00980392156862745,0.01,0,1,1,20260513
20260520,parabolic_uptrend,801120.SI,食品饮料,126,0,0.0,0.0,0,0,0,20260513
20260520,parabolic_uptrend,801130.SI,纺织服饰,106,1,0.009433962264150943,0.01,0,1,1,20260513
20260520,parabolic_uptrend,801140.SI,轻工制造,165,0,0.0,0.0,0,0,0,20260513
20260520,parabolic_uptrend,801150.SI,医药生物,492,1,0.0020325203252032522,0.01,1,0,3,20260513
20260520,parabolic_uptrend,801160.SI,公用事业,133,3,0.022556390977443608,0.03,1,2,0,20260513
20260520,parabolic_uptrend,801170.SI,交通运输,127,4,0.031496062992125984,0.04,0,4,0,20260513
20260520,parabolic_uptrend,801180.SI,房地产,98,2,0.02040816326530612,0.02,0,2,0,20260513
20260520,parabolic_uptrend,801200.SI,商贸零售,98,0,0.0,0.0,0,0,0,20260513
20260520,parabolic_uptrend,801210.SI,社会服务,81,1,0.012345679012345678,0.01,0,1,1,20260513
20260520,parabolic_uptrend,801230.SI,综合,15,0,0.0,0.0,0,0,0,20260513
20260520,parabolic_uptrend,801710.SI,建筑材料,73,3,0.0410958904109589,0.03,0,3,0,20260513
20260520,parabolic_uptrend,801720.SI,建筑装饰,159,2,0.012578616352201259,0.02,0,2,0,20260513
20260520,parabolic_uptrend,801730.SI,电力设备,395,11,0.027848101265822784,0.11,2,9,3,20260513
20260520,parabolic_uptrend,801740.SI,国防军工,140,2,0.014285714285714285,0.02,1,1,0,20260513
20260520,parabolic_uptrend,801750.SI,计算机,354,7,0.01977401129943503,0.07,2,5,1,20260513
20260520,parabolic_uptrend,801760.SI,传媒,131,0,0.0,0.0,0,0,0,20260513
20260520,parabolic_uptrend,801770.SI,通信,126,7,0.05555555555555555,0.07,3,4,0,20260513
20260520,parabolic_uptrend,801780.SI,银行,42,0,0.0,0.0,0,0,0,20260513
20260520,parabolic_uptrend,801790.SI,非银金融,81,0,0.0,0.0,0,0,0,20260513
20260520,parabolic_uptrend,801880.SI,汽车,299,4,0.013377926421404682,0.04,2,2,1,20260513
20260520,parabolic_uptrend,801890.SI,机械设备,588,18,0.030612244897959183,0.18,3,15,1,20260513
20260520,parabolic_uptrend,801950.SI,煤炭,37,0,0.0,0.0,0,0,0,20260513
20260520,parabolic_uptrend,801960.SI,石油石化,47,0,0.0,0.0,0,0,0,20260513
20260520,parabolic_uptrend,801970.SI,环保,136,7,0.051470588235294115,0.07,0,7,0,20260513
20260520,parabolic_uptrend,801980.SI,美容护理,31,0,0.0,0.0,0,0,0,20260513
20260521,parabolic_uptrend,801010.SI,农林牧渔,114,0,0.0,0.0,0,0,0,20260514
20260521,parabolic_uptrend,801030.SI,基础化工,432,6,0.013888888888888888,0.06,1,5,4,20260514
20260521,parabolic_uptrend,801040.SI,钢铁,44,0,0.0,0.0,0,0,0,20260514
20260521,parabolic_uptrend,801050.SI,有色金属,141,2,0.014184397163120567,0.02,0,2,1,20260514
20260521,parabolic_uptrend,801080.SI,电子,484,15,0.030991735537190084,0.15,2,13,4,20260514
20260521,parabolic_uptrend,801110.SI,家用电器,102,1,0.00980392156862745,0.01,0,1,1,20260514
20260521,parabolic_uptrend,801120.SI,食品饮料,126,0,0.0,0.0,0,0,0,20260514
20260521,parabolic_uptrend,801130.SI,纺织服饰,106,1,0.009433962264150943,0.01,0,1,1,20260514
20260521,parabolic_uptrend,801140.SI,轻工制造,165,0,0.0,0.0,0,0,0,20260514
20260521,parabolic_uptrend,801150.SI,医药生物,492,1,0.0020325203252032522,0.01,1,0,1,20260514
20260521,parabolic_uptrend,801160.SI,公用事业,133,4,0.03007518796992481,0.04,2,2,0,20260514
20260521,parabolic_uptrend,801170.SI,交通运输,127,4,0.031496062992125984,0.04,0,4,0,20260514
20260521,parabolic_uptrend,801180.SI,房地产,99,2,0.020202020202020204,0.02,0,2,0,20260514
20260521,parabolic_uptrend,801200.SI,商贸零售,98,0,0.0,0.0,0,0,0,20260514
20260521,parabolic_uptrend,801210.SI,社会服务,81,1,0.012345679012345678,0.01,0,1,1,20260514
20260521,parabolic_uptrend,801230.SI,综合,15,0,0.0,0.0,0,0,0,20260514
20260521,parabolic_uptrend,801710.SI,建筑材料,73,3,0.0410958904109589,0.03,0,3,0,20260514
20260521,parabolic_uptrend,801720.SI,建筑装饰,160,2,0.0125,0.02,0,2,0,20260514
20260521,parabolic_uptrend,801730.SI,电力设备,395,12,0.030379746835443037,0.12,3,9,3,20260514
20260521,parabolic_uptrend,801740.SI,国防军工,140,1,0.007142857142857143,0.01,1,0,1,20260514
20260521,parabolic_uptrend,801750.SI,计算机,354,8,0.022598870056497175,0.08,1,7,0,20260514
20260521,parabolic_uptrend,801760.SI,传媒,131,0,0.0,0.0,0,0,0,20260514
20260521,parabolic_uptrend,801770.SI,通信,126,7,0.05555555555555555,0.07,2,5,0,20260514
20260521,parabolic_uptrend,801780.SI,银行,42,0,0.0,0.0,0,0,0,20260514
20260521,parabolic_uptrend,801790.SI,非银金融,81,0,0.0,0.0,0,0,0,20260514
20260521,parabolic_uptrend,801880.SI,汽车,299,4,0.013377926421404682,0.04,2,2,1,20260514
20260521,parabolic_uptrend,801890.SI,机械设备,588,19,0.03231292517006803,0.19,4,15,1,20260514
20260521,parabolic_uptrend,801950.SI,煤炭,37,0,0.0,0.0,0,0,0,20260514
20260521,parabolic_uptrend,801960.SI,石油石化,48,0,0.0,0.0,0,0,0,20260514
20260521,parabolic_uptrend,801970.SI,环保,136,7,0.051470588235294115,0.07,0,7,0,20260514
20260521,parabolic_uptrend,801980.SI,美容护理,31,0,0.0,0.0,0,0,0,20260514
20260522,parabolic_uptrend,801010.SI,农林牧渔,114,0,0.0,0.0,0,0,0,20260515
20260522,parabolic_uptrend,801030.SI,基础化工,432,5,0.011574074074074073,0.05,1,4,4,20260515
20260522,parabolic_uptrend,801040.SI,钢铁,44,0,0.0,0.0,0,0,0,20260515
20260522,parabolic_uptrend,801050.SI,有色金属,141,2,0.014184397163120567,0.02,0,2,1,20260515
20260522,parabolic_uptrend,801080.SI,电子,484,14,0.028925619834710745,0.14,1,13,5,20260515
20260522,parabolic_uptrend,801110.SI,家用电器,102,2,0.0196078431372549,0.02,1,1,1,20260515
20260522,parabolic_uptrend,801120.SI,食品饮料,126,0,0.0,0.0,0,0,0,20260515
20260522,parabolic_uptrend,801130.SI,纺织服饰,106,1,0.009433962264150943,0.01,0,1,1,20260515
20260522,parabolic_uptrend,801140.SI,轻工制造,165,1,0.006060606060606061,0.01,1,0,0,20260515
20260522,parabolic_uptrend,801150.SI,医药生物,491,1,0.002036659877800407,0.01,1,0,0,20260515
20260522,parabolic_uptrend,801160.SI,公用事业,133,3,0.022556390977443608,0.03,2,1,1,20260515
20260522,parabolic_uptrend,801170.SI,交通运输,127,4,0.031496062992125984,0.04,0,4,0,20260515
20260522,parabolic_uptrend,801180.SI,房地产,99,2,0.020202020202020204,0.02,0,2,0,20260515
20260522,parabolic_uptrend,801200.SI,商贸零售,98,0,0.0,0.0,0,0,0,20260515
20260522,parabolic_uptrend,801210.SI,社会服务,81,1,0.012345679012345678,0.01,1,0,0,20260515
20260522,parabolic_uptrend,801230.SI,综合,15,0,0.0,0.0,0,0,0,20260515
20260522,parabolic_uptrend,801710.SI,建筑材料,73,3,0.0410958904109589,0.03,0,3,0,20260515
20260522,parabolic_uptrend,801720.SI,建筑装饰,160,2,0.0125,0.02,0,2,0,20260515
20260522,parabolic_uptrend,801730.SI,电力设备,395,12,0.030379746835443037,0.12,3,9,3,20260515
20260522,parabolic_uptrend,801740.SI,国防军工,140,1,0.007142857142857143,0.01,0,1,1,20260515
20260522,parabolic_uptrend,801750.SI,计算机,354,8,0.022598870056497175,0.08,1,7,0,20260515
20260522,parabolic_uptrend,801760.SI,传媒,131,0,0.0,0.0,0,0,0,20260515
20260522,parabolic_uptrend,801770.SI,通信,126,7,0.05555555555555555,0.07,1,6,0,20260515
20260522,parabolic_uptrend,801780.SI,银行,42,0,0.0,0.0,0,0,0,20260515
20260522,parabolic_uptrend,801790.SI,非银金融,81,0,0.0,0.0,0,0,0,20260515
20260522,parabolic_uptrend,801880.SI,汽车,299,4,0.013377926421404682,0.04,1,3,0,20260515
20260522,parabolic_uptrend,801890.SI,机械设备,588,20,0.034013605442176874,0.2,4,16,1,20260515
20260522,parabolic_uptrend,801950.SI,煤炭,37,0,0.0,0.0,0,0,0,20260515
20260522,parabolic_uptrend,801960.SI,石油石化,48,0,0.0,0.0,0,0,0,20260515
20260522,parabolic_uptrend,801970.SI,环保,136,7,0.051470588235294115,0.07,0,7,0,20260515
20260522,parabolic_uptrend,801980.SI,美容护理,31,0,0.0,0.0,0,0,0,20260515
20260525,parabolic_uptrend,801010.SI,农林牧渔,114,0,0.0,0.0,0,0,0,20260518
20260525,parabolic_uptrend,801030.SI,基础化工,432,5,0.011574074074074073,0.05,1,4,4,20260518
20260525,parabolic_uptrend,801040.SI,钢铁,44,0,0.0,0.0,0,0,0,20260518
20260525,parabolic_uptrend,801050.SI,有色金属,141,2,0.014184397163120567,0.02,0,2,1,20260518
20260525,parabolic_uptrend,801080.SI,电子,484,14,0.028925619834710745,0.14,1,13,5,20260518
20260525,parabolic_uptrend,801110.SI,家用电器,102,2,0.0196078431372549,0.02,1,1,1,20260518
20260525,parabolic_uptrend,801120.SI,食品饮料,126,0,0.0,0.0,0,0,0,20260518
20260525,parabolic_uptrend,801130.SI,纺织服饰,106,1,0.009433962264150943,0.01,0,1,1,20260518
20260525,parabolic_uptrend,801140.SI,轻工制造,165,2,0.012121212121212121,0.02,2,0,0,20260518
20260525,parabolic_uptrend,801150.SI,医药生物,491,1,0.002036659877800407,0.01,1,0,0,20260518
20260525,parabolic_uptrend,801160.SI,公用事业,133,3,0.022556390977443608,0.03,2,1,1,20260518
20260525,parabolic_uptrend,801170.SI,交通运输,127,4,0.031496062992125984,0.04,0,4,0,20260518
20260525,parabolic_uptrend,801180.SI,房地产,99,2,0.020202020202020204,0.02,0,2,0,20260518
20260525,parabolic_uptrend,801200.SI,商贸零售,98,0,0.0,0.0,0,0,0,20260518
20260525,parabolic_uptrend,801210.SI,社会服务,81,1,0.012345679012345678,0.01,1,0,0,20260518
20260525,parabolic_uptrend,801230.SI,综合,15,0,0.0,0.0,0,0,0,20260518
20260525,parabolic_uptrend,801710.SI,建筑材料,73,3,0.0410958904109589,0.03,0,3,0,20260518
20260525,parabolic_uptrend,801720.SI,建筑装饰,160,3,0.01875,0.03,1,2,0,20260518
20260525,parabolic_uptrend,801730.SI,电力设备,395,12,0.030379746835443037,0.12,3,9,3,20260518
20260525,parabolic_uptrend,801740.SI,国防军工,140,1,0.007142857142857143,0.01,0,1,1,20260518
20260525,parabolic_uptrend,801750.SI,计算机,354,7,0.01977401129943503,0.07,1,6,1,20260518
20260525,parabolic_uptrend,801760.SI,传媒,131,0,0.0,0.0,0,0,0,20260518
20260525,parabolic_uptrend,801770.SI,通信,126,6,0.047619047619047616,0.06,1,5,1,20260518
20260525,parabolic_uptrend,801780.SI,银行,42,0,0.0,0.0,0,0,0,20260518
20260525,parabolic_uptrend,801790.SI,非银金融,81,0,0.0,0.0,0,0,0,20260518
20260525,parabolic_uptrend,801880.SI,汽车,299,3,0.010033444816053512,0.03,0,3,0,20260518
20260525,parabolic_uptrend,801890.SI,机械设备,588,20,0.034013605442176874,0.2,4,16,1,20260518
20260525,parabolic_uptrend,801950.SI,煤炭,37,0,0.0,0.0,0,0,0,20260518
20260525,parabolic_uptrend,801960.SI,石油石化,48,1,0.020833333333333332,0.01,1,0,0,20260518
20260525,parabolic_uptrend,801970.SI,环保,136,7,0.051470588235294115,0.07,0,7,0,20260518
20260525,parabolic_uptrend,801980.SI,美容护理,31,0,0.0,0.0,0,0,0,20260518
20260526,parabolic_uptrend,801010.SI,农林牧渔,114,0,0.0,0.0,0,0,0,20260519
20260526,parabolic_uptrend,801030.SI,基础化工,432,4,0.009259259259259259,0.04,0,4,4,20260519
20260526,parabolic_uptrend,801040.SI,钢铁,44,0,0.0,0.0,0,0,0,20260519
20260526,parabolic_uptrend,801050.SI,有色金属,141,2,0.014184397163120567,0.02,0,2,1,20260519
20260526,parabolic_uptrend,801080.SI,电子,484,16,0.03305785123966942,0.16,3,13,4,20260519
20260526,parabolic_uptrend,801110.SI,家用电器,102,2,0.0196078431372549,0.02,1,1,1,20260519
20260526,parabolic_uptrend,801120.SI,食品饮料,126,0,0.0,0.0,0,0,0,20260519
20260526,parabolic_uptrend,801130.SI,纺织服饰,106,1,0.009433962264150943,0.01,0,1,0,20260519
20260526,parabolic_uptrend,801140.SI,轻工制造,165,2,0.012121212121212121,0.02,2,0,0,20260519
20260526,parabolic_uptrend,801150.SI,医药生物,491,1,0.002036659877800407,0.01,0,1,0,20260519
20260526,parabolic_uptrend,801160.SI,公用事业,133,3,0.022556390977443608,0.03,2,1,1,20260519
20260526,parabolic_uptrend,801170.SI,交通运输,127,3,0.023622047244094488,0.03,0,3,1,20260519
20260526,parabolic_uptrend,801180.SI,房地产,99,2,0.020202020202020204,0.02,0,2,0,20260519
20260526,parabolic_uptrend,801200.SI,商贸零售,98,0,0.0,0.0,0,0,0,20260519
20260526,parabolic_uptrend,801210.SI,社会服务,81,1,0.012345679012345678,0.01,1,0,0,20260519
20260526,parabolic_uptrend,801230.SI,综合,15,0,0.0,0.0,0,0,0,20260519
20260526,parabolic_uptrend,801710.SI,建筑材料,73,3,0.0410958904109589,0.03,0,3,0,20260519
20260526,parabolic_uptrend,801720.SI,建筑装饰,160,3,0.01875,0.03,1,2,0,20260519
20260526,parabolic_uptrend,801730.SI,电力设备,395,11,0.027848101265822784,0.11,2,9,2,20260519
20260526,parabolic_uptrend,801740.SI,国防军工,140,0,0.0,0.0,0,0,2,20260519
20260526,parabolic_uptrend,801750.SI,计算机,353,7,0.019830028328611898,0.07,1,6,1,20260519
20260526,parabolic_uptrend,801760.SI,传媒,131,0,0.0,0.0,0,0,0,20260519
20260526,parabolic_uptrend,801770.SI,通信,126,6,0.047619047619047616,0.06,1,5,1,20260519
20260526,parabolic_uptrend,801780.SI,银行,42,0,0.0,0.0,0,0,0,20260519
20260526,parabolic_uptrend,801790.SI,非银金融,81,0,0.0,0.0,0,0,0,20260519
20260526,parabolic_uptrend,801880.SI,汽车,300,4,0.013333333333333334,0.04,0,4,0,20260519
20260526,parabolic_uptrend,801890.SI,机械设备,589,21,0.035653650254668934,0.21,5,16,2,20260519
20260526,parabolic_uptrend,801950.SI,煤炭,37,0,0.0,0.0,0,0,0,20260519
20260526,parabolic_uptrend,801960.SI,石油石化,48,1,0.020833333333333332,0.01,1,0,0,20260519
20260526,parabolic_uptrend,801970.SI,环保,136,7,0.051470588235294115,0.07,0,7,0,20260519
20260526,parabolic_uptrend,801980.SI,美容护理,31,0,0.0,0.0,0,0,0,20260519
20260527,parabolic_uptrend,801010.SI,农林牧渔,114,0,0.0,0.0,0,0,0,20260520
20260527,parabolic_uptrend,801030.SI,基础化工,432,5,0.011574074074074073,0.05,1,4,4,20260520
20260527,parabolic_uptrend,801040.SI,钢铁,44,0,0.0,0.0,0,0,0,20260520
20260527,parabolic_uptrend,801050.SI,有色金属,141,2,0.014184397163120567,0.02,0,2,0,20260520
20260527,parabolic_uptrend,801080.SI,电子,484,16,0.03305785123966942,0.16,4,12,4,20260520
20260527,parabolic_uptrend,801110.SI,家用电器,102,2,0.0196078431372549,0.02,1,1,0,20260520
20260527,parabolic_uptrend,801120.SI,食品饮料,126,0,0.0,0.0,0,0,0,20260520
20260527,parabolic_uptrend,801130.SI,纺织服饰,106,1,0.009433962264150943,0.01,0,1,0,20260520
20260527,parabolic_uptrend,801140.SI,轻工制造,165,2,0.012121212121212121,0.02,2,0,0,20260520
20260527,parabolic_uptrend,801150.SI,医药生物,491,1,0.002036659877800407,0.01,0,1,0,20260520
20260527,parabolic_uptrend,801160.SI,公用事业,133,3,0.022556390977443608,0.03,1,2,1,20260520
20260527,parabolic_uptrend,801170.SI,交通运输,127,3,0.023622047244094488,0.03,0,3,1,20260520
20260527,parabolic_uptrend,801180.SI,房地产,99,2,0.020202020202020204,0.02,0,2,0,20260520
20260527,parabolic_uptrend,801200.SI,商贸零售,98,0,0.0,0.0,0,0,0,20260520
20260527,parabolic_uptrend,801210.SI,社会服务,81,1,0.012345679012345678,0.01,0,1,0,20260520
20260527,parabolic_uptrend,801230.SI,综合,15,0,0.0,0.0,0,0,0,20260520
20260527,parabolic_uptrend,801710.SI,建筑材料,73,3,0.0410958904109589,0.03,0,3,0,20260520
20260527,parabolic_uptrend,801720.SI,建筑装饰,160,3,0.01875,0.03,1,2,0,20260520
20260527,parabolic_uptrend,801730.SI,电力设备,395,12,0.030379746835443037,0.12,2,10,1,20260520
20260527,parabolic_uptrend,801740.SI,国防军工,140,0,0.0,0.0,0,0,2,20260520
20260527,parabolic_uptrend,801750.SI,计算机,352,7,0.019886363636363636,0.07,2,5,2,20260520
20260527,parabolic_uptrend,801760.SI,传媒,131,0,0.0,0.0,0,0,0,20260520
20260527,parabolic_uptrend,801770.SI,通信,126,6,0.047619047619047616,0.06,1,5,2,20260520
20260527,parabolic_uptrend,801780.SI,银行,42,0,0.0,0.0,0,0,0,20260520
20260527,parabolic_uptrend,801790.SI,非银金融,81,0,0.0,0.0,0,0,0,20260520
20260527,parabolic_uptrend,801880.SI,汽车,301,4,0.013289036544850499,0.04,0,4,0,20260520
20260527,parabolic_uptrend,801890.SI,机械设备,589,19,0.03225806451612903,0.19,4,15,3,20260520
20260527,parabolic_uptrend,801950.SI,煤炭,37,0,0.0,0.0,0,0,0,20260520
20260527,parabolic_uptrend,801960.SI,石油石化,48,1,0.020833333333333332,0.01,1,0,0,20260520
20260527,parabolic_uptrend,801970.SI,环保,136,7,0.051470588235294115,0.07,0,7,0,20260520
20260527,parabolic_uptrend,801980.SI,美容护理,31,0,0.0,0.0,0,0,0,20260520
20260528,parabolic_uptrend,801010.SI,农林牧渔,114,0,0.0,0.0,0,0,0,20260521
20260528,parabolic_uptrend,801030.SI,基础化工,432,5,0.011574074074074073,0.05,1,4,2,20260521
20260528,parabolic_uptrend,801040.SI,钢铁,44,0,0.0,0.0,0,0,0,20260521
20260528,parabolic_uptrend,801050.SI,有色金属,141,2,0.014184397163120567,0.02,0,2,0,20260521
20260528,parabolic_uptrend,801080.SI,电子,484,16,0.03305785123966942,0.16,3,13,2,20260521
20260528,parabolic_uptrend,801110.SI,家用电器,102,2,0.0196078431372549,0.02,1,1,0,20260521
20260528,parabolic_uptrend,801120.SI,食品饮料,126,0,0.0,0.0,0,0,0,20260521
20260528,parabolic_uptrend,801130.SI,纺织服饰,106,1,0.009433962264150943,0.01,0,1,0,20260521
20260528,parabolic_uptrend,801140.SI,轻工制造,165,3,0.01818181818181818,0.03,3,0,0,20260521
20260528,parabolic_uptrend,801150.SI,医药生物,491,1,0.002036659877800407,0.01,0,1,0,20260521
20260528,parabolic_uptrend,801160.SI,公用事业,132,3,0.022727272727272728,0.03,0,3,1,20260521
20260528,parabolic_uptrend,801170.SI,交通运输,127,3,0.023622047244094488,0.03,0,3,1,20260521
20260528,parabolic_uptrend,801180.SI,房地产,99,2,0.020202020202020204,0.02,0,2,0,20260521
20260528,parabolic_uptrend,801200.SI,商贸零售,98,0,0.0,0.0,0,0,0,20260521
20260528,parabolic_uptrend,801210.SI,社会服务,81,1,0.012345679012345678,0.01,0,1,0,20260521
20260528,parabolic_uptrend,801230.SI,综合,15,0,0.0,0.0,0,0,0,20260521
20260528,parabolic_uptrend,801710.SI,建筑材料,73,3,0.0410958904109589,0.03,0,3,0,20260521
20260528,parabolic_uptrend,801720.SI,建筑装饰,160,3,0.01875,0.03,1,2,0,20260521
20260528,parabolic_uptrend,801730.SI,电力设备,395,11,0.027848101265822784,0.11,1,10,2,20260521
20260528,parabolic_uptrend,801740.SI,国防军工,140,0,0.0,0.0,0,0,1,20260521
20260528,parabolic_uptrend,801750.SI,计算机,353,7,0.019830028328611898,0.07,1,6,2,20260521
20260528,parabolic_uptrend,801760.SI,传媒,131,0,0.0,0.0,0,0,0,20260521
20260528,parabolic_uptrend,801770.SI,通信,126,7,0.05555555555555555,0.07,2,5,2,20260521
20260528,parabolic_uptrend,801780.SI,银行,42,0,0.0,0.0,0,0,0,20260521
20260528,parabolic_uptrend,801790.SI,非银金融,81,0,0.0,0.0,0,0,0,20260521
20260528,parabolic_uptrend,801880.SI,汽车,302,3,0.009933774834437087,0.03,0,3,1,20260521
20260528,parabolic_uptrend,801890.SI,机械设备,589,20,0.03395585738539898,0.2,4,16,3,20260521
20260528,parabolic_uptrend,801950.SI,煤炭,37,0,0.0,0.0,0,0,0,20260521
20260528,parabolic_uptrend,801960.SI,石油石化,48,1,0.020833333333333332,0.01,1,0,0,20260521
20260528,parabolic_uptrend,801970.SI,环保,136,6,0.04411764705882353,0.06,0,6,1,20260521
20260528,parabolic_uptrend,801980.SI,美容护理,31,0,0.0,0.0,0,0,0,20260521
20260529,parabolic_uptrend,801010.SI,农林牧渔,114,0,0.0,0.0,0,0,0,20260522
20260529,parabolic_uptrend,801030.SI,基础化工,431,5,0.01160092807424594,0.05,1,4,1,20260522
20260529,parabolic_uptrend,801040.SI,钢铁,44,0,0.0,0.0,0,0,0,20260522
20260529,parabolic_uptrend,801050.SI,有色金属,141,2,0.014184397163120567,0.02,0,2,0,20260522
20260529,parabolic_uptrend,801080.SI,电子,484,17,0.03512396694214876,0.17,5,12,2,20260522
20260529,parabolic_uptrend,801110.SI,家用电器,102,2,0.0196078431372549,0.02,0,2,0,20260522
20260529,parabolic_uptrend,801120.SI,食品饮料,126,0,0.0,0.0,0,0,0,20260522
20260529,parabolic_uptrend,801130.SI,纺织服饰,106,1,0.009433962264150943,0.01,0,1,0,20260522
20260529,parabolic_uptrend,801140.SI,轻工制造,165,3,0.01818181818181818,0.03,2,1,0,20260522
20260529,parabolic_uptrend,801150.SI,医药生物,491,1,0.002036659877800407,0.01,0,1,0,20260522
20260529,parabolic_uptrend,801160.SI,公用事业,132,3,0.022727272727272728,0.03,0,3,0,20260522
20260529,parabolic_uptrend,801170.SI,交通运输,127,3,0.023622047244094488,0.03,0,3,1,20260522
20260529,parabolic_uptrend,801180.SI,房地产,99,2,0.020202020202020204,0.02,0,2,0,20260522
20260529,parabolic_uptrend,801200.SI,商贸零售,98,0,0.0,0.0,0,0,0,20260522
20260529,parabolic_uptrend,801210.SI,社会服务,81,1,0.012345679012345678,0.01,0,1,0,20260522
20260529,parabolic_uptrend,801230.SI,综合,15,0,0.0,0.0,0,0,0,20260522
20260529,parabolic_uptrend,801710.SI,建筑材料,73,3,0.0410958904109589,0.03,0,3,0,20260522
20260529,parabolic_uptrend,801720.SI,建筑装饰,160,3,0.01875,0.03,1,2,0,20260522
20260529,parabolic_uptrend,801730.SI,电力设备,395,11,0.027848101265822784,0.11,1,10,2,20260522
20260529,parabolic_uptrend,801740.SI,国防军工,140,0,0.0,0.0,0,0,1,20260522
20260529,parabolic_uptrend,801750.SI,计算机,353,7,0.019830028328611898,0.07,1,6,2,20260522
20260529,parabolic_uptrend,801760.SI,传媒,131,0,0.0,0.0,0,0,0,20260522
20260529,parabolic_uptrend,801770.SI,通信,126,6,0.047619047619047616,0.06,2,4,3,20260522
20260529,parabolic_uptrend,801780.SI,银行,42,0,0.0,0.0,0,0,0,20260522
20260529,parabolic_uptrend,801790.SI,非银金融,81,0,0.0,0.0,0,0,0,20260522
20260529,parabolic_uptrend,801880.SI,汽车,302,3,0.009933774834437087,0.03,0,3,1,20260522
20260529,parabolic_uptrend,801890.SI,机械设备,589,20,0.03395585738539898,0.2,4,16,4,20260522
20260529,parabolic_uptrend,801950.SI,煤炭,37,0,0.0,0.0,0,0,0,20260522
20260529,parabolic_uptrend,801960.SI,石油石化,48,1,0.020833333333333332,0.01,1,0,0,20260522
20260529,parabolic_uptrend,801970.SI,环保,136,6,0.04411764705882353,0.06,0,6,1,20260522
20260529,parabolic_uptrend,801980.SI,美容护理,31,0,0.0,0.0,0,0,0,20260522
20260601,parabolic_uptrend,801010.SI,农林牧渔,114,0,0.0,0.0,0,0,0,20260525
20260601,parabolic_uptrend,801030.SI,基础化工,433,4,0.009237875288683603,0.04,1,3,2,20260525
20260601,parabolic_uptrend,801040.SI,钢铁,44,0,0.0,0.0,0,0,0,20260525
20260601,parabolic_uptrend,801050.SI,有色金属,141,2,0.014184397163120567,0.02,0,2,0,20260525
20260601,parabolic_uptrend,801080.SI,电子,484,20,0.04132231404958678,0.2,8,12,2,20260525
20260601,parabolic_uptrend,801110.SI,家用电器,101,2,0.019801980198019802,0.02,0,2,0,20260525
20260601,parabolic_uptrend,801120.SI,食品饮料,127,0,0.0,0.0,0,0,0,20260525
20260601,parabolic_uptrend,801130.SI,纺织服饰,106,1,0.009433962264150943,0.01,0,1,0,20260525
20260601,parabolic_uptrend,801140.SI,轻工制造,164,3,0.018292682926829267,0.03,1,2,0,20260525
20260601,parabolic_uptrend,801150.SI,医药生物,492,1,0.0020325203252032522,0.01,0,1,0,20260525
20260601,parabolic_uptrend,801160.SI,公用事业,132,4,0.030303030303030304,0.04,1,3,0,20260525
20260601,parabolic_uptrend,801170.SI,交通运输,127,3,0.023622047244094488,0.03,0,3,1,20260525
20260601,parabolic_uptrend,801180.SI,房地产,99,2,0.020202020202020204,0.02,0,2,0,20260525
20260601,parabolic_uptrend,801200.SI,商贸零售,98,0,0.0,0.0,0,0,0,20260525
20260601,parabolic_uptrend,801210.SI,社会服务,82,1,0.012195121951219513,0.01,0,1,0,20260525
20260601,parabolic_uptrend,801230.SI,综合,15,0,0.0,0.0,0,0,0,20260525
20260601,parabolic_uptrend,801710.SI,建筑材料,73,3,0.0410958904109589,0.03,0,3,0,20260525
20260601,parabolic_uptrend,801720.SI,建筑装饰,160,3,0.01875,0.03,0,3,0,20260525
20260601,parabolic_uptrend,801730.SI,电力设备,395,10,0.02531645569620253,0.1,1,9,3,20260525
20260601,parabolic_uptrend,801740.SI,国防军工,140,0,0.0,0.0,0,0,1,20260525
20260601,parabolic_uptrend,801750.SI,计算机,353,6,0.0169971671388102,0.06,1,5,2,20260525
20260601,parabolic_uptrend,801760.SI,传媒,130,0,0.0,0.0,0,0,0,20260525
20260601,parabolic_uptrend,801770.SI,通信,126,6,0.047619047619047616,0.06,2,4,2,20260525
20260601,parabolic_uptrend,801780.SI,银行,42,0,0.0,0.0,0,0,0,20260525
20260601,parabolic_uptrend,801790.SI,非银金融,82,0,0.0,0.0,0,0,0,20260525
20260601,parabolic_uptrend,801880.SI,汽车,303,2,0.006600660066006601,0.02,0,2,1,20260525
20260601,parabolic_uptrend,801890.SI,机械设备,590,20,0.03389830508474576,0.2,4,16,4,20260525
20260601,parabolic_uptrend,801950.SI,煤炭,37,0,0.0,0.0,0,0,0,20260525
20260601,parabolic_uptrend,801960.SI,石油石化,48,1,0.020833333333333332,0.01,0,1,0,20260525
20260601,parabolic_uptrend,801970.SI,环保,136,6,0.04411764705882353,0.06,0,6,1,20260525
20260601,parabolic_uptrend,801980.SI,美容护理,31,0,0.0,0.0,0,0,0,20260525
20260602,parabolic_uptrend,801010.SI,农林牧渔,113,0,0.0,0.0,0,0,0,20260526
20260602,parabolic_uptrend,801030.SI,基础化工,433,4,0.009237875288683603,0.04,1,3,1,20260526
20260602,parabolic_uptrend,801040.SI,钢铁,44,0,0.0,0.0,0,0,0,20260526
20260602,parabolic_uptrend,801050.SI,有色金属,141,3,0.02127659574468085,0.03,1,2,0,20260526
20260602,parabolic_uptrend,801080.SI,电子,484,23,0.047520661157024795,0.23,8,15,1,20260526
20260602,parabolic_uptrend,801110.SI,家用电器,102,2,0.0196078431372549,0.02,0,2,0,20260526
20260602,parabolic_uptrend,801120.SI,食品饮料,127,0,0.0,0.0,0,0,0,20260526
20260602,parabolic_uptrend,801130.SI,纺织服饰,106,1,0.009433962264150943,0.01,0,1,0,20260526
20260602,parabolic_uptrend,801140.SI,轻工制造,164,3,0.018292682926829267,0.03,1,2,0,20260526
20260602,parabolic_uptrend,801150.SI,医药生物,492,1,0.0020325203252032522,0.01,0,1,0,20260526
20260602,parabolic_uptrend,801160.SI,公用事业,132,5,0.03787878787878788,0.05,2,3,0,20260526
20260602,parabolic_uptrend,801170.SI,交通运输,127,2,0.015748031496062992,0.02,0,2,1,20260526
20260602,parabolic_uptrend,801180.SI,房地产,97,2,0.020618556701030927,0.02,0,2,0,20260526
20260602,parabolic_uptrend,801200.SI,商贸零售,98,0,0.0,0.0,0,0,0,20260526
20260602,parabolic_uptrend,801210.SI,社会服务,82,1,0.012195121951219513,0.01,0,1,0,20260526
20260602,parabolic_uptrend,801230.SI,综合,15,0,0.0,0.0,0,0,0,20260526
20260602,parabolic_uptrend,801710.SI,建筑材料,73,3,0.0410958904109589,0.03,0,3,0,20260526
20260602,parabolic_uptrend,801720.SI,建筑装饰,159,2,0.012578616352201259,0.02,0,2,1,20260526
20260602,parabolic_uptrend,801730.SI,电力设备,396,8,0.020202020202020204,0.08,1,7,4,20260526
20260602,parabolic_uptrend,801740.SI,国防军工,140,0,0.0,0.0,0,0,0,20260526
20260602,parabolic_uptrend,801750.SI,计算机,354,6,0.01694915254237288,0.06,1,5,2,20260526
20260602,parabolic_uptrend,801760.SI,传媒,131,0,0.0,0.0,0,0,0,20260526
20260602,parabolic_uptrend,801770.SI,通信,126,6,0.047619047619047616,0.06,2,4,2,20260526
20260602,parabolic_uptrend,801780.SI,银行,42,0,0.0,0.0,0,0,0,20260526
20260602,parabolic_uptrend,801790.SI,非银金融,82,0,0.0,0.0,0,0,0,20260526
20260602,parabolic_uptrend,801880.SI,汽车,303,2,0.006600660066006601,0.02,0,2,2,20260526
20260602,parabolic_uptrend,801890.SI,机械设备,590,20,0.03389830508474576,0.2,2,18,3,20260526
20260602,parabolic_uptrend,801950.SI,煤炭,37,0,0.0,0.0,0,0,0,20260526
20260602,parabolic_uptrend,801960.SI,石油石化,48,1,0.020833333333333332,0.01,0,1,0,20260526
20260602,parabolic_uptrend,801970.SI,环保,136,5,0.03676470588235294,0.05,0,5,2,20260526
20260602,parabolic_uptrend,801980.SI,美容护理,31,0,0.0,0.0,0,0,0,20260526
20260603,parabolic_uptrend,801010.SI,农林牧渔,114,0,0.0,0.0,0,0,0,20260527
20260603,parabolic_uptrend,801030.SI,基础化工,433,4,0.009237875288683603,0.04,0,4,1,20260527
20260603,parabolic_uptrend,801040.SI,钢铁,44,0,0.0,0.0,0,0,0,20260527
20260603,parabolic_uptrend,801050.SI,有色金属,141,2,0.014184397163120567,0.02,0,2,0,20260527
20260603,parabolic_uptrend,801080.SI,电子,484,23,0.047520661157024795,0.23,8,15,1,20260527
20260603,parabolic_uptrend,801110.SI,家用电器,102,2,0.0196078431372549,0.02,0,2,0,20260527
20260603,parabolic_uptrend,801120.SI,食品饮料,127,0,0.0,0.0,0,0,0,20260527
20260603,parabolic_uptrend,801130.SI,纺织服饰,106,1,0.009433962264150943,0.01,0,1,0,20260527
20260603,parabolic_uptrend,801140.SI,轻工制造,164,3,0.018292682926829267,0.03,1,2,0,20260527
20260603,parabolic_uptrend,801150.SI,医药生物,492,1,0.0020325203252032522,0.01,0,1,0,20260527
20260603,parabolic_uptrend,801160.SI,公用事业,132,5,0.03787878787878788,0.05,2,3,0,20260527
20260603,parabolic_uptrend,801170.SI,交通运输,127,1,0.007874015748031496,0.01,0,1,2,20260527
20260603,parabolic_uptrend,801180.SI,房地产,99,2,0.020202020202020204,0.02,0,2,0,20260527
20260603,parabolic_uptrend,801200.SI,商贸零售,98,0,0.0,0.0,0,0,0,20260527
20260603,parabolic_uptrend,801210.SI,社会服务,82,1,0.012195121951219513,0.01,0,1,0,20260527
20260603,parabolic_uptrend,801230.SI,综合,15,0,0.0,0.0,0,0,0,20260527
20260603,parabolic_uptrend,801710.SI,建筑材料,73,3,0.0410958904109589,0.03,0,3,0,20260527
20260603,parabolic_uptrend,801720.SI,建筑装饰,160,3,0.01875,0.03,1,2,1,20260527
20260603,parabolic_uptrend,801730.SI,电力设备,396,7,0.017676767676767676,0.07,0,7,5,20260527
20260603,parabolic_uptrend,801740.SI,国防军工,140,0,0.0,0.0,0,0,0,20260527
20260603,parabolic_uptrend,801750.SI,计算机,354,6,0.01694915254237288,0.06,0,6,1,20260527
20260603,parabolic_uptrend,801760.SI,传媒,131,0,0.0,0.0,0,0,0,20260527
20260603,parabolic_uptrend,801770.SI,通信,126,6,0.047619047619047616,0.06,1,5,1,20260527
20260603,parabolic_uptrend,801780.SI,银行,42,0,0.0,0.0,0,0,0,20260527
20260603,parabolic_uptrend,801790.SI,非银金融,82,0,0.0,0.0,0,0,0,20260527
20260603,parabolic_uptrend,801880.SI,汽车,303,2,0.006600660066006601,0.02,0,2,2,20260527
20260603,parabolic_uptrend,801890.SI,机械设备,590,21,0.03559322033898305,0.21,4,17,2,20260527
20260603,parabolic_uptrend,801950.SI,煤炭,37,1,0.02702702702702703,0.01,1,0,0,20260527
20260603,parabolic_uptrend,801960.SI,石油石化,48,1,0.020833333333333332,0.01,0,1,0,20260527
20260603,parabolic_uptrend,801970.SI,环保,136,5,0.03676470588235294,0.05,0,5,2,20260527
20260603,parabolic_uptrend,801980.SI,美容护理,31,0,0.0,0.0,0,0,0,20260527
20260604,parabolic_uptrend,801010.SI,农林牧渔,114,0,0.0,0.0,0,0,0,20260528
20260604,parabolic_uptrend,801030.SI,基础化工,433,4,0.009237875288683603,0.04,0,4,1,20260528
20260604,parabolic_uptrend,801040.SI,钢铁,44,0,0.0,0.0,0,0,0,20260528
20260604,parabolic_uptrend,801050.SI,有色金属,141,2,0.014184397163120567,0.02,0,2,0,20260528
20260604,parabolic_uptrend,801080.SI,电子,485,22,0.04536082474226804,0.22,8,14,2,20260528
20260604,parabolic_uptrend,801110.SI,家用电器,102,2,0.0196078431372549,0.02,0,2,0,20260528
20260604,parabolic_uptrend,801120.SI,食品饮料,127,0,0.0,0.0,0,0,0,20260528
20260604,parabolic_uptrend,801130.SI,纺织服饰,106,1,0.009433962264150943,0.01,0,1,0,20260528
20260604,parabolic_uptrend,801140.SI,轻工制造,164,3,0.018292682926829267,0.03,0,3,0,20260528
20260604,parabolic_uptrend,801150.SI,医药生物,492,1,0.0020325203252032522,0.01,0,1,0,20260528
20260604,parabolic_uptrend,801160.SI,公用事业,132,5,0.03787878787878788,0.05,2,3,0,20260528
20260604,parabolic_uptrend,801170.SI,交通运输,127,1,0.007874015748031496,0.01,0,1,2,20260528
20260604,parabolic_uptrend,801180.SI,房地产,99,2,0.020202020202020204,0.02,0,2,0,20260528
20260604,parabolic_uptrend,801200.SI,商贸零售,98,0,0.0,0.0,0,0,0,20260528
20260604,parabolic_uptrend,801210.SI,社会服务,82,1,0.012195121951219513,0.01,0,1,0,20260528
20260604,parabolic_uptrend,801230.SI,综合,15,0,0.0,0.0,0,0,0,20260528
20260604,parabolic_uptrend,801710.SI,建筑材料,73,3,0.0410958904109589,0.03,0,3,0,20260528
20260604,parabolic_uptrend,801720.SI,建筑装饰,160,3,0.01875,0.03,1,2,1,20260528
20260604,parabolic_uptrend,801730.SI,电力设备,396,5,0.012626262626262626,0.05,0,5,6,20260528
20260604,parabolic_uptrend,801740.SI,国防军工,140,0,0.0,0.0,0,0,0,20260528
20260604,parabolic_uptrend,801750.SI,计算机,354,6,0.01694915254237288,0.06,0,6,1,20260528
20260604,parabolic_uptrend,801760.SI,传媒,131,0,0.0,0.0,0,0,0,20260528
20260604,parabolic_uptrend,801770.SI,通信,126,6,0.047619047619047616,0.06,0,6,1,20260528
20260604,parabolic_uptrend,801780.SI,银行,42,0,0.0,0.0,0,0,0,20260528
20260604,parabolic_uptrend,801790.SI,非银金融,82,0,0.0,0.0,0,0,0,20260528
20260604,parabolic_uptrend,801880.SI,汽车,303,2,0.006600660066006601,0.02,0,2,1,20260528
20260604,parabolic_uptrend,801890.SI,机械设备,590,21,0.03559322033898305,0.21,3,18,2,20260528
20260604,parabolic_uptrend,801950.SI,煤炭,37,1,0.02702702702702703,0.01,1,0,0,20260528
20260604,parabolic_uptrend,801960.SI,石油石化,48,1,0.020833333333333332,0.01,0,1,0,20260528
20260604,parabolic_uptrend,801970.SI,环保,136,8,0.058823529411764705,0.08,3,5,1,20260528
20260604,parabolic_uptrend,801980.SI,美容护理,31,0,0.0,0.0,0,0,0,20260528
20260605,parabolic_uptrend,801010.SI,农林牧渔,114,0,0.0,0.0,0,0,0,20260529
20260605,parabolic_uptrend,801030.SI,基础化工,433,4,0.009237875288683603,0.04,0,4,1,20260529
20260605,parabolic_uptrend,801040.SI,钢铁,44,0,0.0,0.0,0,0,0,20260529
20260605,parabolic_uptrend,801050.SI,有色金属,141,3,0.02127659574468085,0.03,1,2,0,20260529
20260605,parabolic_uptrend,801080.SI,电子,485,20,0.041237113402061855,0.2,6,14,3,20260529
20260605,parabolic_uptrend,801110.SI,家用电器,102,2,0.0196078431372549,0.02,0,2,0,20260529
20260605,parabolic_uptrend,801120.SI,食品饮料,127,0,0.0,0.0,0,0,0,20260529
20260605,parabolic_uptrend,801130.SI,纺织服饰,106,1,0.009433962264150943,0.01,0,1,0,20260529
20260605,parabolic_uptrend,801140.SI,轻工制造,165,2,0.012121212121212121,0.02,0,2,1,20260529
20260605,parabolic_uptrend,801150.SI,医药生物,493,1,0.002028397565922921,0.01,0,1,0,20260529
20260605,parabolic_uptrend,801160.SI,公用事业,132,4,0.030303030303030304,0.04,2,2,1,20260529
20260605,parabolic_uptrend,801170.SI,交通运输,127,1,0.007874015748031496,0.01,0,1,2,20260529
20260605,parabolic_uptrend,801180.SI,房地产,99,2,0.020202020202020204,0.02,0,2,0,20260529
20260605,parabolic_uptrend,801200.SI,商贸零售,98,0,0.0,0.0,0,0,0,20260529
20260605,parabolic_uptrend,801210.SI,社会服务,82,1,0.012195121951219513,0.01,0,1,0,20260529
20260605,parabolic_uptrend,801230.SI,综合,15,0,0.0,0.0,0,0,0,20260529
20260605,parabolic_uptrend,801710.SI,建筑材料,73,3,0.0410958904109589,0.03,0,3,0,20260529
20260605,parabolic_uptrend,801720.SI,建筑装饰,160,3,0.01875,0.03,1,2,1,20260529
20260605,parabolic_uptrend,801730.SI,电力设备,396,7,0.017676767676767676,0.07,2,5,6,20260529
20260605,parabolic_uptrend,801740.SI,国防军工,140,0,0.0,0.0,0,0,0,20260529
20260605,parabolic_uptrend,801750.SI,计算机,354,7,0.01977401129943503,0.07,1,6,1,20260529
20260605,parabolic_uptrend,801760.SI,传媒,131,0,0.0,0.0,0,0,0,20260529
20260605,parabolic_uptrend,801770.SI,通信,126,6,0.047619047619047616,0.06,0,6,0,20260529
20260605,parabolic_uptrend,801780.SI,银行,42,0,0.0,0.0,0,0,0,20260529
20260605,parabolic_uptrend,801790.SI,非银金融,82,0,0.0,0.0,0,0,0,20260529
20260605,parabolic_uptrend,801880.SI,汽车,303,2,0.006600660066006601,0.02,0,2,1,20260529
20260605,parabolic_uptrend,801890.SI,机械设备,590,21,0.03559322033898305,0.21,4,17,3,20260529
20260605,parabolic_uptrend,801950.SI,煤炭,37,1,0.02702702702702703,0.01,1,0,0,20260529
20260605,parabolic_uptrend,801960.SI,石油石化,48,1,0.020833333333333332,0.01,0,1,0,20260529
20260605,parabolic_uptrend,801970.SI,环保,136,8,0.058823529411764705,0.08,3,5,1,20260529
20260605,parabolic_uptrend,801980.SI,美容护理,31,0,0.0,0.0,0,0,0,20260529
20260608,parabolic_uptrend,801010.SI,农林牧渔,114,0,0.0,0.0,0,0,0,20260601
20260608,parabolic_uptrend,801030.SI,基础化工,432,4,0.009259259259259259,0.04,1,3,1,20260601
20260608,parabolic_uptrend,801040.SI,钢铁,44,0,0.0,0.0,0,0,0,20260601
20260608,parabolic_uptrend,801050.SI,有色金属,141,3,0.02127659574468085,0.03,1,2,0,20260601
20260608,parabolic_uptrend,801080.SI,电子,484,21,0.04338842975206612,0.21,5,16,4,20260601
20260608,parabolic_uptrend,801110.SI,家用电器,102,2,0.0196078431372549,0.02,0,2,0,20260601
20260608,parabolic_uptrend,801120.SI,食品饮料,127,0,0.0,0.0,0,0,0,20260601
20260608,parabolic_uptrend,801130.SI,纺织服饰,106,1,0.009433962264150943,0.01,0,1,0,20260601
20260608,parabolic_uptrend,801140.SI,轻工制造,165,2,0.012121212121212121,0.02,0,2,1,20260601
20260608,parabolic_uptrend,801150.SI,医药生物,493,1,0.002028397565922921,0.01,0,1,0,20260601
20260608,parabolic_uptrend,801160.SI,公用事业,132,4,0.030303030303030304,0.04,1,3,1,20260601
20260608,parabolic_uptrend,801170.SI,交通运输,127,1,0.007874015748031496,0.01,0,1,2,20260601
20260608,parabolic_uptrend,801180.SI,房地产,99,2,0.020202020202020204,0.02,0,2,0,20260601
20260608,parabolic_uptrend,801200.SI,商贸零售,99,0,0.0,0.0,0,0,0,20260601
20260608,parabolic_uptrend,801210.SI,社会服务,82,1,0.012195121951219513,0.01,0,1,0,20260601
20260608,parabolic_uptrend,801230.SI,综合,15,0,0.0,0.0,0,0,0,20260601
20260608,parabolic_uptrend,801710.SI,建筑材料,73,4,0.0547945205479452,0.04,1,3,0,20260601
20260608,parabolic_uptrend,801720.SI,建筑装饰,161,3,0.018633540372670808,0.03,1,2,1,20260601
20260608,parabolic_uptrend,801730.SI,电力设备,396,7,0.017676767676767676,0.07,2,5,5,20260601
20260608,parabolic_uptrend,801740.SI,国防军工,140,0,0.0,0.0,0,0,0,20260601
20260608,parabolic_uptrend,801750.SI,计算机,354,7,0.01977401129943503,0.07,1,6,0,20260601
20260608,parabolic_uptrend,801760.SI,传媒,130,0,0.0,0.0,0,0,0,20260601
20260608,parabolic_uptrend,801770.SI,通信,126,5,0.03968253968253968,0.05,0,5,1,20260601
20260608,parabolic_uptrend,801780.SI,银行,42,0,0.0,0.0,0,0,0,20260601
20260608,parabolic_uptrend,801790.SI,非银金融,82,0,0.0,0.0,0,0,0,20260601
20260608,parabolic_uptrend,801880.SI,汽车,303,2,0.006600660066006601,0.02,0,2,0,20260601
20260608,parabolic_uptrend,801890.SI,机械设备,591,21,0.03553299492385787,0.21,4,17,3,20260601
20260608,parabolic_uptrend,801950.SI,煤炭,37,1,0.02702702702702703,0.01,1,0,0,20260601
20260608,parabolic_uptrend,801960.SI,石油石化,48,1,0.020833333333333332,0.01,0,1,0,20260601
20260608,parabolic_uptrend,801970.SI,环保,137,7,0.051094890510948905,0.07,3,4,2,20260601
20260608,parabolic_uptrend,801980.SI,美容护理,31,0,0.0,0.0,0,0,0,20260601
20260609,parabolic_uptrend,801010.SI,农林牧渔,114,0,0.0,0.0,0,0,0,20260602
20260609,parabolic_uptrend,801030.SI,基础化工,432,5,0.011574074074074073,0.05,2,3,1,20260602
20260609,parabolic_uptrend,801040.SI,钢铁,44,0,0.0,0.0,0,0,0,20260602
20260609,parabolic_uptrend,801050.SI,有色金属,140,3,0.02142857142857143,0.03,1,2,1,20260602
20260609,parabolic_uptrend,801080.SI,电子,485,21,0.04329896907216495,0.21,3,18,5,20260602
20260609,parabolic_uptrend,801110.SI,家用电器,102,2,0.0196078431372549,0.02,0,2,0,20260602
20260609,parabolic_uptrend,801120.SI,食品饮料,127,0,0.0,0.0,0,0,0,20260602
20260609,parabolic_uptrend,801130.SI,纺织服饰,106,1,0.009433962264150943,0.01,0,1,0,20260602
20260609,parabolic_uptrend,801140.SI,轻工制造,165,2,0.012121212121212121,0.02,0,2,1,20260602
20260609,parabolic_uptrend,801150.SI,医药生物,493,3,0.006085192697768763,0.03,2,1,0,20260602
20260609,parabolic_uptrend,801160.SI,公用事业,132,4,0.030303030303030304,0.04,0,4,1,20260602
20260609,parabolic_uptrend,801170.SI,交通运输,126,1,0.007936507936507936,0.01,0,1,1,20260602
20260609,parabolic_uptrend,801180.SI,房地产,99,2,0.020202020202020204,0.02,0,2,0,20260602
20260609,parabolic_uptrend,801200.SI,商贸零售,99,0,0.0,0.0,0,0,0,20260602
20260609,parabolic_uptrend,801210.SI,社会服务,82,1,0.012195121951219513,0.01,0,1,0,20260602
20260609,parabolic_uptrend,801230.SI,综合,15,0,0.0,0.0,0,0,0,20260602
20260609,parabolic_uptrend,801710.SI,建筑材料,73,4,0.0547945205479452,0.04,1,3,0,20260602
20260609,parabolic_uptrend,801720.SI,建筑装饰,161,3,0.018633540372670808,0.03,1,2,0,20260602
20260609,parabolic_uptrend,801730.SI,电力设备,396,6,0.015151515151515152,0.06,3,3,5,20260602
20260609,parabolic_uptrend,801740.SI,国防军工,139,0,0.0,0.0,0,0,0,20260602
20260609,parabolic_uptrend,801750.SI,计算机,354,6,0.01694915254237288,0.06,1,5,1,20260602
20260609,parabolic_uptrend,801760.SI,传媒,131,0,0.0,0.0,0,0,0,20260602
20260609,parabolic_uptrend,801770.SI,通信,126,5,0.03968253968253968,0.05,0,5,1,20260602
20260609,parabolic_uptrend,801780.SI,银行,42,0,0.0,0.0,0,0,0,20260602
20260609,parabolic_uptrend,801790.SI,非银金融,82,0,0.0,0.0,0,0,0,20260602
20260609,parabolic_uptrend,801880.SI,汽车,303,2,0.006600660066006601,0.02,0,2,0,20260602
20260609,parabolic_uptrend,801890.SI,机械设备,591,21,0.03553299492385787,0.21,4,17,3,20260602
20260609,parabolic_uptrend,801950.SI,煤炭,37,1,0.02702702702702703,0.01,1,0,0,20260602
20260609,parabolic_uptrend,801960.SI,石油石化,48,1,0.020833333333333332,0.01,0,1,0,20260602
20260609,parabolic_uptrend,801970.SI,环保,137,6,0.043795620437956206,0.06,3,3,2,20260602
20260609,parabolic_uptrend,801980.SI,美容护理,31,0,0.0,0.0,0,0,0,20260602
20260610,parabolic_uptrend,801010.SI,农林牧渔,114,0,0.0,0.0,0,0,0,20260603
20260610,parabolic_uptrend,801030.SI,基础化工,431,4,0.009280742459396751,0.04,2,2,2,20260603
20260610,parabolic_uptrend,801040.SI,钢铁,44,0,0.0,0.0,0,0,0,20260603
20260610,parabolic_uptrend,801050.SI,有色金属,140,3,0.02142857142857143,0.03,1,2,0,20260603
20260610,parabolic_uptrend,801080.SI,电子,485,22,0.04536082474226804,0.22,3,19,4,20260603
20260610,parabolic_uptrend,801110.SI,家用电器,102,1,0.00980392156862745,0.01,0,1,1,20260603
20260610,parabolic_uptrend,801120.SI,食品饮料,127,0,0.0,0.0,0,0,0,20260603
20260610,parabolic_uptrend,801130.SI,纺织服饰,106,1,0.009433962264150943,0.01,0,1,0,20260603
20260610,parabolic_uptrend,801140.SI,轻工制造,165,2,0.012121212121212121,0.02,0,2,1,20260603
20260610,parabolic_uptrend,801150.SI,医药生物,492,3,0.006097560975609756,0.03,2,1,0,20260603
20260610,parabolic_uptrend,801160.SI,公用事业,132,4,0.030303030303030304,0.04,0,4,1,20260603
20260610,parabolic_uptrend,801170.SI,交通运输,126,1,0.007936507936507936,0.01,0,1,0,20260603
20260610,parabolic_uptrend,801180.SI,房地产,99,2,0.020202020202020204,0.02,0,2,0,20260603
20260610,parabolic_uptrend,801200.SI,商贸零售,99,0,0.0,0.0,0,0,0,20260603
20260610,parabolic_uptrend,801210.SI,社会服务,81,1,0.012345679012345678,0.01,0,1,0,20260603
20260610,parabolic_uptrend,801230.SI,综合,15,0,0.0,0.0,0,0,0,20260603
20260610,parabolic_uptrend,801710.SI,建筑材料,73,4,0.0547945205479452,0.04,1,3,0,20260603
20260610,parabolic_uptrend,801720.SI,建筑装饰,161,3,0.018633540372670808,0.03,0,3,0,20260603
20260610,parabolic_uptrend,801730.SI,电力设备,396,6,0.015151515151515152,0.06,3,3,4,20260603
20260610,parabolic_uptrend,801740.SI,国防军工,139,0,0.0,0.0,0,0,0,20260603
20260610,parabolic_uptrend,801750.SI,计算机,354,6,0.01694915254237288,0.06,1,5,1,20260603
20260610,parabolic_uptrend,801760.SI,传媒,131,0,0.0,0.0,0,0,0,20260603
20260610,parabolic_uptrend,801770.SI,通信,126,6,0.047619047619047616,0.06,1,5,1,20260603
20260610,parabolic_uptrend,801780.SI,银行,42,0,0.0,0.0,0,0,0,20260603
20260610,parabolic_uptrend,801790.SI,非银金融,82,0,0.0,0.0,0,0,0,20260603
20260610,parabolic_uptrend,801880.SI,汽车,303,1,0.0033003300330033004,0.01,0,1,1,20260603
20260610,parabolic_uptrend,801890.SI,机械设备,591,22,0.03722504230118443,0.22,3,19,2,20260603
20260610,parabolic_uptrend,801950.SI,煤炭,37,1,0.02702702702702703,0.01,0,1,0,20260603
20260610,parabolic_uptrend,801960.SI,石油石化,48,1,0.020833333333333332,0.01,0,1,0,20260603
20260610,parabolic_uptrend,801970.SI,环保,137,6,0.043795620437956206,0.06,3,3,2,20260603
20260610,parabolic_uptrend,801980.SI,美容护理,31,0,0.0,0.0,0,0,0,20260603
20260611,parabolic_uptrend,801010.SI,农林牧渔,114,0,0.0,0.0,0,0,0,20260604
20260611,parabolic_uptrend,801030.SI,基础化工,432,4,0.009259259259259259,0.04,2,2,2,20260604
20260611,parabolic_uptrend,801040.SI,钢铁,44,0,0.0,0.0,0,0,0,20260604
20260611,parabolic_uptrend,801050.SI,有色金属,140,3,0.02142857142857143,0.03,1,2,0,20260604
20260611,parabolic_uptrend,801080.SI,电子,485,21,0.04329896907216495,0.21,3,18,4,20260604
20260611,parabolic_uptrend,801110.SI,家用电器,102,1,0.00980392156862745,0.01,0,1,1,20260604
20260611,parabolic_uptrend,801120.SI,食品饮料,127,1,0.007874015748031496,0.01,1,0,0,20260604
20260611,parabolic_uptrend,801130.SI,纺织服饰,106,1,0.009433962264150943,0.01,0,1,0,20260604
20260611,parabolic_uptrend,801140.SI,轻工制造,165,2,0.012121212121212121,0.02,0,2,1,20260604
20260611,parabolic_uptrend,801150.SI,医药生物,491,3,0.006109979633401222,0.03,2,1,0,20260604
20260611,parabolic_uptrend,801160.SI,公用事业,132,4,0.030303030303030304,0.04,0,4,1,20260604
20260611,parabolic_uptrend,801170.SI,交通运输,126,0,0.0,0.0,0,0,1,20260604
20260611,parabolic_uptrend,801180.SI,房地产,99,2,0.020202020202020204,0.02,0,2,0,20260604
20260611,parabolic_uptrend,801200.SI,商贸零售,99,0,0.0,0.0,0,0,0,20260604
20260611,parabolic_uptrend,801210.SI,社会服务,81,1,0.012345679012345678,0.01,0,1,0,20260604
20260611,parabolic_uptrend,801230.SI,综合,15,0,0.0,0.0,0,0,0,20260604
20260611,parabolic_uptrend,801710.SI,建筑材料,73,4,0.0547945205479452,0.04,1,3,0,20260604
20260611,parabolic_uptrend,801720.SI,建筑装饰,161,3,0.018633540372670808,0.03,0,3,0,20260604
20260611,parabolic_uptrend,801730.SI,电力设备,395,6,0.015189873417721518,0.06,3,3,2,20260604
20260611,parabolic_uptrend,801740.SI,国防军工,139,0,0.0,0.0,0,0,0,20260604
20260611,parabolic_uptrend,801750.SI,计算机,354,6,0.01694915254237288,0.06,1,5,1,20260604
20260611,parabolic_uptrend,801760.SI,传媒,131,0,0.0,0.0,0,0,0,20260604
20260611,parabolic_uptrend,801770.SI,通信,126,6,0.047619047619047616,0.06,1,5,1,20260604
20260611,parabolic_uptrend,801780.SI,银行,42,0,0.0,0.0,0,0,0,20260604
20260611,parabolic_uptrend,801790.SI,非银金融,82,0,0.0,0.0,0,0,0,20260604
20260611,parabolic_uptrend,801880.SI,汽车,303,0,0.0,0.0,0,0,2,20260604
20260611,parabolic_uptrend,801890.SI,机械设备,590,24,0.04067796610169491,0.24,5,19,2,20260604
20260611,parabolic_uptrend,801950.SI,煤炭,37,1,0.02702702702702703,0.01,0,1,0,20260604
20260611,parabolic_uptrend,801960.SI,石油石化,48,1,0.020833333333333332,0.01,0,1,0,20260604
20260611,parabolic_uptrend,801970.SI,环保,137,6,0.043795620437956206,0.06,0,6,2,20260604
20260611,parabolic_uptrend,801980.SI,美容护理,31,0,0.0,0.0,0,0,0,20260604
20260612,parabolic_uptrend,801010.SI,农林牧渔,114,0,0.0,0.0,0,0,0,20260605
20260612,parabolic_uptrend,801030.SI,基础化工,432,4,0.009259259259259259,0.04,2,2,2,20260605
20260612,parabolic_uptrend,801040.SI,钢铁,44,0,0.0,0.0,0,0,0,20260605
20260612,parabolic_uptrend,801050.SI,有色金属,140,3,0.02142857142857143,0.03,0,3,0,20260605
20260612,parabolic_uptrend,801080.SI,电子,484,22,0.045454545454545456,0.22,4,18,2,20260605
20260612,parabolic_uptrend,801110.SI,家用电器,102,1,0.00980392156862745,0.01,0,1,1,20260605
20260612,parabolic_uptrend,801120.SI,食品饮料,127,1,0.007874015748031496,0.01,1,0,0,20260605
20260612,parabolic_uptrend,801130.SI,纺织服饰,106,0,0.0,0.0,0,0,1,20260605
20260612,parabolic_uptrend,801140.SI,轻工制造,165,2,0.012121212121212121,0.02,0,2,0,20260605
20260612,parabolic_uptrend,801150.SI,医药生物,493,3,0.006085192697768763,0.03,2,1,0,20260605
20260612,parabolic_uptrend,801160.SI,公用事业,132,3,0.022727272727272728,0.03,0,3,1,20260605
20260612,parabolic_uptrend,801170.SI,交通运输,126,0,0.0,0.0,0,0,1,20260605
20260612,parabolic_uptrend,801180.SI,房地产,99,2,0.020202020202020204,0.02,0,2,0,20260605
20260612,parabolic_uptrend,801200.SI,商贸零售,99,0,0.0,0.0,0,0,0,20260605
20260612,parabolic_uptrend,801210.SI,社会服务,82,1,0.012195121951219513,0.01,0,1,0,20260605
20260612,parabolic_uptrend,801230.SI,综合,15,0,0.0,0.0,0,0,0,20260605
20260612,parabolic_uptrend,801710.SI,建筑材料,73,4,0.0547945205479452,0.04,1,3,0,20260605
20260612,parabolic_uptrend,801720.SI,建筑装饰,161,3,0.018633540372670808,0.03,0,3,0,20260605
20260612,parabolic_uptrend,801730.SI,电力设备,396,6,0.015151515151515152,0.06,2,4,3,20260605
20260612,parabolic_uptrend,801740.SI,国防军工,139,0,0.0,0.0,0,0,0,20260605
20260612,parabolic_uptrend,801750.SI,计算机,354,6,0.01694915254237288,0.06,0,6,1,20260605
20260612,parabolic_uptrend,801760.SI,传媒,131,0,0.0,0.0,0,0,0,20260605
20260612,parabolic_uptrend,801770.SI,通信,126,6,0.047619047619047616,0.06,1,5,1,20260605
20260612,parabolic_uptrend,801780.SI,银行,42,0,0.0,0.0,0,0,0,20260605
20260612,parabolic_uptrend,801790.SI,非银金融,82,0,0.0,0.0,0,0,0,20260605
20260612,parabolic_uptrend,801880.SI,汽车,303,0,0.0,0.0,0,0,2,20260605
20260612,parabolic_uptrend,801890.SI,机械设备,589,25,0.042444821731748725,0.25,4,21,0,20260605
20260612,parabolic_uptrend,801950.SI,煤炭,37,0,0.0,0.0,0,0,1,20260605
20260612,parabolic_uptrend,801960.SI,石油石化,48,1,0.020833333333333332,0.01,0,1,0,20260605
20260612,parabolic_uptrend,801970.SI,环保,137,7,0.051094890510948905,0.07,1,6,2,20260605
20260612,parabolic_uptrend,801980.SI,美容护理,31,0,0.0,0.0,0,0,0,20260605
20260615,parabolic_uptrend,801010.SI,农林牧渔,114,0,0.0,0.0,0,0,0,20260608
20260615,parabolic_uptrend,801030.SI,基础化工,432,4,0.009259259259259259,0.04,1,3,1,20260608
20260615,parabolic_uptrend,801040.SI,钢铁,44,0,0.0,0.0,0,0,0,20260608
20260615,parabolic_uptrend,801050.SI,有色金属,140,3,0.02142857142857143,0.03,0,3,0,20260608
20260615,parabolic_uptrend,801080.SI,电子,484,23,0.047520661157024795,0.23,3,20,1,20260608
20260615,parabolic_uptrend,801110.SI,家用电器,102,1,0.00980392156862745,0.01,0,1,1,20260608
20260615,parabolic_uptrend,801120.SI,食品饮料,126,1,0.007936507936507936,0.01,1,0,0,20260608
20260615,parabolic_uptrend,801130.SI,纺织服饰,106,0,0.0,0.0,0,0,1,20260608
20260615,parabolic_uptrend,801140.SI,轻工制造,165,3,0.01818181818181818,0.03,1,2,0,20260608
20260615,parabolic_uptrend,801150.SI,医药生物,493,3,0.006085192697768763,0.03,2,1,0,20260608
20260615,parabolic_uptrend,801160.SI,公用事业,132,3,0.022727272727272728,0.03,0,3,1,20260608
20260615,parabolic_uptrend,801170.SI,交通运输,124,0,0.0,0.0,0,0,1,20260608
20260615,parabolic_uptrend,801180.SI,房地产,99,2,0.020202020202020204,0.02,0,2,0,20260608
20260615,parabolic_uptrend,801200.SI,商贸零售,99,0,0.0,0.0,0,0,0,20260608
20260615,parabolic_uptrend,801210.SI,社会服务,82,0,0.0,0.0,0,0,1,20260608
20260615,parabolic_uptrend,801230.SI,综合,15,0,0.0,0.0,0,0,0,20260608
20260615,parabolic_uptrend,801710.SI,建筑材料,73,4,0.0547945205479452,0.04,0,4,0,20260608
20260615,parabolic_uptrend,801720.SI,建筑装饰,160,3,0.01875,0.03,0,3,0,20260608
20260615,parabolic_uptrend,801730.SI,电力设备,396,7,0.017676767676767676,0.07,2,5,2,20260608
20260615,parabolic_uptrend,801740.SI,国防军工,138,0,0.0,0.0,0,0,0,20260608
20260615,parabolic_uptrend,801750.SI,计算机,354,6,0.01694915254237288,0.06,0,6,1,20260608
20260615,parabolic_uptrend,801760.SI,传媒,131,0,0.0,0.0,0,0,0,20260608
20260615,parabolic_uptrend,801770.SI,通信,126,6,0.047619047619047616,0.06,1,5,0,20260608
20260615,parabolic_uptrend,801780.SI,银行,42,0,0.0,0.0,0,0,0,20260608
20260615,parabolic_uptrend,801790.SI,非银金融,82,0,0.0,0.0,0,0,0,20260608
20260615,parabolic_uptrend,801880.SI,汽车,303,0,0.0,0.0,0,0,2,20260608
20260615,parabolic_uptrend,801890.SI,机械设备,590,24,0.04067796610169491,0.24,3,21,0,20260608
20260615,parabolic_uptrend,801950.SI,煤炭,37,0,0.0,0.0,0,0,1,20260608
20260615,parabolic_uptrend,801960.SI,石油石化,48,1,0.020833333333333332,0.01,0,1,0,20260608
20260615,parabolic_uptrend,801970.SI,环保,137,6,0.043795620437956206,0.06,1,5,2,20260608
20260615,parabolic_uptrend,801980.SI,美容护理,31,0,0.0,0.0,0,0,0,20260608
20260616,parabolic_uptrend,801010.SI,农林牧渔,114,0,0.0,0.0,0,0,0,20260609
20260616,parabolic_uptrend,801030.SI,基础化工,432,4,0.009259259259259259,0.04,0,4,1,20260609
20260616,parabolic_uptrend,801040.SI,钢铁,44,0,0.0,0.0,0,0,0,20260609
20260616,parabolic_uptrend,801050.SI,有色金属,141,3,0.02127659574468085,0.03,0,3,0,20260609
20260616,parabolic_uptrend,801080.SI,电子,484,22,0.045454545454545456,0.22,3,19,2,20260609
20260616,parabolic_uptrend,801110.SI,家用电器,102,1,0.00980392156862745,0.01,0,1,1,20260609
20260616,parabolic_uptrend,801120.SI,食品饮料,127,1,0.007874015748031496,0.01,1,0,0,20260609
20260616,parabolic_uptrend,801130.SI,纺织服饰,106,1,0.009433962264150943,0.01,1,0,1,20260609
20260616,parabolic_uptrend,801140.SI,轻工制造,165,3,0.01818181818181818,0.03,1,2,0,20260609
20260616,parabolic_uptrend,801150.SI,医药生物,493,3,0.006085192697768763,0.03,0,3,0,20260609
20260616,parabolic_uptrend,801160.SI,公用事业,132,3,0.022727272727272728,0.03,0,3,1,20260609
20260616,parabolic_uptrend,801170.SI,交通运输,126,0,0.0,0.0,0,0,1,20260609
20260616,parabolic_uptrend,801180.SI,房地产,99,2,0.020202020202020204,0.02,0,2,0,20260609
20260616,parabolic_uptrend,801200.SI,商贸零售,99,0,0.0,0.0,0,0,0,20260609
20260616,parabolic_uptrend,801210.SI,社会服务,82,0,0.0,0.0,0,0,1,20260609
20260616,parabolic_uptrend,801230.SI,综合,15,0,0.0,0.0,0,0,0,20260609
20260616,parabolic_uptrend,801710.SI,建筑材料,73,3,0.0410958904109589,0.03,0,3,1,20260609
20260616,parabolic_uptrend,801720.SI,建筑装饰,160,4,0.025,0.04,1,3,0,20260609
20260616,parabolic_uptrend,801730.SI,电力设备,396,7,0.017676767676767676,0.07,1,6,0,20260609
20260616,parabolic_uptrend,801740.SI,国防军工,139,0,0.0,0.0,0,0,0,20260609
20260616,parabolic_uptrend,801750.SI,计算机,354,6,0.01694915254237288,0.06,0,6,0,20260609
20260616,parabolic_uptrend,801760.SI,传媒,131,0,0.0,0.0,0,0,0,20260609
20260616,parabolic_uptrend,801770.SI,通信,126,5,0.03968253968253968,0.05,1,4,1,20260609
20260616,parabolic_uptrend,801780.SI,银行,42,0,0.0,0.0,0,0,0,20260609
20260616,parabolic_uptrend,801790.SI,非银金融,82,0,0.0,0.0,0,0,0,20260609
20260616,parabolic_uptrend,801880.SI,汽车,303,1,0.0033003300330033004,0.01,1,0,2,20260609
20260616,parabolic_uptrend,801890.SI,机械设备,590,25,0.0423728813559322,0.25,6,19,2,20260609
20260616,parabolic_uptrend,801950.SI,煤炭,37,0,0.0,0.0,0,0,1,20260609
20260616,parabolic_uptrend,801960.SI,石油石化,48,0,0.0,0.0,0,0,1,20260609
20260616,parabolic_uptrend,801970.SI,环保,137,6,0.043795620437956206,0.06,1,5,1,20260609
20260616,parabolic_uptrend,801980.SI,美容护理,31,0,0.0,0.0,0,0,0,20260609
20260617,parabolic_uptrend,801010.SI,农林牧渔,114,0,0.0,0.0,0,0,0,20260610
20260617,parabolic_uptrend,801030.SI,基础化工,431,5,0.01160092807424594,0.05,1,4,0,20260610
20260617,parabolic_uptrend,801040.SI,钢铁,44,0,0.0,0.0,0,0,0,20260610
20260617,parabolic_uptrend,801050.SI,有色金属,141,3,0.02127659574468085,0.03,0,3,0,20260610
20260617,parabolic_uptrend,801080.SI,电子,484,23,0.047520661157024795,0.23,3,20,2,20260610
20260617,parabolic_uptrend,801110.SI,家用电器,102,1,0.00980392156862745,0.01,0,1,0,20260610
20260617,parabolic_uptrend,801120.SI,食品饮料,127,1,0.007874015748031496,0.01,1,0,0,20260610
20260617,parabolic_uptrend,801130.SI,纺织服饰,106,1,0.009433962264150943,0.01,1,0,1,20260610
20260617,parabolic_uptrend,801140.SI,轻工制造,165,3,0.01818181818181818,0.03,1,2,0,20260610
20260617,parabolic_uptrend,801150.SI,医药生物,493,1,0.002028397565922921,0.01,0,1,2,20260610
20260617,parabolic_uptrend,801160.SI,公用事业,132,2,0.015151515151515152,0.02,0,2,2,20260610
20260617,parabolic_uptrend,801170.SI,交通运输,126,0,0.0,0.0,0,0,1,20260610
20260617,parabolic_uptrend,801180.SI,房地产,99,2,0.020202020202020204,0.02,0,2,0,20260610
20260617,parabolic_uptrend,801200.SI,商贸零售,99,0,0.0,0.0,0,0,0,20260610
20260617,parabolic_uptrend,801210.SI,社会服务,82,0,0.0,0.0,0,0,1,20260610
20260617,parabolic_uptrend,801230.SI,综合,15,0,0.0,0.0,0,0,0,20260610
20260617,parabolic_uptrend,801710.SI,建筑材料,73,3,0.0410958904109589,0.03,0,3,1,20260610
20260617,parabolic_uptrend,801720.SI,建筑装饰,160,3,0.01875,0.03,1,2,1,20260610
20260617,parabolic_uptrend,801730.SI,电力设备,396,8,0.020202020202020204,0.08,2,6,0,20260610
20260617,parabolic_uptrend,801740.SI,国防军工,139,0,0.0,0.0,0,0,0,20260610
20260617,parabolic_uptrend,801750.SI,计算机,354,6,0.01694915254237288,0.06,0,6,0,20260610
20260617,parabolic_uptrend,801760.SI,传媒,129,0,0.0,0.0,0,0,0,20260610
20260617,parabolic_uptrend,801770.SI,通信,125,5,0.04,0.05,0,5,1,20260610
20260617,parabolic_uptrend,801780.SI,银行,42,0,0.0,0.0,0,0,0,20260610
20260617,parabolic_uptrend,801790.SI,非银金融,82,0,0.0,0.0,0,0,0,20260610
20260617,parabolic_uptrend,801880.SI,汽车,303,1,0.0033003300330033004,0.01,1,0,1,20260610
20260617,parabolic_uptrend,801890.SI,机械设备,590,26,0.04406779661016949,0.26,7,19,3,20260610
20260617,parabolic_uptrend,801950.SI,煤炭,37,0,0.0,0.0,0,0,1,20260610
20260617,parabolic_uptrend,801960.SI,石油石化,48,0,0.0,0.0,0,0,1,20260610
20260617,parabolic_uptrend,801970.SI,环保,137,6,0.043795620437956206,0.06,1,5,1,20260610
20260617,parabolic_uptrend,801980.SI,美容护理,31,0,0.0,0.0,0,0,0,20260610
20260618,parabolic_uptrend,801010.SI,农林牧渔,113,0,0.0,0.0,0,0,0,20260611
20260618,parabolic_uptrend,801030.SI,基础化工,432,5,0.011574074074074073,0.05,1,4,0,20260611
20260618,parabolic_uptrend,801040.SI,钢铁,44,0,0.0,0.0,0,0,0,20260611
20260618,parabolic_uptrend,801050.SI,有色金属,141,3,0.02127659574468085,0.03,0,3,0,20260611
20260618,parabolic_uptrend,801080.SI,电子,484,23,0.047520661157024795,0.23,4,19,2,20260611
20260618,parabolic_uptrend,801110.SI,家用电器,101,1,0.009900990099009901,0.01,0,1,0,20260611
20260618,parabolic_uptrend,801120.SI,食品饮料,127,1,0.007874015748031496,0.01,0,1,0,20260611
20260618,parabolic_uptrend,801130.SI,纺织服饰,105,1,0.009523809523809525,0.01,1,0,1,20260611
20260618,parabolic_uptrend,801140.SI,轻工制造,166,3,0.018072289156626505,0.03,1,2,0,20260611
20260618,parabolic_uptrend,801150.SI,医药生物,493,2,0.004056795131845842,0.02,1,1,2,20260611
20260618,parabolic_uptrend,801160.SI,公用事业,132,2,0.015151515151515152,0.02,0,2,2,20260611
20260618,parabolic_uptrend,801170.SI,交通运输,126,0,0.0,0.0,0,0,0,20260611
20260618,parabolic_uptrend,801180.SI,房地产,99,2,0.020202020202020204,0.02,0,2,0,20260611
20260618,parabolic_uptrend,801200.SI,商贸零售,99,0,0.0,0.0,0,0,0,20260611
20260618,parabolic_uptrend,801210.SI,社会服务,82,0,0.0,0.0,0,0,1,20260611
20260618,parabolic_uptrend,801230.SI,综合,15,0,0.0,0.0,0,0,0,20260611
20260618,parabolic_uptrend,801710.SI,建筑材料,73,3,0.0410958904109589,0.03,0,3,1,20260611
20260618,parabolic_uptrend,801720.SI,建筑装饰,161,3,0.018633540372670808,0.03,1,2,1,20260611
20260618,parabolic_uptrend,801730.SI,电力设备,396,7,0.017676767676767676,0.07,2,5,1,20260611
20260618,parabolic_uptrend,801740.SI,国防军工,139,0,0.0,0.0,0,0,0,20260611
20260618,parabolic_uptrend,801750.SI,计算机,354,7,0.01977401129943503,0.07,1,6,0,20260611
20260618,parabolic_uptrend,801760.SI,传媒,128,0,0.0,0.0,0,0,0,20260611
20260618,parabolic_uptrend,801770.SI,通信,125,4,0.032,0.04,0,4,2,20260611
20260618,parabolic_uptrend,801780.SI,银行,42,0,0.0,0.0,0,0,0,20260611
20260618,parabolic_uptrend,801790.SI,非银金融,82,0,0.0,0.0,0,0,0,20260611
20260618,parabolic_uptrend,801880.SI,汽车,304,1,0.003289473684210526,0.01,1,0,0,20260611
20260618,parabolic_uptrend,801890.SI,机械设备,590,26,0.04406779661016949,0.26,6,20,4,20260611
20260618,parabolic_uptrend,801950.SI,煤炭,37,0,0.0,0.0,0,0,1,20260611
20260618,parabolic_uptrend,801960.SI,石油石化,48,0,0.0,0.0,0,0,1,20260611
20260618,parabolic_uptrend,801970.SI,环保,137,6,0.043795620437956206,0.06,2,4,2,20260611
20260618,parabolic_uptrend,801980.SI,美容护理,31,0,0.0,0.0,0,0,0,20260611
20260622,parabolic_uptrend,801010.SI,农林牧渔,114,1,0.008771929824561403,0.01,1,0,0,20260612
20260622,parabolic_uptrend,801030.SI,基础化工,432,5,0.011574074074074073,0.05,1,4,0,20260612
20260622,parabolic_uptrend,801040.SI,钢铁,44,0,0.0,0.0,0,0,0,20260612
20260622,parabolic_uptrend,801050.SI,有色金属,141,3,0.02127659574468085,0.03,1,2,1,20260612
20260622,parabolic_uptrend,801080.SI,电子,483,23,0.047619047619047616,0.23,5,18,4,20260612
20260622,parabolic_uptrend,801110.SI,家用电器,102,1,0.00980392156862745,0.01,0,1,0,20260612
20260622,parabolic_uptrend,801120.SI,食品饮料,127,1,0.007874015748031496,0.01,0,1,0,20260612
20260622,parabolic_uptrend,801130.SI,纺织服饰,106,1,0.009433962264150943,0.01,1,0,0,20260612
20260622,parabolic_uptrend,801140.SI,轻工制造,166,2,0.012048192771084338,0.02,1,1,1,20260612
20260622,parabolic_uptrend,801150.SI,医药生物,493,2,0.004056795131845842,0.02,1,1,2,20260612
20260622,parabolic_uptrend,801160.SI,公用事业,132,2,0.015151515151515152,0.02,0,2,1,20260612
20260622,parabolic_uptrend,801170.SI,交通运输,126,0,0.0,0.0,0,0,0,20260612
20260622,parabolic_uptrend,801180.SI,房地产,99,2,0.020202020202020204,0.02,1,1,1,20260612
20260622,parabolic_uptrend,801200.SI,商贸零售,99,0,0.0,0.0,0,0,0,20260612
20260622,parabolic_uptrend,801210.SI,社会服务,82,0,0.0,0.0,0,0,1,20260612
20260622,parabolic_uptrend,801230.SI,综合,15,0,0.0,0.0,0,0,0,20260612
20260622,parabolic_uptrend,801710.SI,建筑材料,73,3,0.0410958904109589,0.03,0,3,1,20260612
20260622,parabolic_uptrend,801720.SI,建筑装饰,161,4,0.024844720496894408,0.04,2,2,1,20260612
20260622,parabolic_uptrend,801730.SI,电力设备,396,7,0.017676767676767676,0.07,2,5,1,20260612
20260622,parabolic_uptrend,801740.SI,国防军工,139,0,0.0,0.0,0,0,0,20260612
20260622,parabolic_uptrend,801750.SI,计算机,354,7,0.01977401129943503,0.07,1,6,0,20260612
20260622,parabolic_uptrend,801760.SI,传媒,129,0,0.0,0.0,0,0,0,20260612
20260622,parabolic_uptrend,801770.SI,通信,125,4,0.032,0.04,0,4,2,20260612
20260622,parabolic_uptrend,801780.SI,银行,42,0,0.0,0.0,0,0,0,20260612
20260622,parabolic_uptrend,801790.SI,非银金融,82,0,0.0,0.0,0,0,0,20260612
20260622,parabolic_uptrend,801880.SI,汽车,304,1,0.003289473684210526,0.01,1,0,0,20260612
20260622,parabolic_uptrend,801890.SI,机械设备,591,25,0.04230118443316413,0.25,5,20,5,20260612
20260622,parabolic_uptrend,801950.SI,煤炭,37,0,0.0,0.0,0,0,0,20260612
20260622,parabolic_uptrend,801960.SI,石油石化,47,0,0.0,0.0,0,0,1,20260612
20260622,parabolic_uptrend,801970.SI,环保,137,6,0.043795620437956206,0.06,1,5,2,20260612
20260622,parabolic_uptrend,801980.SI,美容护理,31,0,0.0,0.0,0,0,0,20260612
20260623,parabolic_uptrend,801010.SI,农林牧渔,114,1,0.008771929824561403,0.01,1,0,0,20260615
20260623,parabolic_uptrend,801030.SI,基础化工,434,5,0.01152073732718894,0.05,1,4,0,20260615
20260623,parabolic_uptrend,801040.SI,钢铁,44,0,0.0,0.0,0,0,0,20260615
20260623,parabolic_uptrend,801050.SI,有色金属,141,3,0.02127659574468085,0.03,1,2,1,20260615
20260623,parabolic_uptrend,801080.SI,电子,485,25,0.05154639175257732,0.25,6,19,4,20260615
20260623,parabolic_uptrend,801110.SI,家用电器,102,1,0.00980392156862745,0.01,0,1,0,20260615
20260623,parabolic_uptrend,801120.SI,食品饮料,126,1,0.007936507936507936,0.01,0,1,0,20260615
20260623,parabolic_uptrend,801130.SI,纺织服饰,106,1,0.009433962264150943,0.01,1,0,0,20260615
20260623,parabolic_uptrend,801140.SI,轻工制造,166,2,0.012048192771084338,0.02,0,2,1,20260615
20260623,parabolic_uptrend,801150.SI,医药生物,493,2,0.004056795131845842,0.02,1,1,2,20260615
20260623,parabolic_uptrend,801160.SI,公用事业,132,2,0.015151515151515152,0.02,0,2,1,20260615
20260623,parabolic_uptrend,801170.SI,交通运输,127,0,0.0,0.0,0,0,0,20260615
20260623,parabolic_uptrend,801180.SI,房地产,99,2,0.020202020202020204,0.02,1,1,1,20260615
20260623,parabolic_uptrend,801200.SI,商贸零售,99,0,0.0,0.0,0,0,0,20260615
20260623,parabolic_uptrend,801210.SI,社会服务,81,0,0.0,0.0,0,0,0,20260615
20260623,parabolic_uptrend,801230.SI,综合,15,0,0.0,0.0,0,0,0,20260615
20260623,parabolic_uptrend,801710.SI,建筑材料,73,3,0.0410958904109589,0.03,0,3,1,20260615
20260623,parabolic_uptrend,801720.SI,建筑装饰,161,4,0.024844720496894408,0.04,2,2,1,20260615
20260623,parabolic_uptrend,801730.SI,电力设备,396,7,0.017676767676767676,0.07,3,4,3,20260615
20260623,parabolic_uptrend,801740.SI,国防军工,139,0,0.0,0.0,0,0,0,20260615
20260623,parabolic_uptrend,801750.SI,计算机,355,7,0.01971830985915493,0.07,1,6,0,20260615
20260623,parabolic_uptrend,801760.SI,传媒,129,0,0.0,0.0,0,0,0,20260615
20260623,parabolic_uptrend,801770.SI,通信,126,4,0.031746031746031744,0.04,0,4,2,20260615
20260623,parabolic_uptrend,801780.SI,银行,42,0,0.0,0.0,0,0,0,20260615
20260623,parabolic_uptrend,801790.SI,非银金融,81,0,0.0,0.0,0,0,0,20260615
20260623,parabolic_uptrend,801880.SI,汽车,304,1,0.003289473684210526,0.01,1,0,0,20260615
20260623,parabolic_uptrend,801890.SI,机械设备,590,23,0.03898305084745763,0.23,5,18,6,20260615
20260623,parabolic_uptrend,801950.SI,煤炭,37,0,0.0,0.0,0,0,0,20260615
20260623,parabolic_uptrend,801960.SI,石油石化,48,0,0.0,0.0,0,0,1,20260615
20260623,parabolic_uptrend,801970.SI,环保,137,6,0.043795620437956206,0.06,2,4,2,20260615
20260623,parabolic_uptrend,801980.SI,美容护理,31,0,0.0,0.0,0,0,0,20260615
20260624,parabolic_uptrend,801010.SI,农林牧渔,114,1,0.008771929824561403,0.01,1,0,0,20260616
20260624,parabolic_uptrend,801030.SI,基础化工,434,5,0.01152073732718894,0.05,1,4,0,20260616
20260624,parabolic_uptrend,801040.SI,钢铁,44,0,0.0,0.0,0,0,0,20260616
20260624,parabolic_uptrend,801050.SI,有色金属,141,3,0.02127659574468085,0.03,1,2,1,20260616
20260624,parabolic_uptrend,801080.SI,电子,485,25,0.05154639175257732,0.25,6,19,3,20260616
20260624,parabolic_uptrend,801110.SI,家用电器,102,1,0.00980392156862745,0.01,0,1,0,20260616
20260624,parabolic_uptrend,801120.SI,食品饮料,126,1,0.007936507936507936,0.01,0,1,0,20260616
20260624,parabolic_uptrend,801130.SI,纺织服饰,106,1,0.009433962264150943,0.01,0,1,0,20260616
20260624,parabolic_uptrend,801140.SI,轻工制造,166,2,0.012048192771084338,0.02,0,2,1,20260616
20260624,parabolic_uptrend,801150.SI,医药生物,493,2,0.004056795131845842,0.02,1,1,2,20260616
20260624,parabolic_uptrend,801160.SI,公用事业,132,2,0.015151515151515152,0.02,0,2,1,20260616
20260624,parabolic_uptrend,801170.SI,交通运输,127,0,0.0,0.0,0,0,0,20260616
20260624,parabolic_uptrend,801180.SI,房地产,99,2,0.020202020202020204,0.02,1,1,1,20260616
20260624,parabolic_uptrend,801200.SI,商贸零售,99,0,0.0,0.0,0,0,0,20260616
20260624,parabolic_uptrend,801210.SI,社会服务,80,0,0.0,0.0,0,0,0,20260616
20260624,parabolic_uptrend,801230.SI,综合,15,0,0.0,0.0,0,0,0,20260616
20260624,parabolic_uptrend,801710.SI,建筑材料,73,3,0.0410958904109589,0.03,0,3,0,20260616
20260624,parabolic_uptrend,801720.SI,建筑装饰,161,3,0.018633540372670808,0.03,1,2,2,20260616
20260624,parabolic_uptrend,801730.SI,电力设备,396,7,0.017676767676767676,0.07,3,4,3,20260616
20260624,parabolic_uptrend,801740.SI,国防军工,139,0,0.0,0.0,0,0,0,20260616
20260624,parabolic_uptrend,801750.SI,计算机,355,7,0.01971830985915493,0.07,1,6,0,20260616
20260624,parabolic_uptrend,801760.SI,传媒,129,0,0.0,0.0,0,0,0,20260616
20260624,parabolic_uptrend,801770.SI,通信,126,4,0.031746031746031744,0.04,0,4,1,20260616
20260624,parabolic_uptrend,801780.SI,银行,42,0,0.0,0.0,0,0,0,20260616
20260624,parabolic_uptrend,801790.SI,非银金融,81,0,0.0,0.0,0,0,0,20260616
20260624,parabolic_uptrend,801880.SI,汽车,304,1,0.003289473684210526,0.01,0,1,0,20260616
20260624,parabolic_uptrend,801890.SI,机械设备,589,24,0.04074702886247878,0.24,3,21,4,20260616
20260624,parabolic_uptrend,801950.SI,煤炭,37,0,0.0,0.0,0,0,0,20260616
20260624,parabolic_uptrend,801960.SI,石油石化,48,0,0.0,0.0,0,0,0,20260616
20260624,parabolic_uptrend,801970.SI,环保,137,6,0.043795620437956206,0.06,2,4,2,20260616
20260624,parabolic_uptrend,801980.SI,美容护理,31,0,0.0,0.0,0,0,0,20260616
20260625,parabolic_uptrend,801010.SI,农林牧渔,114,0,0.0,0.0,0,0,0,20260617
20260625,parabolic_uptrend,801030.SI,基础化工,434,5,0.01152073732718894,0.05,0,5,0,20260617
20260625,parabolic_uptrend,801040.SI,钢铁,44,0,0.0,0.0,0,0,0,20260617
20260625,parabolic_uptrend,801050.SI,有色金属,141,3,0.02127659574468085,0.03,1,2,1,20260617
20260625,parabolic_uptrend,801080.SI,电子,485,26,0.05360824742268041,0.26,6,20,3,20260617
20260625,parabolic_uptrend,801110.SI,家用电器,102,0,0.0,0.0,0,0,1,20260617
20260625,parabolic_uptrend,801120.SI,食品饮料,126,1,0.007936507936507936,0.01,0,1,0,20260617
20260625,parabolic_uptrend,801130.SI,纺织服饰,105,1,0.009523809523809525,0.01,0,1,0,20260617
20260625,parabolic_uptrend,801140.SI,轻工制造,166,3,0.018072289156626505,0.03,1,2,1,20260617
20260625,parabolic_uptrend,801150.SI,医药生物,495,2,0.00404040404040404,0.02,1,1,0,20260617
20260625,parabolic_uptrend,801160.SI,公用事业,132,2,0.015151515151515152,0.02,0,2,0,20260617
20260625,parabolic_uptrend,801170.SI,交通运输,127,0,0.0,0.0,0,0,0,20260617
20260625,parabolic_uptrend,801180.SI,房地产,99,1,0.010101010101010102,0.01,1,0,2,20260617
20260625,parabolic_uptrend,801200.SI,商贸零售,99,0,0.0,0.0,0,0,0,20260617
20260625,parabolic_uptrend,801210.SI,社会服务,80,1,0.0125,0.01,1,0,0,20260617
20260625,parabolic_uptrend,801230.SI,综合,15,0,0.0,0.0,0,0,0,20260617
20260625,parabolic_uptrend,801710.SI,建筑材料,73,3,0.0410958904109589,0.03,0,3,0,20260617
20260625,parabolic_uptrend,801720.SI,建筑装饰,161,2,0.012422360248447204,0.02,0,2,1,20260617
20260625,parabolic_uptrend,801730.SI,电力设备,396,9,0.022727272727272728,0.09,4,5,3,20260617
20260625,parabolic_uptrend,801740.SI,国防军工,139,0,0.0,0.0,0,0,0,20260617
20260625,parabolic_uptrend,801750.SI,计算机,354,7,0.01977401129943503,0.07,1,6,0,20260617
20260625,parabolic_uptrend,801760.SI,传媒,131,0,0.0,0.0,0,0,0,20260617
20260625,parabolic_uptrend,801770.SI,通信,126,4,0.031746031746031744,0.04,0,4,1,20260617
20260625,parabolic_uptrend,801780.SI,银行,42,0,0.0,0.0,0,0,0,20260617
20260625,parabolic_uptrend,801790.SI,非银金融,81,0,0.0,0.0,0,0,0,20260617
20260625,parabolic_uptrend,801880.SI,汽车,305,1,0.003278688524590164,0.01,0,1,0,20260617
20260625,parabolic_uptrend,801890.SI,机械设备,589,24,0.04074702886247878,0.24,2,22,4,20260617
20260625,parabolic_uptrend,801950.SI,煤炭,37,0,0.0,0.0,0,0,0,20260617
20260625,parabolic_uptrend,801960.SI,石油石化,48,0,0.0,0.0,0,0,0,20260617
20260625,parabolic_uptrend,801970.SI,环保,137,5,0.0364963503649635,0.05,2,3,3,20260617
20260625,parabolic_uptrend,801980.SI,美容护理,31,0,0.0,0.0,0,0,0,20260617
20260626,parabolic_uptrend,801010.SI,农林牧渔,113,0,0.0,0.0,0,0,0,20260618
20260626,parabolic_uptrend,801030.SI,基础化工,434,4,0.009216589861751152,0.04,0,4,1,20260618
20260626,parabolic_uptrend,801040.SI,钢铁,44,0,0.0,0.0,0,0,0,20260618
20260626,parabolic_uptrend,801050.SI,有色金属,141,4,0.028368794326241134,0.04,2,2,1,20260618
20260626,parabolic_uptrend,801080.SI,电子,486,27,0.05555555555555555,0.27,6,21,2,20260618
20260626,parabolic_uptrend,801110.SI,家用电器,102,0,0.0,0.0,0,0,1,20260618
20260626,parabolic_uptrend,801120.SI,食品饮料,126,1,0.007936507936507936,0.01,0,1,0,20260618
20260626,parabolic_uptrend,801130.SI,纺织服饰,105,1,0.009523809523809525,0.01,0,1,0,20260618
20260626,parabolic_uptrend,801140.SI,轻工制造,166,3,0.018072289156626505,0.03,1,2,1,20260618
20260626,parabolic_uptrend,801150.SI,医药生物,496,3,0.006048387096774193,0.03,1,2,0,20260618
20260626,parabolic_uptrend,801160.SI,公用事业,131,2,0.015267175572519083,0.02,0,2,0,20260618
20260626,parabolic_uptrend,801170.SI,交通运输,127,0,0.0,0.0,0,0,0,20260618
20260626,parabolic_uptrend,801180.SI,房地产,99,1,0.010101010101010102,0.01,1,0,2,20260618
20260626,parabolic_uptrend,801200.SI,商贸零售,99,0,0.0,0.0,0,0,0,20260618
20260626,parabolic_uptrend,801210.SI,社会服务,80,1,0.0125,0.01,1,0,0,20260618
20260626,parabolic_uptrend,801230.SI,综合,15,0,0.0,0.0,0,0,0,20260618
20260626,parabolic_uptrend,801710.SI,建筑材料,73,2,0.0273972602739726,0.02,0,2,1,20260618
20260626,parabolic_uptrend,801720.SI,建筑装饰,161,2,0.012422360248447204,0.02,0,2,1,20260618
20260626,parabolic_uptrend,801730.SI,电力设备,396,9,0.022727272727272728,0.09,3,6,1,20260618
20260626,parabolic_uptrend,801740.SI,国防军工,139,0,0.0,0.0,0,0,0,20260618
20260626,parabolic_uptrend,801750.SI,计算机,355,7,0.01971830985915493,0.07,0,7,0,20260618
20260626,parabolic_uptrend,801760.SI,传媒,131,0,0.0,0.0,0,0,0,20260618
20260626,parabolic_uptrend,801770.SI,通信,126,3,0.023809523809523808,0.03,0,3,1,20260618
20260626,parabolic_uptrend,801780.SI,银行,42,0,0.0,0.0,0,0,0,20260618
20260626,parabolic_uptrend,801790.SI,非银金融,81,0,0.0,0.0,0,0,0,20260618
20260626,parabolic_uptrend,801880.SI,汽车,305,1,0.003278688524590164,0.01,0,1,0,20260618
20260626,parabolic_uptrend,801890.SI,机械设备,589,24,0.04074702886247878,0.24,3,21,5,20260618
20260626,parabolic_uptrend,801950.SI,煤炭,37,0,0.0,0.0,0,0,0,20260618
20260626,parabolic_uptrend,801960.SI,石油石化,48,0,0.0,0.0,0,0,0,20260618
20260626,parabolic_uptrend,801970.SI,环保,137,5,0.0364963503649635,0.05,1,4,2,20260618
20260626,parabolic_uptrend,801980.SI,美容护理,31,0,0.0,0.0,0,0,0,20260618
20260629,parabolic_uptrend,801010.SI,农林牧渔,113,0,0.0,0.0,0,0,1,20260622
20260629,parabolic_uptrend,801030.SI,基础化工,432,4,0.009259259259259259,0.04,0,4,1,20260622
20260629,parabolic_uptrend,801040.SI,钢铁,44,0,0.0,0.0,0,0,0,20260622
20260629,parabolic_uptrend,801050.SI,有色金属,141,4,0.028368794326241134,0.04,1,3,0,20260622
20260629,parabolic_uptrend,801080.SI,电子,485,28,0.0577319587628866,0.28,7,21,2,20260622
20260629,parabolic_uptrend,801110.SI,家用电器,102,0,0.0,0.0,0,0,1,20260622
20260629,parabolic_uptrend,801120.SI,食品饮料,126,1,0.007936507936507936,0.01,0,1,0,20260622
20260629,parabolic_uptrend,801130.SI,纺织服饰,105,1,0.009523809523809525,0.01,0,1,0,20260622
20260629,parabolic_uptrend,801140.SI,轻工制造,166,2,0.012048192771084338,0.02,0,2,0,20260622
20260629,parabolic_uptrend,801150.SI,医药生物,496,3,0.006048387096774193,0.03,1,2,0,20260622
20260629,parabolic_uptrend,801160.SI,公用事业,132,2,0.015151515151515152,0.02,0,2,0,20260622
20260629,parabolic_uptrend,801170.SI,交通运输,127,0,0.0,0.0,0,0,0,20260622
20260629,parabolic_uptrend,801180.SI,房地产,99,1,0.010101010101010102,0.01,0,1,1,20260622
20260629,parabolic_uptrend,801200.SI,商贸零售,99,0,0.0,0.0,0,0,0,20260622
20260629,parabolic_uptrend,801210.SI,社会服务,80,1,0.0125,0.01,1,0,0,20260622
20260629,parabolic_uptrend,801230.SI,综合,15,0,0.0,0.0,0,0,0,20260622
20260629,parabolic_uptrend,801710.SI,建筑材料,73,2,0.0273972602739726,0.02,0,2,1,20260622
20260629,parabolic_uptrend,801720.SI,建筑装饰,161,2,0.012422360248447204,0.02,0,2,2,20260622
20260629,parabolic_uptrend,801730.SI,电力设备,396,8,0.020202020202020204,0.08,3,5,2,20260622
20260629,parabolic_uptrend,801740.SI,国防军工,139,0,0.0,0.0,0,0,0,20260622
20260629,parabolic_uptrend,801750.SI,计算机,354,7,0.01977401129943503,0.07,0,7,0,20260622
20260629,parabolic_uptrend,801760.SI,传媒,131,0,0.0,0.0,0,0,0,20260622
20260629,parabolic_uptrend,801770.SI,通信,126,3,0.023809523809523808,0.03,0,3,1,20260622
20260629,parabolic_uptrend,801780.SI,银行,42,0,0.0,0.0,0,0,0,20260622
20260629,parabolic_uptrend,801790.SI,非银金融,81,0,0.0,0.0,0,0,0,20260622
20260629,parabolic_uptrend,801880.SI,汽车,305,1,0.003278688524590164,0.01,0,1,0,20260622
20260629,parabolic_uptrend,801890.SI,机械设备,588,25,0.04251700680272109,0.25,4,21,4,20260622
20260629,parabolic_uptrend,801950.SI,煤炭,37,0,0.0,0.0,0,0,0,20260622
20260629,parabolic_uptrend,801960.SI,石油石化,48,0,0.0,0.0,0,0,0,20260622
20260629,parabolic_uptrend,801970.SI,环保,137,5,0.0364963503649635,0.05,1,4,2,20260622
20260629,parabolic_uptrend,801980.SI,美容护理,31,0,0.0,0.0,0,0,0,20260622
20260630,parabolic_uptrend,801010.SI,农林牧渔,114,0,0.0,0.0,0,0,1,20260623
20260630,parabolic_uptrend,801030.SI,基础化工,431,4,0.009280742459396751,0.04,0,4,1,20260623
20260630,parabolic_uptrend,801040.SI,钢铁,44,0,0.0,0.0,0,0,0,20260623
20260630,parabolic_uptrend,801050.SI,有色金属,141,4,0.028368794326241134,0.04,1,3,0,20260623
20260630,parabolic_uptrend,801080.SI,电子,485,31,0.06391752577319587,0.31,8,23,2,20260623
20260630,parabolic_uptrend,801110.SI,家用电器,102,0,0.0,0.0,0,0,1,20260623
20260630,parabolic_uptrend,801120.SI,食品饮料,126,1,0.007936507936507936,0.01,0,1,0,20260623
20260630,parabolic_uptrend,801130.SI,纺织服饰,105,1,0.009523809523809525,0.01,0,1,0,20260623
20260630,parabolic_uptrend,801140.SI,轻工制造,165,2,0.012121212121212121,0.02,0,2,0,20260623
20260630,parabolic_uptrend,801150.SI,医药生物,496,3,0.006048387096774193,0.03,1,2,0,20260623
20260630,parabolic_uptrend,801160.SI,公用事业,132,2,0.015151515151515152,0.02,0,2,0,20260623
20260630,parabolic_uptrend,801170.SI,交通运输,127,0,0.0,0.0,0,0,0,20260623
20260630,parabolic_uptrend,801180.SI,房地产,99,1,0.010101010101010102,0.01,0,1,1,20260623
20260630,parabolic_uptrend,801200.SI,商贸零售,98,0,0.0,0.0,0,0,0,20260623
20260630,parabolic_uptrend,801210.SI,社会服务,80,1,0.0125,0.01,1,0,0,20260623
20260630,parabolic_uptrend,801230.SI,综合,15,0,0.0,0.0,0,0,0,20260623
20260630,parabolic_uptrend,801710.SI,建筑材料,73,1,0.0136986301369863,0.01,0,1,2,20260623
20260630,parabolic_uptrend,801720.SI,建筑装饰,160,2,0.0125,0.02,0,2,2,20260623
20260630,parabolic_uptrend,801730.SI,电力设备,396,8,0.020202020202020204,0.08,2,6,1,20260623
20260630,parabolic_uptrend,801740.SI,国防军工,139,0,0.0,0.0,0,0,0,20260623
20260630,parabolic_uptrend,801750.SI,计算机,355,6,0.016901408450704224,0.06,0,6,1,20260623
20260630,parabolic_uptrend,801760.SI,传媒,130,0,0.0,0.0,0,0,0,20260623
20260630,parabolic_uptrend,801770.SI,通信,126,3,0.023809523809523808,0.03,0,3,1,20260623
20260630,parabolic_uptrend,801780.SI,银行,42,0,0.0,0.0,0,0,0,20260623
20260630,parabolic_uptrend,801790.SI,非银金融,81,0,0.0,0.0,0,0,0,20260623
20260630,parabolic_uptrend,801880.SI,汽车,305,1,0.003278688524590164,0.01,0,1,0,20260623
20260630,parabolic_uptrend,801890.SI,机械设备,589,25,0.042444821731748725,0.25,6,19,4,20260623
20260630,parabolic_uptrend,801950.SI,煤炭,37,0,0.0,0.0,0,0,0,20260623
20260630,parabolic_uptrend,801960.SI,石油石化,48,0,0.0,0.0,0,0,0,20260623
20260630,parabolic_uptrend,801970.SI,环保,136,4,0.029411764705882353,0.04,0,4,2,20260623
20260630,parabolic_uptrend,801980.SI,美容护理,31,0,0.0,0.0,0,0,0,20260623
20260701,parabolic_uptrend,801010.SI,农林牧渔,114,0,0.0,0.0,0,0,1,20260624
20260701,parabolic_uptrend,801030.SI,基础化工,432,5,0.011574074074074073,0.05,1,4,1,20260624
20260701,parabolic_uptrend,801040.SI,钢铁,44,0,0.0,0.0,0,0,0,20260624
20260701,parabolic_uptrend,801050.SI,有色金属,141,4,0.028368794326241134,0.04,1,3,0,20260624
20260701,parabolic_uptrend,801080.SI,电子,486,31,0.06378600823045268,0.31,8,23,2,20260624
20260701,parabolic_uptrend,801110.SI,家用电器,102,0,0.0,0.0,0,0,1,20260624
20260701,parabolic_uptrend,801120.SI,食品饮料,126,1,0.007936507936507936,0.01,0,1,0,20260624
20260701,parabolic_uptrend,801130.SI,纺织服饰,105,1,0.009523809523809525,0.01,0,1,0,20260624
20260701,parabolic_uptrend,801140.SI,轻工制造,166,2,0.012048192771084338,0.02,0,2,0,20260624
20260701,parabolic_uptrend,801150.SI,医药生物,497,3,0.006036217303822937,0.03,1,2,0,20260624
20260701,parabolic_uptrend,801160.SI,公用事业,132,2,0.015151515151515152,0.02,0,2,0,20260624
20260701,parabolic_uptrend,801170.SI,交通运输,127,0,0.0,0.0,0,0,0,20260624
20260701,parabolic_uptrend,801180.SI,房地产,98,1,0.01020408163265306,0.01,0,1,1,20260624
20260701,parabolic_uptrend,801200.SI,商贸零售,98,0,0.0,0.0,0,0,0,20260624
20260701,parabolic_uptrend,801210.SI,社会服务,80,1,0.0125,0.01,1,0,0,20260624
20260701,parabolic_uptrend,801230.SI,综合,15,0,0.0,0.0,0,0,0,20260624
20260701,parabolic_uptrend,801710.SI,建筑材料,73,1,0.0136986301369863,0.01,0,1,2,20260624
20260701,parabolic_uptrend,801720.SI,建筑装饰,161,2,0.012422360248447204,0.02,0,2,1,20260624
20260701,parabolic_uptrend,801730.SI,电力设备,396,7,0.017676767676767676,0.07,2,5,2,20260624
20260701,parabolic_uptrend,801740.SI,国防军工,139,0,0.0,0.0,0,0,0,20260624
20260701,parabolic_uptrend,801750.SI,计算机,355,6,0.016901408450704224,0.06,0,6,1,20260624
20260701,parabolic_uptrend,801760.SI,传媒,131,0,0.0,0.0,0,0,0,20260624
20260701,parabolic_uptrend,801770.SI,通信,125,2,0.016,0.02,0,2,2,20260624
20260701,parabolic_uptrend,801780.SI,银行,42,0,0.0,0.0,0,0,0,20260624
20260701,parabolic_uptrend,801790.SI,非银金融,81,0,0.0,0.0,0,0,0,20260624
20260701,parabolic_uptrend,801880.SI,汽车,305,1,0.003278688524590164,0.01,0,1,0,20260624
20260701,parabolic_uptrend,801890.SI,机械设备,589,26,0.044142614601018676,0.26,6,20,4,20260624
20260701,parabolic_uptrend,801950.SI,煤炭,37,0,0.0,0.0,0,0,0,20260624
20260701,parabolic_uptrend,801960.SI,石油石化,48,0,0.0,0.0,0,0,0,20260624
20260701,parabolic_uptrend,801970.SI,环保,136,4,0.029411764705882353,0.04,0,4,2,20260624
20260701,parabolic_uptrend,801980.SI,美容护理,31,0,0.0,0.0,0,0,0,20260624
20260702,parabolic_uptrend,801010.SI,农林牧渔,114,0,0.0,0.0,0,0,0,20260625
20260702,parabolic_uptrend,801030.SI,基础化工,432,5,0.011574074074074073,0.05,1,4,1,20260625
20260702,parabolic_uptrend,801040.SI,钢铁,44,0,0.0,0.0,0,0,0,20260625
20260702,parabolic_uptrend,801050.SI,有色金属,141,3,0.02127659574468085,0.03,0,3,0,20260625
20260702,parabolic_uptrend,801080.SI,电子,486,31,0.06378600823045268,0.31,9,22,4,20260625
20260702,parabolic_uptrend,801110.SI,家用电器,102,0,0.0,0.0,0,0,0,20260625
20260702,parabolic_uptrend,801120.SI,食品饮料,126,1,0.007936507936507936,0.01,0,1,0,20260625
20260702,parabolic_uptrend,801130.SI,纺织服饰,106,1,0.009433962264150943,0.01,0,1,0,20260625
20260702,parabolic_uptrend,801140.SI,轻工制造,166,2,0.012048192771084338,0.02,0,2,1,20260625
20260702,parabolic_uptrend,801150.SI,医药生物,497,3,0.006036217303822937,0.03,1,2,0,20260625
20260702,parabolic_uptrend,801160.SI,公用事业,132,2,0.015151515151515152,0.02,0,2,0,20260625
20260702,parabolic_uptrend,801170.SI,交通运输,127,0,0.0,0.0,0,0,0,20260625
20260702,parabolic_uptrend,801180.SI,房地产,99,1,0.010101010101010102,0.01,0,1,0,20260625
20260702,parabolic_uptrend,801200.SI,商贸零售,98,0,0.0,0.0,0,0,0,20260625
20260702,parabolic_uptrend,801210.SI,社会服务,80,1,0.0125,0.01,0,1,0,20260625
20260702,parabolic_uptrend,801230.SI,综合,15,0,0.0,0.0,0,0,0,20260625
20260702,parabolic_uptrend,801710.SI,建筑材料,73,1,0.0136986301369863,0.01,0,1,2,20260625
20260702,parabolic_uptrend,801720.SI,建筑装饰,161,3,0.018633540372670808,0.03,1,2,0,20260625
20260702,parabolic_uptrend,801730.SI,电力设备,396,7,0.017676767676767676,0.07,0,7,2,20260625
20260702,parabolic_uptrend,801740.SI,国防军工,139,0,0.0,0.0,0,0,0,20260625
20260702,parabolic_uptrend,801750.SI,计算机,355,7,0.01971830985915493,0.07,1,6,1,20260625
20260702,parabolic_uptrend,801760.SI,传媒,131,0,0.0,0.0,0,0,0,20260625
20260702,parabolic_uptrend,801770.SI,通信,126,2,0.015873015873015872,0.02,0,2,2,20260625
20260702,parabolic_uptrend,801780.SI,银行,42,0,0.0,0.0,0,0,0,20260625
20260702,parabolic_uptrend,801790.SI,非银金融,81,0,0.0,0.0,0,0,0,20260625
20260702,parabolic_uptrend,801880.SI,汽车,305,1,0.003278688524590164,0.01,0,1,0,20260625
20260702,parabolic_uptrend,801890.SI,机械设备,590,25,0.0423728813559322,0.25,5,20,4,20260625
20260702,parabolic_uptrend,801950.SI,煤炭,37,0,0.0,0.0,0,0,0,20260625
20260702,parabolic_uptrend,801960.SI,石油石化,48,0,0.0,0.0,0,0,0,20260625
20260702,parabolic_uptrend,801970.SI,环保,136,4,0.029411764705882353,0.04,0,4,1,20260625
20260702,parabolic_uptrend,801980.SI,美容护理,31,0,0.0,0.0,0,0,0,20260625
20260703,parabolic_uptrend,801010.SI,农林牧渔,114,0,0.0,0.0,0,0,0,20260626
20260703,parabolic_uptrend,801030.SI,基础化工,433,5,0.011547344110854504,0.05,1,4,0,20260626
20260703,parabolic_uptrend,801040.SI,钢铁,44,0,0.0,0.0,0,0,0,20260626
20260703,parabolic_uptrend,801050.SI,有色金属,141,3,0.02127659574468085,0.03,0,3,1,20260626
20260703,parabolic_uptrend,801080.SI,电子,486,30,0.06172839506172839,0.3,7,23,4,20260626
20260703,parabolic_uptrend,801110.SI,家用电器,102,0,0.0,0.0,0,0,0,20260626
20260703,parabolic_uptrend,801120.SI,食品饮料,126,1,0.007936507936507936,0.01,0,1,0,20260626
20260703,parabolic_uptrend,801130.SI,纺织服饰,106,1,0.009433962264150943,0.01,0,1,0,20260626
20260703,parabolic_uptrend,801140.SI,轻工制造,166,2,0.012048192771084338,0.02,0,2,1,20260626
20260703,parabolic_uptrend,801150.SI,医药生物,497,3,0.006036217303822937,0.03,0,3,0,20260626
20260703,parabolic_uptrend,801160.SI,公用事业,132,2,0.015151515151515152,0.02,0,2,0,20260626
20260703,parabolic_uptrend,801170.SI,交通运输,127,1,0.007874015748031496,0.01,1,0,0,20260626
20260703,parabolic_uptrend,801180.SI,房地产,99,1,0.010101010101010102,0.01,0,1,0,20260626
20260703,parabolic_uptrend,801200.SI,商贸零售,98,0,0.0,0.0,0,0,0,20260626
20260703,parabolic_uptrend,801210.SI,社会服务,80,1,0.0125,0.01,0,1,0,20260626
20260703,parabolic_uptrend,801230.SI,综合,15,0,0.0,0.0,0,0,0,20260626
20260703,parabolic_uptrend,801710.SI,建筑材料,73,1,0.0136986301369863,0.01,0,1,1,20260626
20260703,parabolic_uptrend,801720.SI,建筑装饰,160,3,0.01875,0.03,1,2,0,20260626
20260703,parabolic_uptrend,801730.SI,电力设备,396,7,0.017676767676767676,0.07,2,5,4,20260626
20260703,parabolic_uptrend,801740.SI,国防军工,139,0,0.0,0.0,0,0,0,20260626
20260703,parabolic_uptrend,801750.SI,计算机,355,7,0.01971830985915493,0.07,1,6,1,20260626
20260703,parabolic_uptrend,801760.SI,传媒,131,0,0.0,0.0,0,0,0,20260626
20260703,parabolic_uptrend,801770.SI,通信,126,2,0.015873015873015872,0.02,0,2,1,20260626
20260703,parabolic_uptrend,801780.SI,银行,42,0,0.0,0.0,0,0,0,20260626
20260703,parabolic_uptrend,801790.SI,非银金融,81,0,0.0,0.0,0,0,0,20260626
20260703,parabolic_uptrend,801880.SI,汽车,305,1,0.003278688524590164,0.01,0,1,0,20260626
20260703,parabolic_uptrend,801890.SI,机械设备,590,26,0.04406779661016949,0.26,5,21,3,20260626
20260703,parabolic_uptrend,801950.SI,煤炭,37,0,0.0,0.0,0,0,0,20260626
20260703,parabolic_uptrend,801960.SI,石油石化,48,0,0.0,0.0,0,0,0,20260626
20260703,parabolic_uptrend,801970.SI,环保,136,3,0.022058823529411766,0.03,0,3,2,20260626
20260703,parabolic_uptrend,801980.SI,美容护理,31,0,0.0,0.0,0,0,0,20260626
20260706,parabolic_uptrend,801010.SI,农林牧渔,114,0,0.0,0.0,0,0,0,20260629
20260706,parabolic_uptrend,801030.SI,基础化工,434,5,0.01152073732718894,0.05,1,4,0,20260629
20260706,parabolic_uptrend,801040.SI,钢铁,44,0,0.0,0.0,0,0,0,20260629
20260706,parabolic_uptrend,801050.SI,有色金属,141,3,0.02127659574468085,0.03,0,3,1,20260629
20260706,parabolic_uptrend,801080.SI,电子,487,32,0.06570841889117043,0.32,8,24,4,20260629
20260706,parabolic_uptrend,801110.SI,家用电器,102,0,0.0,0.0,0,0,0,20260629
20260706,parabolic_uptrend,801120.SI,食品饮料,126,1,0.007936507936507936,0.01,0,1,0,20260629
20260706,parabolic_uptrend,801130.SI,纺织服饰,106,1,0.009433962264150943,0.01,0,1,0,20260629
20260706,parabolic_uptrend,801140.SI,轻工制造,166,2,0.012048192771084338,0.02,0,2,0,20260629
20260706,parabolic_uptrend,801150.SI,医药生物,497,3,0.006036217303822937,0.03,0,3,0,20260629
20260706,parabolic_uptrend,801160.SI,公用事业,132,2,0.015151515151515152,0.02,0,2,0,20260629
20260706,parabolic_uptrend,801170.SI,交通运输,127,1,0.007874015748031496,0.01,1,0,0,20260629
20260706,parabolic_uptrend,801180.SI,房地产,99,1,0.010101010101010102,0.01,0,1,0,20260629
20260706,parabolic_uptrend,801200.SI,商贸零售,98,0,0.0,0.0,0,0,0,20260629
20260706,parabolic_uptrend,801210.SI,社会服务,80,1,0.0125,0.01,0,1,0,20260629
20260706,parabolic_uptrend,801230.SI,综合,15,0,0.0,0.0,0,0,0,20260629
20260706,parabolic_uptrend,801710.SI,建筑材料,73,1,0.0136986301369863,0.01,0,1,1,20260629
20260706,parabolic_uptrend,801720.SI,建筑装饰,160,2,0.0125,0.02,1,1,1,20260629
20260706,parabolic_uptrend,801730.SI,电力设备,395,7,0.017721518987341773,0.07,3,4,4,20260629
20260706,parabolic_uptrend,801740.SI,国防军工,139,0,0.0,0.0,0,0,0,20260629
20260706,parabolic_uptrend,801750.SI,计算机,355,7,0.01971830985915493,0.07,1,6,1,20260629
20260706,parabolic_uptrend,801760.SI,传媒,131,0,0.0,0.0,0,0,0,20260629
20260706,parabolic_uptrend,801770.SI,通信,126,3,0.023809523809523808,0.03,1,2,1,20260629
20260706,parabolic_uptrend,801780.SI,银行,42,0,0.0,0.0,0,0,0,20260629
20260706,parabolic_uptrend,801790.SI,非银金融,81,0,0.0,0.0,0,0,0,20260629
20260706,parabolic_uptrend,801880.SI,汽车,306,1,0.0032679738562091504,0.01,0,1,0,20260629
20260706,parabolic_uptrend,801890.SI,机械设备,590,24,0.04067796610169491,0.24,4,20,5,20260629
20260706,parabolic_uptrend,801950.SI,煤炭,37,0,0.0,0.0,0,0,0,20260629
20260706,parabolic_uptrend,801960.SI,石油石化,48,0,0.0,0.0,0,0,0,20260629
20260706,parabolic_uptrend,801970.SI,环保,136,3,0.022058823529411766,0.03,0,3,2,20260629
20260706,parabolic_uptrend,801980.SI,美容护理,31,0,0.0,0.0,0,0,0,20260629
20260707,parabolic_uptrend,801010.SI,农林牧渔,114,0,0.0,0.0,0,0,0,20260630
20260707,parabolic_uptrend,801030.SI,基础化工,433,4,0.009237875288683603,0.04,0,4,0,20260630
20260707,parabolic_uptrend,801040.SI,钢铁,44,0,0.0,0.0,0,0,0,20260630
20260707,parabolic_uptrend,801050.SI,有色金属,141,3,0.02127659574468085,0.03,0,3,1,20260630
20260707,parabolic_uptrend,801080.SI,电子,487,32,0.06570841889117043,0.32,8,24,7,20260630
20260707,parabolic_uptrend,801110.SI,家用电器,102,0,0.0,0.0,0,0,0,20260630
20260707,parabolic_uptrend,801120.SI,食品饮料,126,1,0.007936507936507936,0.01,0,1,0,20260630
20260707,parabolic_uptrend,801130.SI,纺织服饰,107,1,0.009345794392523364,0.01,0,1,0,20260630
20260707,parabolic_uptrend,801140.SI,轻工制造,166,2,0.012048192771084338,0.02,1,1,1,20260630
20260707,parabolic_uptrend,801150.SI,医药生物,497,3,0.006036217303822937,0.03,0,3,0,20260630
20260707,parabolic_uptrend,801160.SI,公用事业,132,2,0.015151515151515152,0.02,0,2,0,20260630
20260707,parabolic_uptrend,801170.SI,交通运输,127,1,0.007874015748031496,0.01,1,0,0,20260630
20260707,parabolic_uptrend,801180.SI,房地产,99,1,0.010101010101010102,0.01,0,1,0,20260630
20260707,parabolic_uptrend,801200.SI,商贸零售,98,0,0.0,0.0,0,0,0,20260630
20260707,parabolic_uptrend,801210.SI,社会服务,80,1,0.0125,0.01,0,1,0,20260630
20260707,parabolic_uptrend,801230.SI,综合,15,0,0.0,0.0,0,0,0,20260630
20260707,parabolic_uptrend,801710.SI,建筑材料,73,1,0.0136986301369863,0.01,0,1,0,20260630
20260707,parabolic_uptrend,801720.SI,建筑装饰,161,2,0.012422360248447204,0.02,1,1,1,20260630
20260707,parabolic_uptrend,801730.SI,电力设备,396,8,0.020202020202020204,0.08,4,4,4,20260630
20260707,parabolic_uptrend,801740.SI,国防军工,139,0,0.0,0.0,0,0,0,20260630
20260707,parabolic_uptrend,801750.SI,计算机,355,7,0.01971830985915493,0.07,1,6,0,20260630
20260707,parabolic_uptrend,801760.SI,传媒,131,0,0.0,0.0,0,0,0,20260630
20260707,parabolic_uptrend,801770.SI,通信,126,4,0.031746031746031744,0.04,2,2,1,20260630
20260707,parabolic_uptrend,801780.SI,银行,42,0,0.0,0.0,0,0,0,20260630
20260707,parabolic_uptrend,801790.SI,非银金融,81,0,0.0,0.0,0,0,0,20260630
20260707,parabolic_uptrend,801880.SI,汽车,306,1,0.0032679738562091504,0.01,0,1,0,20260630
20260707,parabolic_uptrend,801890.SI,机械设备,590,23,0.03898305084745763,0.23,2,21,4,20260630
20260707,parabolic_uptrend,801950.SI,煤炭,37,0,0.0,0.0,0,0,0,20260630
20260707,parabolic_uptrend,801960.SI,石油石化,48,0,0.0,0.0,0,0,0,20260630
20260707,parabolic_uptrend,801970.SI,环保,136,3,0.022058823529411766,0.03,0,3,1,20260630
20260707,parabolic_uptrend,801980.SI,美容护理,31,0,0.0,0.0,0,0,0,20260630
20260708,parabolic_uptrend,801010.SI,农林牧渔,114,0,0.0,0.0,0,0,0,20260701
20260708,parabolic_uptrend,801030.SI,基础化工,433,2,0.004618937644341801,0.02,0,2,3,20260701
20260708,parabolic_uptrend,801040.SI,钢铁,44,0,0.0,0.0,0,0,0,20260701
20260708,parabolic_uptrend,801050.SI,有色金属,141,3,0.02127659574468085,0.03,0,3,1,20260701
20260708,parabolic_uptrend,801080.SI,电子,487,35,0.07186858316221766,0.35,9,26,5,20260701
20260708,parabolic_uptrend,801110.SI,家用电器,102,0,0.0,0.0,0,0,0,20260701
20260708,parabolic_uptrend,801120.SI,食品饮料,126,1,0.007936507936507936,0.01,0,1,0,20260701
20260708,parabolic_uptrend,801130.SI,纺织服饰,107,1,0.009345794392523364,0.01,0,1,0,20260701
20260708,parabolic_uptrend,801140.SI,轻工制造,166,2,0.012048192771084338,0.02,1,1,1,20260701
20260708,parabolic_uptrend,801150.SI,医药生物,496,4,0.008064516129032258,0.04,1,3,0,20260701
20260708,parabolic_uptrend,801160.SI,公用事业,132,1,0.007575757575757576,0.01,0,1,1,20260701
20260708,parabolic_uptrend,801170.SI,交通运输,127,1,0.007874015748031496,0.01,1,0,0,20260701
20260708,parabolic_uptrend,801180.SI,房地产,99,1,0.010101010101010102,0.01,0,1,0,20260701
20260708,parabolic_uptrend,801200.SI,商贸零售,98,0,0.0,0.0,0,0,0,20260701
20260708,parabolic_uptrend,801210.SI,社会服务,81,1,0.012345679012345678,0.01,0,1,0,20260701
20260708,parabolic_uptrend,801230.SI,综合,15,0,0.0,0.0,0,0,0,20260701
20260708,parabolic_uptrend,801710.SI,建筑材料,73,1,0.0136986301369863,0.01,0,1,0,20260701
20260708,parabolic_uptrend,801720.SI,建筑装饰,161,2,0.012422360248447204,0.02,1,1,1,20260701
20260708,parabolic_uptrend,801730.SI,电力设备,396,9,0.022727272727272728,0.09,5,4,3,20260701
20260708,parabolic_uptrend,801740.SI,国防军工,139,0,0.0,0.0,0,0,0,20260701
20260708,parabolic_uptrend,801750.SI,计算机,355,6,0.016901408450704224,0.06,1,5,1,20260701
20260708,parabolic_uptrend,801760.SI,传媒,131,0,0.0,0.0,0,0,0,20260701
20260708,parabolic_uptrend,801770.SI,通信,126,4,0.031746031746031744,0.04,2,2,0,20260701
20260708,parabolic_uptrend,801780.SI,银行,42,0,0.0,0.0,0,0,0,20260701
20260708,parabolic_uptrend,801790.SI,非银金融,81,0,0.0,0.0,0,0,0,20260701
20260708,parabolic_uptrend,801880.SI,汽车,306,1,0.0032679738562091504,0.01,0,1,0,20260701
20260708,parabolic_uptrend,801890.SI,机械设备,590,22,0.03728813559322034,0.22,1,21,5,20260701
20260708,parabolic_uptrend,801950.SI,煤炭,37,1,0.02702702702702703,0.01,1,0,0,20260701
20260708,parabolic_uptrend,801960.SI,石油石化,48,0,0.0,0.0,0,0,0,20260701
20260708,parabolic_uptrend,801970.SI,环保,136,2,0.014705882352941176,0.02,0,2,2,20260701
20260708,parabolic_uptrend,801980.SI,美容护理,31,0,0.0,0.0,0,0,0,20260701
20260709,parabolic_uptrend,801010.SI,农林牧渔,114,0,0.0,0.0,0,0,0,20260702
20260709,parabolic_uptrend,801030.SI,基础化工,433,2,0.004618937644341801,0.02,0,2,3,20260702
20260709,parabolic_uptrend,801040.SI,钢铁,44,0,0.0,0.0,0,0,0,20260702
20260709,parabolic_uptrend,801050.SI,有色金属,141,3,0.02127659574468085,0.03,0,3,0,20260702
20260709,parabolic_uptrend,801080.SI,电子,487,35,0.07186858316221766,0.35,9,26,5,20260702
20260709,parabolic_uptrend,801110.SI,家用电器,102,0,0.0,0.0,0,0,0,20260702
20260709,parabolic_uptrend,801120.SI,食品饮料,126,1,0.007936507936507936,0.01,0,1,0,20260702
20260709,parabolic_uptrend,801130.SI,纺织服饰,107,1,0.009345794392523364,0.01,0,1,0,20260702
20260709,parabolic_uptrend,801140.SI,轻工制造,166,2,0.012048192771084338,0.02,1,1,1,20260702
20260709,parabolic_uptrend,801150.SI,医药生物,496,4,0.008064516129032258,0.04,1,3,0,20260702
20260709,parabolic_uptrend,801160.SI,公用事业,133,1,0.007518796992481203,0.01,0,1,1,20260702
20260709,parabolic_uptrend,801170.SI,交通运输,127,1,0.007874015748031496,0.01,1,0,0,20260702
20260709,parabolic_uptrend,801180.SI,房地产,99,1,0.010101010101010102,0.01,0,1,0,20260702
20260709,parabolic_uptrend,801200.SI,商贸零售,98,0,0.0,0.0,0,0,0,20260702
20260709,parabolic_uptrend,801210.SI,社会服务,81,1,0.012345679012345678,0.01,0,1,0,20260702
20260709,parabolic_uptrend,801230.SI,综合,15,0,0.0,0.0,0,0,0,20260702
20260709,parabolic_uptrend,801710.SI,建筑材料,73,1,0.0136986301369863,0.01,0,1,0,20260702
20260709,parabolic_uptrend,801720.SI,建筑装饰,161,2,0.012422360248447204,0.02,0,2,1,20260702
20260709,parabolic_uptrend,801730.SI,电力设备,396,7,0.017676767676767676,0.07,4,3,4,20260702
20260709,parabolic_uptrend,801740.SI,国防军工,139,0,0.0,0.0,0,0,0,20260702
20260709,parabolic_uptrend,801750.SI,计算机,356,7,0.019662921348314606,0.07,1,6,1,20260702
20260709,parabolic_uptrend,801760.SI,传媒,131,0,0.0,0.0,0,0,0,20260702
20260709,parabolic_uptrend,801770.SI,通信,126,4,0.031746031746031744,0.04,2,2,0,20260702
20260709,parabolic_uptrend,801780.SI,银行,42,0,0.0,0.0,0,0,0,20260702
20260709,parabolic_uptrend,801790.SI,非银金融,81,0,0.0,0.0,0,0,0,20260702
20260709,parabolic_uptrend,801880.SI,汽车,306,1,0.0032679738562091504,0.01,0,1,0,20260702
20260709,parabolic_uptrend,801890.SI,机械设备,589,23,0.03904923599320883,0.23,3,20,5,20260702
20260709,parabolic_uptrend,801950.SI,煤炭,37,1,0.02702702702702703,0.01,1,0,0,20260702
20260709,parabolic_uptrend,801960.SI,石油石化,48,0,0.0,0.0,0,0,0,20260702
20260709,parabolic_uptrend,801970.SI,环保,136,2,0.014705882352941176,0.02,0,2,2,20260702
20260709,parabolic_uptrend,801980.SI,美容护理,31,0,0.0,0.0,0,0,0,20260702
20260710,parabolic_uptrend,801010.SI,农林牧渔,114,0,0.0,0.0,0,0,0,20260703
20260710,parabolic_uptrend,801030.SI,基础化工,433,1,0.0023094688221709007,0.01,0,1,4,20260703
20260710,parabolic_uptrend,801040.SI,钢铁,44,0,0.0,0.0,0,0,0,20260703
20260710,parabolic_uptrend,801050.SI,有色金属,141,3,0.02127659574468085,0.03,0,3,0,20260703
20260710,parabolic_uptrend,801080.SI,电子,487,35,0.07186858316221766,0.35,10,25,5,20260703
20260710,parabolic_uptrend,801110.SI,家用电器,101,0,0.0,0.0,0,0,0,20260703
20260710,parabolic_uptrend,801120.SI,食品饮料,126,1,0.007936507936507936,0.01,0,1,0,20260703
20260710,parabolic_uptrend,801130.SI,纺织服饰,107,1,0.009345794392523364,0.01,0,1,0,20260703
20260710,parabolic_uptrend,801140.SI,轻工制造,166,2,0.012048192771084338,0.02,1,1,1,20260703
20260710,parabolic_uptrend,801150.SI,医药生物,496,4,0.008064516129032258,0.04,1,3,0,20260703
20260710,parabolic_uptrend,801160.SI,公用事业,133,1,0.007518796992481203,0.01,0,1,1,20260703
20260710,parabolic_uptrend,801170.SI,交通运输,127,1,0.007874015748031496,0.01,0,1,0,20260703
20260710,parabolic_uptrend,801180.SI,房地产,99,1,0.010101010101010102,0.01,0,1,0,20260703
20260710,parabolic_uptrend,801200.SI,商贸零售,98,0,0.0,0.0,0,0,0,20260703
20260710,parabolic_uptrend,801210.SI,社会服务,81,2,0.024691358024691357,0.02,1,1,0,20260703
20260710,parabolic_uptrend,801230.SI,综合,15,0,0.0,0.0,0,0,0,20260703
20260710,parabolic_uptrend,801710.SI,建筑材料,73,2,0.0273972602739726,0.02,1,1,0,20260703
20260710,parabolic_uptrend,801720.SI,建筑装饰,161,2,0.012422360248447204,0.02,0,2,1,20260703
20260710,parabolic_uptrend,801730.SI,电力设备,396,7,0.017676767676767676,0.07,4,3,4,20260703
20260710,parabolic_uptrend,801740.SI,国防军工,139,0,0.0,0.0,0,0,0,20260703
20260710,parabolic_uptrend,801750.SI,计算机,356,5,0.014044943820224719,0.05,1,4,3,20260703
20260710,parabolic_uptrend,801760.SI,传媒,131,0,0.0,0.0,0,0,0,20260703
20260710,parabolic_uptrend,801770.SI,通信,126,4,0.031746031746031744,0.04,2,2,0,20260703
20260710,parabolic_uptrend,801780.SI,银行,42,0,0.0,0.0,0,0,0,20260703
20260710,parabolic_uptrend,801790.SI,非银金融,81,0,0.0,0.0,0,0,0,20260703
20260710,parabolic_uptrend,801880.SI,汽车,306,1,0.0032679738562091504,0.01,0,1,0,20260703
20260710,parabolic_uptrend,801890.SI,机械设备,589,24,0.04074702886247878,0.24,4,20,6,20260703
20260710,parabolic_uptrend,801950.SI,煤炭,37,1,0.02702702702702703,0.01,1,0,0,20260703
20260710,parabolic_uptrend,801960.SI,石油石化,48,0,0.0,0.0,0,0,0,20260703
20260710,parabolic_uptrend,801970.SI,环保,136,2,0.014705882352941176,0.02,0,2,1,20260703
20260710,parabolic_uptrend,801980.SI,美容护理,31,0,0.0,0.0,0,0,0,20260703
20260713,parabolic_uptrend,801010.SI,农林牧渔,114,0,0.0,0.0,0,0,0,20260706
20260713,parabolic_uptrend,801030.SI,基础化工,434,0,0.0,0.0,0,0,5,20260706
20260713,parabolic_uptrend,801040.SI,钢铁,44,0,0.0,0.0,0,0,0,20260706
20260713,parabolic_uptrend,801050.SI,有色金属,141,3,0.02127659574468085,0.03,0,3,0,20260706
20260713,parabolic_uptrend,801080.SI,电子,488,33,0.06762295081967214,0.33,9,24,8,20260706
20260713,parabolic_uptrend,801110.SI,家用电器,100,0,0.0,0.0,0,0,0,20260706
20260713,parabolic_uptrend,801120.SI,食品饮料,126,1,0.007936507936507936,0.01,0,1,0,20260706
20260713,parabolic_uptrend,801130.SI,纺织服饰,107,1,0.009345794392523364,0.01,0,1,0,20260706
20260713,parabolic_uptrend,801140.SI,轻工制造,166,3,0.018072289156626505,0.03,2,1,1,20260706
20260713,parabolic_uptrend,801150.SI,医药生物,496,5,0.010080645161290322,0.05,2,3,0,20260706
20260713,parabolic_uptrend,801160.SI,公用事业,133,1,0.007518796992481203,0.01,0,1,1,20260706
20260713,parabolic_uptrend,801170.SI,交通运输,127,1,0.007874015748031496,0.01,0,1,0,20260706
20260713,parabolic_uptrend,801180.SI,房地产,99,1,0.010101010101010102,0.01,0,1,0,20260706
20260713,parabolic_uptrend,801200.SI,商贸零售,98,0,0.0,0.0,0,0,0,20260706
20260713,parabolic_uptrend,801210.SI,社会服务,81,2,0.024691358024691357,0.02,1,1,0,20260706
20260713,parabolic_uptrend,801230.SI,综合,15,0,0.0,0.0,0,0,0,20260706
20260713,parabolic_uptrend,801710.SI,建筑材料,73,2,0.0273972602739726,0.02,1,1,0,20260706
20260713,parabolic_uptrend,801720.SI,建筑装饰,161,2,0.012422360248447204,0.02,0,2,0,20260706
20260713,parabolic_uptrend,801730.SI,电力设备,397,7,0.017632241813602016,0.07,4,3,4,20260706
20260713,parabolic_uptrend,801740.SI,国防军工,139,0,0.0,0.0,0,0,0,20260706
20260713,parabolic_uptrend,801750.SI,计算机,356,4,0.011235955056179775,0.04,1,3,4,20260706
20260713,parabolic_uptrend,801760.SI,传媒,131,0,0.0,0.0,0,0,0,20260706
20260713,parabolic_uptrend,801770.SI,通信,126,5,0.03968253968253968,0.05,2,3,0,20260706
20260713,parabolic_uptrend,801780.SI,银行,42,0,0.0,0.0,0,0,0,20260706
20260713,parabolic_uptrend,801790.SI,非银金融,81,0,0.0,0.0,0,0,0,20260706
20260713,parabolic_uptrend,801880.SI,汽车,306,1,0.0032679738562091504,0.01,0,1,0,20260706
20260713,parabolic_uptrend,801890.SI,机械设备,590,25,0.0423728813559322,0.25,5,20,4,20260706
20260713,parabolic_uptrend,801950.SI,煤炭,37,1,0.02702702702702703,0.01,1,0,0,20260706
20260713,parabolic_uptrend,801960.SI,石油石化,48,0,0.0,0.0,0,0,0,20260706
20260713,parabolic_uptrend,801970.SI,环保,136,2,0.014705882352941176,0.02,0,2,1,20260706
20260713,parabolic_uptrend,801980.SI,美容护理,31,0,0.0,0.0,0,0,0,20260706
20260714,parabolic_uptrend,801010.SI,农林牧渔,114,0,0.0,0.0,0,0,0,20260707
20260714,parabolic_uptrend,801030.SI,基础化工,435,1,0.0022988505747126436,0.01,1,0,4,20260707
20260714,parabolic_uptrend,801040.SI,钢铁,44,0,0.0,0.0,0,0,0,20260707
20260714,parabolic_uptrend,801050.SI,有色金属,141,4,0.028368794326241134,0.04,1,3,0,20260707
20260714,parabolic_uptrend,801080.SI,电子,487,34,0.06981519507186858,0.34,9,25,7,20260707
20260714,parabolic_uptrend,801110.SI,家用电器,101,1,0.009900990099009901,0.01,1,0,0,20260707
20260714,parabolic_uptrend,801120.SI,食品饮料,126,1,0.007936507936507936,0.01,0,1,0,20260707
20260714,parabolic_uptrend,801130.SI,纺织服饰,107,1,0.009345794392523364,0.01,0,1,0,20260707
20260714,parabolic_uptrend,801140.SI,轻工制造,166,3,0.018072289156626505,0.03,1,2,0,20260707
20260714,parabolic_uptrend,801150.SI,医药生物,496,5,0.010080645161290322,0.05,2,3,0,20260707
20260714,parabolic_uptrend,801160.SI,公用事业,133,1,0.007518796992481203,0.01,0,1,1,20260707
20260714,parabolic_uptrend,801170.SI,交通运输,127,1,0.007874015748031496,0.01,0,1,0,20260707
20260714,parabolic_uptrend,801180.SI,房地产,99,1,0.010101010101010102,0.01,0,1,0,20260707
20260714,parabolic_uptrend,801200.SI,商贸零售,98,0,0.0,0.0,0,0,0,20260707
20260714,parabolic_uptrend,801210.SI,社会服务,81,2,0.024691358024691357,0.02,1,1,0,20260707
20260714,parabolic_uptrend,801230.SI,综合,15,0,0.0,0.0,0,0,0,20260707
20260714,parabolic_uptrend,801710.SI,建筑材料,73,2,0.0273972602739726,0.02,1,1,0,20260707
20260714,parabolic_uptrend,801720.SI,建筑装饰,161,3,0.018633540372670808,0.03,1,2,0,20260707
20260714,parabolic_uptrend,801730.SI,电力设备,396,7,0.017676767676767676,0.07,3,4,4,20260707
20260714,parabolic_uptrend,801740.SI,国防军工,139,0,0.0,0.0,0,0,0,20260707
20260714,parabolic_uptrend,801750.SI,计算机,355,4,0.011267605633802818,0.04,1,3,4,20260707
20260714,parabolic_uptrend,801760.SI,传媒,131,0,0.0,0.0,0,0,0,20260707
20260714,parabolic_uptrend,801770.SI,通信,126,4,0.031746031746031744,0.04,1,3,1,20260707
20260714,parabolic_uptrend,801780.SI,银行,42,0,0.0,0.0,0,0,0,20260707
20260714,parabolic_uptrend,801790.SI,非银金融,81,0,0.0,0.0,0,0,0,20260707
20260714,parabolic_uptrend,801880.SI,汽车,306,1,0.0032679738562091504,0.01,0,1,0,20260707
20260714,parabolic_uptrend,801890.SI,机械设备,591,21,0.03553299492385787,0.21,6,15,8,20260707
20260714,parabolic_uptrend,801950.SI,煤炭,37,1,0.02702702702702703,0.01,1,0,0,20260707
20260714,parabolic_uptrend,801960.SI,石油石化,48,0,0.0,0.0,0,0,0,20260707
20260714,parabolic_uptrend,801970.SI,环保,136,2,0.014705882352941176,0.02,0,2,1,20260707
20260714,parabolic_uptrend,801980.SI,美容护理,31,0,0.0,0.0,0,0,0,20260707
20260715,parabolic_uptrend,801010.SI,农林牧渔,114,0,0.0,0.0,0,0,0,20260708
20260715,parabolic_uptrend,801030.SI,基础化工,435,1,0.0022988505747126436,0.01,1,0,2,20260708
20260715,parabolic_uptrend,801040.SI,钢铁,44,0,0.0,0.0,0,0,0,20260708
20260715,parabolic_uptrend,801050.SI,有色金属,141,4,0.028368794326241134,0.04,1,3,0,20260708
20260715,parabolic_uptrend,801080.SI,电子,487,34,0.06981519507186858,0.34,7,27,8,20260708
20260715,parabolic_uptrend,801110.SI,家用电器,101,1,0.009900990099009901,0.01,1,0,0,20260708
20260715,parabolic_uptrend,801120.SI,食品饮料,126,1,0.007936507936507936,0.01,0,1,0,20260708
20260715,parabolic_uptrend,801130.SI,纺织服饰,107,1,0.009345794392523364,0.01,0,1,0,20260708
20260715,parabolic_uptrend,801140.SI,轻工制造,166,3,0.018072289156626505,0.03,1,2,0,20260708
20260715,parabolic_uptrend,801150.SI,医药生物,496,5,0.010080645161290322,0.05,1,4,0,20260708
20260715,parabolic_uptrend,801160.SI,公用事业,133,1,0.007518796992481203,0.01,0,1,0,20260708
20260715,parabolic_uptrend,801170.SI,交通运输,127,0,0.0,0.0,0,0,1,20260708
20260715,parabolic_uptrend,801180.SI,房地产,99,2,0.020202020202020204,0.02,1,1,0,20260708
20260715,parabolic_uptrend,801200.SI,商贸零售,98,0,0.0,0.0,0,0,0,20260708
20260715,parabolic_uptrend,801210.SI,社会服务,81,3,0.037037037037037035,0.03,2,1,0,20260708
20260715,parabolic_uptrend,801230.SI,综合,15,0,0.0,0.0,0,0,0,20260708
20260715,parabolic_uptrend,801710.SI,建筑材料,73,2,0.0273972602739726,0.02,1,1,0,20260708
20260715,parabolic_uptrend,801720.SI,建筑装饰,161,3,0.018633540372670808,0.03,1,2,0,20260708
20260715,parabolic_uptrend,801730.SI,电力设备,397,7,0.017632241813602016,0.07,2,5,4,20260708
20260715,parabolic_uptrend,801740.SI,国防军工,139,0,0.0,0.0,0,0,0,20260708
20260715,parabolic_uptrend,801750.SI,计算机,355,4,0.011267605633802818,0.04,1,3,3,20260708
20260715,parabolic_uptrend,801760.SI,传媒,131,0,0.0,0.0,0,0,0,20260708
20260715,parabolic_uptrend,801770.SI,通信,126,5,0.03968253968253968,0.05,2,3,1,20260708
20260715,parabolic_uptrend,801780.SI,银行,42,0,0.0,0.0,0,0,0,20260708
20260715,parabolic_uptrend,801790.SI,非银金融,81,0,0.0,0.0,0,0,0,20260708
20260715,parabolic_uptrend,801880.SI,汽车,306,0,0.0,0.0,0,0,1,20260708
20260715,parabolic_uptrend,801890.SI,机械设备,591,20,0.0338409475465313,0.2,7,13,9,20260708
20260715,parabolic_uptrend,801950.SI,煤炭,37,1,0.02702702702702703,0.01,0,1,0,20260708
20260715,parabolic_uptrend,801960.SI,石油石化,48,0,0.0,0.0,0,0,0,20260708
20260715,parabolic_uptrend,801970.SI,环保,136,2,0.014705882352941176,0.02,0,2,0,20260708
20260715,parabolic_uptrend,801980.SI,美容护理,31,0,0.0,0.0,0,0,0,20260708
20260716,parabolic_uptrend,801010.SI,农林牧渔,114,0,0.0,0.0,0,0,0,20260709
20260716,parabolic_uptrend,801030.SI,基础化工,435,2,0.004597701149425287,0.02,2,0,2,20260709
20260716,parabolic_uptrend,801040.SI,钢铁,44,0,0.0,0.0,0,0,0,20260709
20260716,parabolic_uptrend,801050.SI,有色金属,141,4,0.028368794326241134,0.04,1,3,0,20260709
20260716,parabolic_uptrend,801080.SI,电子,488,36,0.07377049180327869,0.36,8,28,7,20260709
20260716,parabolic_uptrend,801110.SI,家用电器,101,1,0.009900990099009901,0.01,1,0,0,20260709
20260716,parabolic_uptrend,801120.SI,食品饮料,126,1,0.007936507936507936,0.01,0,1,0,20260709
20260716,parabolic_uptrend,801130.SI,纺织服饰,107,1,0.009345794392523364,0.01,0,1,0,20260709
20260716,parabolic_uptrend,801140.SI,轻工制造,166,3,0.018072289156626505,0.03,1,2,0,20260709
20260716,parabolic_uptrend,801150.SI,医药生物,495,5,0.010101010101010102,0.05,1,4,0,20260709
20260716,parabolic_uptrend,801160.SI,公用事业,133,1,0.007518796992481203,0.01,0,1,0,20260709
20260716,parabolic_uptrend,801170.SI,交通运输,127,0,0.0,0.0,0,0,1,20260709
20260716,parabolic_uptrend,801180.SI,房地产,99,1,0.010101010101010102,0.01,0,1,0,20260709
20260716,parabolic_uptrend,801200.SI,商贸零售,98,0,0.0,0.0,0,0,0,20260709
20260716,parabolic_uptrend,801210.SI,社会服务,82,3,0.036585365853658534,0.03,2,1,0,20260709
20260716,parabolic_uptrend,801230.SI,综合,15,0,0.0,0.0,0,0,0,20260709
20260716,parabolic_uptrend,801710.SI,建筑材料,73,2,0.0273972602739726,0.02,1,1,0,20260709
20260716,parabolic_uptrend,801720.SI,建筑装饰,161,3,0.018633540372670808,0.03,1,2,0,20260709
20260716,parabolic_uptrend,801730.SI,电力设备,397,5,0.012594458438287154,0.05,2,3,4,20260709
20260716,parabolic_uptrend,801740.SI,国防军工,138,0,0.0,0.0,0,0,0,20260709
20260716,parabolic_uptrend,801750.SI,计算机,356,3,0.008426966292134831,0.03,0,3,4,20260709
20260716,parabolic_uptrend,801760.SI,传媒,131,0,0.0,0.0,0,0,0,20260709
20260716,parabolic_uptrend,801770.SI,通信,126,6,0.047619047619047616,0.06,3,3,1,20260709
20260716,parabolic_uptrend,801780.SI,银行,42,0,0.0,0.0,0,0,0,20260709
20260716,parabolic_uptrend,801790.SI,非银金融,81,0,0.0,0.0,0,0,0,20260709
20260716,parabolic_uptrend,801880.SI,汽车,306,0,0.0,0.0,0,0,1,20260709
20260716,parabolic_uptrend,801890.SI,机械设备,591,20,0.0338409475465313,0.2,6,14,9,20260709
20260716,parabolic_uptrend,801950.SI,煤炭,37,1,0.02702702702702703,0.01,0,1,0,20260709
20260716,parabolic_uptrend,801960.SI,石油石化,48,0,0.0,0.0,0,0,0,20260709
20260716,parabolic_uptrend,801970.SI,环保,136,2,0.014705882352941176,0.02,0,2,0,20260709
20260716,parabolic_uptrend,801980.SI,美容护理,31,0,0.0,0.0,0,0,0,20260709
20260717,parabolic_uptrend,801010.SI,农林牧渔,114,0,0.0,0.0,0,0,0,20260710
20260717,parabolic_uptrend,801030.SI,基础化工,435,3,0.006896551724137931,0.03,3,0,1,20260710
20260717,parabolic_uptrend,801040.SI,钢铁,44,0,0.0,0.0,0,0,0,20260710
20260717,parabolic_uptrend,801050.SI,有色金属,141,4,0.028368794326241134,0.04,1,3,0,20260710
20260717,parabolic_uptrend,801080.SI,电子,488,37,0.07581967213114754,0.37,7,30,5,20260710
20260717,parabolic_uptrend,801110.SI,家用电器,102,1,0.00980392156862745,0.01,1,0,0,20260710
20260717,parabolic_uptrend,801120.SI,食品饮料,126,1,0.007936507936507936,0.01,0,1,0,20260710
20260717,parabolic_uptrend,801130.SI,纺织服饰,106,1,0.009433962264150943,0.01,0,1,0,20260710
20260717,parabolic_uptrend,801140.SI,轻工制造,166,2,0.012048192771084338,0.02,0,2,0,20260710
20260717,parabolic_uptrend,801150.SI,医药生物,494,5,0.010121457489878543,0.05,1,4,0,20260710
20260717,parabolic_uptrend,801160.SI,公用事业,133,1,0.007518796992481203,0.01,0,1,0,20260710
20260717,parabolic_uptrend,801170.SI,交通运输,127,0,0.0,0.0,0,0,1,20260710
20260717,parabolic_uptrend,801180.SI,房地产,99,1,0.010101010101010102,0.01,0,1,0,20260710
20260717,parabolic_uptrend,801200.SI,商贸零售,98,0,0.0,0.0,0,0,0,20260710
20260717,parabolic_uptrend,801210.SI,社会服务,82,3,0.036585365853658534,0.03,1,2,0,20260710
20260717,parabolic_uptrend,801230.SI,综合,15,0,0.0,0.0,0,0,0,20260710
20260717,parabolic_uptrend,801710.SI,建筑材料,73,3,0.0410958904109589,0.03,1,2,0,20260710
20260717,parabolic_uptrend,801720.SI,建筑装饰,160,2,0.0125,0.02,1,1,1,20260710
20260717,parabolic_uptrend,801730.SI,电力设备,397,5,0.012594458438287154,0.05,1,4,3,20260710
20260717,parabolic_uptrend,801740.SI,国防军工,138,0,0.0,0.0,0,0,0,20260710
20260717,parabolic_uptrend,801750.SI,计算机,356,3,0.008426966292134831,0.03,0,3,2,20260710
20260717,parabolic_uptrend,801760.SI,传媒,131,0,0.0,0.0,0,0,0,20260710
20260717,parabolic_uptrend,801770.SI,通信,126,6,0.047619047619047616,0.06,3,3,1,20260710
20260717,parabolic_uptrend,801780.SI,银行,42,0,0.0,0.0,0,0,0,20260710
20260717,parabolic_uptrend,801790.SI,非银金融,81,0,0.0,0.0,0,0,0,20260710
20260717,parabolic_uptrend,801880.SI,汽车,306,0,0.0,0.0,0,0,1,20260710
20260717,parabolic_uptrend,801890.SI,机械设备,591,19,0.032148900169204735,0.19,5,14,10,20260710
20260717,parabolic_uptrend,801950.SI,煤炭,37,1,0.02702702702702703,0.01,0,1,0,20260710
20260717,parabolic_uptrend,801960.SI,石油石化,48,0,0.0,0.0,0,0,0,20260710
20260717,parabolic_uptrend,801970.SI,环保,136,2,0.014705882352941176,0.02,0,2,0,20260710
20260717,parabolic_uptrend,801980.SI,美容护理,31,0,0.0,0.0,0,0,0,20260710
20260720,parabolic_uptrend,801010.SI,农林牧渔,114,0,0.0,0.0,0,0,0,20260713
20260720,parabolic_uptrend,801030.SI,基础化工,435,3,0.006896551724137931,0.03,3,0,0,20260713
20260720,parabolic_uptrend,801040.SI,钢铁,44,0,0.0,0.0,0,0,0,20260713
20260720,parabolic_uptrend,801050.SI,有色金属,141,4,0.028368794326241134,0.04,1,3,0,20260713
20260720,parabolic_uptrend,801080.SI,电子,488,37,0.07581967213114754,0.37,8,29,4,20260713
20260720,parabolic_uptrend,801110.SI,家用电器,102,2,0.0196078431372549,0.02,2,0,0,20260713
20260720,parabolic_uptrend,801120.SI,食品饮料,126,0,0.0,0.0,0,0,1,20260713
20260720,parabolic_uptrend,801130.SI,纺织服饰,107,2,0.018691588785046728,0.02,1,1,0,20260713
20260720,parabolic_uptrend,801140.SI,轻工制造,166,2,0.012048192771084338,0.02,0,2,1,20260713
20260720,parabolic_uptrend,801150.SI,医药生物,494,5,0.010121457489878543,0.05,0,5,0,20260713
20260720,parabolic_uptrend,801160.SI,公用事业,133,1,0.007518796992481203,0.01,0,1,0,20260713
20260720,parabolic_uptrend,801170.SI,交通运输,127,1,0.007874015748031496,0.01,1,0,1,20260713
20260720,parabolic_uptrend,801180.SI,房地产,99,0,0.0,0.0,0,0,1,20260713
20260720,parabolic_uptrend,801200.SI,商贸零售,98,0,0.0,0.0,0,0,0,20260713
20260720,parabolic_uptrend,801210.SI,社会服务,82,1,0.012195121951219513,0.01,0,1,1,20260713
20260720,parabolic_uptrend,801230.SI,综合,15,0,0.0,0.0,0,0,0,20260713
20260720,parabolic_uptrend,801710.SI,建筑材料,73,3,0.0410958904109589,0.03,1,2,0,20260713
20260720,parabolic_uptrend,801720.SI,建筑装饰,161,2,0.012422360248447204,0.02,1,1,1,20260713
20260720,parabolic_uptrend,801730.SI,电力设备,397,5,0.012594458438287154,0.05,0,5,2,20260713
20260720,parabolic_uptrend,801740.SI,国防军工,138,0,0.0,0.0,0,0,0,20260713
20260720,parabolic_uptrend,801750.SI,计算机,356,3,0.008426966292134831,0.03,0,3,1,20260713
20260720,parabolic_uptrend,801760.SI,传媒,131,0,0.0,0.0,0,0,0,20260713
20260720,parabolic_uptrend,801770.SI,通信,126,6,0.047619047619047616,0.06,2,4,1,20260713
20260720,parabolic_uptrend,801780.SI,银行,42,1,0.023809523809523808,0.01,1,0,0,20260713
20260720,parabolic_uptrend,801790.SI,非银金融,81,0,0.0,0.0,0,0,0,20260713
20260720,parabolic_uptrend,801880.SI,汽车,306,0,0.0,0.0,0,0,1,20260713
20260720,parabolic_uptrend,801890.SI,机械设备,591,18,0.030456852791878174,0.18,4,14,11,20260713
20260720,parabolic_uptrend,801950.SI,煤炭,37,2,0.05405405405405406,0.02,1,1,0,20260713
20260720,parabolic_uptrend,801960.SI,石油石化,48,0,0.0,0.0,0,0,0,20260713
20260720,parabolic_uptrend,801970.SI,环保,136,2,0.014705882352941176,0.02,0,2,0,20260713
20260720,parabolic_uptrend,801980.SI,美容护理,31,0,0.0,0.0,0,0,0,20260713
20260721,parabolic_uptrend,801010.SI,农林牧渔,114,0,0.0,0.0,0,0,0,20260714
20260721,parabolic_uptrend,801030.SI,基础化工,435,3,0.006896551724137931,0.03,2,1,0,20260714
20260721,parabolic_uptrend,801040.SI,钢铁,44,0,0.0,0.0,0,0,0,20260714
20260721,parabolic_uptrend,801050.SI,有色金属,141,4,0.028368794326241134,0.04,0,4,0,20260714
20260721,parabolic_uptrend,801080.SI,电子,488,37,0.07581967213114754,0.37,9,28,6,20260714
20260721,parabolic_uptrend,801110.SI,家用电器,102,2,0.0196078431372549,0.02,1,1,0,20260714
20260721,parabolic_uptrend,801120.SI,食品饮料,126,0,0.0,0.0,0,0,1,20260714
20260721,parabolic_uptrend,801130.SI,纺织服饰,107,2,0.018691588785046728,0.02,1,1,0,20260714
20260721,parabolic_uptrend,801140.SI,轻工制造,166,2,0.012048192771084338,0.02,0,2,1,20260714
20260721,parabolic_uptrend,801150.SI,医药生物,494,4,0.008097165991902834,0.04,0,4,1,20260714
20260721,parabolic_uptrend,801160.SI,公用事业,133,1,0.007518796992481203,0.01,0,1,0,20260714
20260721,parabolic_uptrend,801170.SI,交通运输,127,1,0.007874015748031496,0.01,1,0,1,20260714
20260721,parabolic_uptrend,801180.SI,房地产,99,1,0.010101010101010102,0.01,0,1,0,20260714
20260721,parabolic_uptrend,801200.SI,商贸零售,98,0,0.0,0.0,0,0,0,20260714
20260721,parabolic_uptrend,801210.SI,社会服务,82,1,0.012195121951219513,0.01,0,1,1,20260714
20260721,parabolic_uptrend,801230.SI,综合,15,0,0.0,0.0,0,0,0,20260714
20260721,parabolic_uptrend,801710.SI,建筑材料,73,3,0.0410958904109589,0.03,1,2,0,20260714
20260721,parabolic_uptrend,801720.SI,建筑装饰,161,2,0.012422360248447204,0.02,0,2,1,20260714
20260721,parabolic_uptrend,801730.SI,电力设备,397,5,0.012594458438287154,0.05,0,5,2,20260714
20260721,parabolic_uptrend,801740.SI,国防军工,138,0,0.0,0.0,0,0,0,20260714
20260721,parabolic_uptrend,801750.SI,计算机,356,3,0.008426966292134831,0.03,0,3,1,20260714
20260721,parabolic_uptrend,801760.SI,传媒,131,0,0.0,0.0,0,0,0,20260714
20260721,parabolic_uptrend,801770.SI,通信,126,6,0.047619047619047616,0.06,2,4,0,20260714
20260721,parabolic_uptrend,801780.SI,银行,42,1,0.023809523809523808,0.01,1,0,0,20260714
20260721,parabolic_uptrend,801790.SI,非银金融,81,0,0.0,0.0,0,0,0,20260714
20260721,parabolic_uptrend,801880.SI,汽车,306,0,0.0,0.0,0,0,1,20260714
20260721,parabolic_uptrend,801890.SI,机械设备,592,18,0.030405405405405407,0.18,5,13,8,20260714
20260721,parabolic_uptrend,801950.SI,煤炭,37,2,0.05405405405405406,0.02,1,1,0,20260714
20260721,parabolic_uptrend,801960.SI,石油石化,48,0,0.0,0.0,0,0,0,20260714
20260721,parabolic_uptrend,801970.SI,环保,136,2,0.014705882352941176,0.02,0,2,0,20260714
20260721,parabolic_uptrend,801980.SI,美容护理,31,0,0.0,0.0,0,0,0,20260714
20260722,parabolic_uptrend,801010.SI,农林牧渔,114,0,0.0,0.0,0,0,0,20260715
20260722,parabolic_uptrend,801030.SI,基础化工,435,3,0.006896551724137931,0.03,2,1,0,20260715
20260722,parabolic_uptrend,801040.SI,钢铁,44,0,0.0,0.0,0,0,0,20260715
20260722,parabolic_uptrend,801050.SI,有色金属,141,3,0.02127659574468085,0.03,0,3,1,20260715
20260722,parabolic_uptrend,801080.SI,电子,487,40,0.08213552361396304,0.4,13,27,7,20260715
20260722,parabolic_uptrend,801110.SI,家用电器,102,2,0.0196078431372549,0.02,1,1,0,20260715
20260722,parabolic_uptrend,801120.SI,食品饮料,126,0,0.0,0.0,0,0,1,20260715
20260722,parabolic_uptrend,801130.SI,纺织服饰,107,2,0.018691588785046728,0.02,1,1,0,20260715
20260722,parabolic_uptrend,801140.SI,轻工制造,166,2,0.012048192771084338,0.02,0,2,1,20260715
20260722,parabolic_uptrend,801150.SI,医药生物,495,3,0.006060606060606061,0.03,0,3,2,20260715
20260722,parabolic_uptrend,801160.SI,公用事业,133,1,0.007518796992481203,0.01,0,1,0,20260715
20260722,parabolic_uptrend,801170.SI,交通运输,127,1,0.007874015748031496,0.01,1,0,0,20260715
20260722,parabolic_uptrend,801180.SI,房地产,99,1,0.010101010101010102,0.01,0,1,1,20260715
20260722,parabolic_uptrend,801200.SI,商贸零售,98,0,0.0,0.0,0,0,0,20260715
20260722,parabolic_uptrend,801210.SI,社会服务,82,1,0.012195121951219513,0.01,0,1,2,20260715
20260722,parabolic_uptrend,801230.SI,综合,15,0,0.0,0.0,0,0,0,20260715
20260722,parabolic_uptrend,801710.SI,建筑材料,73,3,0.0410958904109589,0.03,1,2,0,20260715
20260722,parabolic_uptrend,801720.SI,建筑装饰,161,2,0.012422360248447204,0.02,0,2,1,20260715
20260722,parabolic_uptrend,801730.SI,电力设备,397,5,0.012594458438287154,0.05,0,5,2,20260715
20260722,parabolic_uptrend,801740.SI,国防军工,138,0,0.0,0.0,0,0,0,20260715
20260722,parabolic_uptrend,801750.SI,计算机,356,3,0.008426966292134831,0.03,0,3,1,20260715
20260722,parabolic_uptrend,801760.SI,传媒,131,0,0.0,0.0,0,0,0,20260715
20260722,parabolic_uptrend,801770.SI,通信,126,6,0.047619047619047616,0.06,1,5,0,20260715
20260722,parabolic_uptrend,801780.SI,银行,42,1,0.023809523809523808,0.01,1,0,0,20260715
20260722,parabolic_uptrend,801790.SI,非银金融,81,0,0.0,0.0,0,0,0,20260715
20260722,parabolic_uptrend,801880.SI,汽车,306,0,0.0,0.0,0,0,0,20260715
20260722,parabolic_uptrend,801890.SI,机械设备,592,18,0.030405405405405407,0.18,4,14,6,20260715
20260722,parabolic_uptrend,801950.SI,煤炭,37,2,0.05405405405405406,0.02,1,1,0,20260715
20260722,parabolic_uptrend,801960.SI,石油石化,48,0,0.0,0.0,0,0,0,20260715
20260722,parabolic_uptrend,801970.SI,环保,136,1,0.007352941176470588,0.01,0,1,1,20260715
20260722,parabolic_uptrend,801980.SI,美容护理,31,0,0.0,0.0,0,0,0,20260715
20260723,parabolic_uptrend,801010.SI,农林牧渔,114,0,0.0,0.0,0,0,0,20260716
20260723,parabolic_uptrend,801030.SI,基础化工,435,3,0.006896551724137931,0.03,1,2,0,20260716
20260723,parabolic_uptrend,801040.SI,钢铁,44,0,0.0,0.0,0,0,0,20260716
20260723,parabolic_uptrend,801050.SI,有色金属,141,4,0.028368794326241134,0.04,0,4,0,20260716
20260723,parabolic_uptrend,801080.SI,电子,487,40,0.08213552361396304,0.4,13,27,9,20260716
20260723,parabolic_uptrend,801110.SI,家用电器,102,2,0.0196078431372549,0.02,1,1,0,20260716
20260723,parabolic_uptrend,801120.SI,食品饮料,126,0,0.0,0.0,0,0,1,20260716
20260723,parabolic_uptrend,801130.SI,纺织服饰,107,2,0.018691588785046728,0.02,1,1,0,20260716
20260723,parabolic_uptrend,801140.SI,轻工制造,166,2,0.012048192771084338,0.02,0,2,1,20260716
20260723,parabolic_uptrend,801150.SI,医药生物,495,3,0.006060606060606061,0.03,0,3,2,20260716
20260723,parabolic_uptrend,801160.SI,公用事业,133,2,0.015037593984962405,0.02,1,1,0,20260716
20260723,parabolic_uptrend,801170.SI,交通运输,127,1,0.007874015748031496,0.01,1,0,0,20260716
20260723,parabolic_uptrend,801180.SI,房地产,99,1,0.010101010101010102,0.01,0,1,0,20260716
20260723,parabolic_uptrend,801200.SI,商贸零售,98,0,0.0,0.0,0,0,0,20260716
20260723,parabolic_uptrend,801210.SI,社会服务,82,1,0.012195121951219513,0.01,0,1,2,20260716
20260723,parabolic_uptrend,801230.SI,综合,15,0,0.0,0.0,0,0,0,20260716
20260723,parabolic_uptrend,801710.SI,建筑材料,73,3,0.0410958904109589,0.03,1,2,0,20260716
20260723,parabolic_uptrend,801720.SI,建筑装饰,161,2,0.012422360248447204,0.02,0,2,1,20260716
20260723,parabolic_uptrend,801730.SI,电力设备,397,5,0.012594458438287154,0.05,0,5,0,20260716
20260723,parabolic_uptrend,801740.SI,国防军工,139,0,0.0,0.0,0,0,0,20260716
20260723,parabolic_uptrend,801750.SI,计算机,356,3,0.008426966292134831,0.03,0,3,0,20260716
20260723,parabolic_uptrend,801760.SI,传媒,130,0,0.0,0.0,0,0,0,20260716
20260723,parabolic_uptrend,801770.SI,通信,126,6,0.047619047619047616,0.06,0,6,0,20260716
20260723,parabolic_uptrend,801780.SI,银行,42,1,0.023809523809523808,0.01,1,0,0,20260716
20260723,parabolic_uptrend,801790.SI,非银金融,81,0,0.0,0.0,0,0,0,20260716
20260723,parabolic_uptrend,801880.SI,汽车,307,0,0.0,0.0,0,0,0,20260716
20260723,parabolic_uptrend,801890.SI,机械设备,592,16,0.02702702702702703,0.16,2,14,6,20260716
20260723,parabolic_uptrend,801950.SI,煤炭,37,2,0.05405405405405406,0.02,1,1,0,20260716
20260723,parabolic_uptrend,801960.SI,石油石化,48,0,0.0,0.0,0,0,0,20260716
20260723,parabolic_uptrend,801970.SI,环保,136,1,0.007352941176470588,0.01,0,1,1,20260716
20260723,parabolic_uptrend,801980.SI,美容护理,31,0,0.0,0.0,0,0,0,20260716
20260724,parabolic_uptrend,801010.SI,农林牧渔,114,0,0.0,0.0,0,0,0,20260717
20260724,parabolic_uptrend,801030.SI,基础化工,435,3,0.006896551724137931,0.03,0,3,0,20260717
20260724,parabolic_uptrend,801040.SI,钢铁,44,0,0.0,0.0,0,0,0,20260717
20260724,parabolic_uptrend,801050.SI,有色金属,141,3,0.02127659574468085,0.03,0,3,1,20260717
20260724,parabolic_uptrend,801080.SI,电子,487,42,0.08624229979466119,0.42,13,29,8,20260717
20260724,parabolic_uptrend,801110.SI,家用电器,102,2,0.0196078431372549,0.02,1,1,0,20260717
20260724,parabolic_uptrend,801120.SI,食品饮料,126,0,0.0,0.0,0,0,1,20260717
20260724,parabolic_uptrend,801130.SI,纺织服饰,107,2,0.018691588785046728,0.02,1,1,0,20260717
20260724,parabolic_uptrend,801140.SI,轻工制造,166,2,0.012048192771084338,0.02,0,2,0,20260717
20260724,parabolic_uptrend,801150.SI,医药生物,495,3,0.006060606060606061,0.03,0,3,2,20260717
20260724,parabolic_uptrend,801160.SI,公用事业,133,2,0.015037593984962405,0.02,1,1,0,20260717
20260724,parabolic_uptrend,801170.SI,交通运输,127,1,0.007874015748031496,0.01,1,0,0,20260717
20260724,parabolic_uptrend,801180.SI,房地产,99,1,0.010101010101010102,0.01,0,1,0,20260717
20260724,parabolic_uptrend,801200.SI,商贸零售,98,0,0.0,0.0,0,0,0,20260717
20260724,parabolic_uptrend,801210.SI,社会服务,82,1,0.012195121951219513,0.01,0,1,2,20260717
20260724,parabolic_uptrend,801230.SI,综合,15,0,0.0,0.0,0,0,0,20260717
20260724,parabolic_uptrend,801710.SI,建筑材料,73,3,0.0410958904109589,0.03,0,3,0,20260717
20260724,parabolic_uptrend,801720.SI,建筑装饰,161,2,0.012422360248447204,0.02,0,2,0,20260717
20260724,parabolic_uptrend,801730.SI,电力设备,397,5,0.012594458438287154,0.05,0,5,0,20260717
20260724,parabolic_uptrend,801740.SI,国防军工,139,0,0.0,0.0,0,0,0,20260717
20260724,parabolic_uptrend,801750.SI,计算机,356,3,0.008426966292134831,0.03,0,3,0,20260717
20260724,parabolic_uptrend,801760.SI,传媒,130,0,0.0,0.0,0,0,0,20260717
20260724,parabolic_uptrend,801770.SI,通信,126,6,0.047619047619047616,0.06,0,6,0,20260717
20260724,parabolic_uptrend,801780.SI,银行,42,1,0.023809523809523808,0.01,1,0,0,20260717
20260724,parabolic_uptrend,801790.SI,非银金融,81,0,0.0,0.0,0,0,0,20260717
20260724,parabolic_uptrend,801880.SI,汽车,307,0,0.0,0.0,0,0,0,20260717
20260724,parabolic_uptrend,801890.SI,机械设备,592,15,0.02533783783783784,0.15,2,13,6,20260717
20260724,parabolic_uptrend,801950.SI,煤炭,37,2,0.05405405405405406,0.02,1,1,0,20260717
20260724,parabolic_uptrend,801960.SI,石油石化,48,0,0.0,0.0,0,0,0,20260717
20260724,parabolic_uptrend,801970.SI,环保,136,1,0.007352941176470588,0.01,0,1,1,20260717
20260724,parabolic_uptrend,801980.SI,美容护理,30,0,0.0,0.0,0,0,0,20260717
20260727,parabolic_uptrend,801010.SI,农林牧渔,114,0,0.0,0.0,0,0,0,20260720
20260727,parabolic_uptrend,801030.SI,基础化工,434,3,0.0069124423963133645,0.03,0,3,0,20260720
20260727,parabolic_uptrend,801040.SI,钢铁,44,0,0.0,0.0,0,0,0,20260720
20260727,parabolic_uptrend,801050.SI,有色金属,141,3,0.02127659574468085,0.03,0,3,1,20260720
20260727,parabolic_uptrend,801080.SI,电子,487,42,0.08624229979466119,0.42,11,31,6,20260720
20260727,parabolic_uptrend,801110.SI,家用电器,103,2,0.019417475728155338,0.02,0,2,0,20260720
20260727,parabolic_uptrend,801120.SI,食品饮料,126,0,0.0,0.0,0,0,0,20260720
20260727,parabolic_uptrend,801130.SI,纺织服饰,107,2,0.018691588785046728,0.02,0,2,0,20260720
20260727,parabolic_uptrend,801140.SI,轻工制造,166,2,0.012048192771084338,0.02,0,2,0,20260720
20260727,parabolic_uptrend,801150.SI,医药生物,495,3,0.006060606060606061,0.03,0,3,2,20260720
20260727,parabolic_uptrend,801160.SI,公用事业,133,2,0.015037593984962405,0.02,1,1,0,20260720
20260727,parabolic_uptrend,801170.SI,交通运输,127,1,0.007874015748031496,0.01,0,1,0,20260720
20260727,parabolic_uptrend,801180.SI,房地产,99,1,0.010101010101010102,0.01,1,0,0,20260720
20260727,parabolic_uptrend,801200.SI,商贸零售,98,0,0.0,0.0,0,0,0,20260720
20260727,parabolic_uptrend,801210.SI,社会服务,82,1,0.012195121951219513,0.01,0,1,0,20260720
20260727,parabolic_uptrend,801230.SI,综合,15,0,0.0,0.0,0,0,0,20260720
20260727,parabolic_uptrend,801710.SI,建筑材料,73,3,0.0410958904109589,0.03,0,3,0,20260720
20260727,parabolic_uptrend,801720.SI,建筑装饰,161,2,0.012422360248447204,0.02,0,2,0,20260720
20260727,parabolic_uptrend,801730.SI,电力设备,397,5,0.012594458438287154,0.05,0,5,0,20260720
20260727,parabolic_uptrend,801740.SI,国防军工,139,0,0.0,0.0,0,0,0,20260720
20260727,parabolic_uptrend,801750.SI,计算机,355,3,0.008450704225352112,0.03,0,3,0,20260720
20260727,parabolic_uptrend,801760.SI,传媒,130,0,0.0,0.0,0,0,0,20260720
20260727,parabolic_uptrend,801770.SI,通信,125,6,0.048,0.06,0,6,0,20260720
20260727,parabolic_uptrend,801780.SI,银行,42,1,0.023809523809523808,0.01,0,1,0,20260720
20260727,parabolic_uptrend,801790.SI,非银金融,81,0,0.0,0.0,0,0,0,20260720
20260727,parabolic_uptrend,801880.SI,汽车,307,0,0.0,0.0,0,0,0,20260720
20260727,parabolic_uptrend,801890.SI,机械设备,591,15,0.025380710659898477,0.15,2,13,5,20260720
20260727,parabolic_uptrend,801950.SI,煤炭,37,2,0.05405405405405406,0.02,0,2,0,20260720
20260727,parabolic_uptrend,801960.SI,石油石化,47,0,0.0,0.0,0,0,0,20260720
20260727,parabolic_uptrend,801970.SI,环保,136,1,0.007352941176470588,0.01,0,1,1,20260720
20260727,parabolic_uptrend,801980.SI,美容护理,30,0,0.0,0.0,0,0,0,20260720
20260728,parabolic_uptrend,801010.SI,农林牧渔,114,0,0.0,0.0,0,0,0,20260721
20260728,parabolic_uptrend,801030.SI,基础化工,435,3,0.006896551724137931,0.03,0,3,0,20260721
20260728,parabolic_uptrend,801040.SI,钢铁,44,0,0.0,0.0,0,0,0,20260721
20260728,parabolic_uptrend,801050.SI,有色金属,141,3,0.02127659574468085,0.03,0,3,1,20260721
20260728,parabolic_uptrend,801080.SI,电子,487,45,0.09240246406570841,0.45,13,32,5,20260721
20260728,parabolic_uptrend,801110.SI,家用电器,103,2,0.019417475728155338,0.02,0,2,0,20260721
20260728,parabolic_uptrend,801120.SI,食品饮料,126,0,0.0,0.0,0,0,0,20260721
20260728,parabolic_uptrend,801130.SI,纺织服饰,107,2,0.018691588785046728,0.02,0,2,0,20260721
20260728,parabolic_uptrend,801140.SI,轻工制造,166,2,0.012048192771084338,0.02,0,2,0,20260721
20260728,parabolic_uptrend,801150.SI,医药生物,495,2,0.00404040404040404,0.02,0,2,2,20260721
20260728,parabolic_uptrend,801160.SI,公用事业,133,2,0.015037593984962405,0.02,1,1,0,20260721
20260728,parabolic_uptrend,801170.SI,交通运输,127,1,0.007874015748031496,0.01,0,1,0,20260721
20260728,parabolic_uptrend,801180.SI,房地产,99,1,0.010101010101010102,0.01,0,1,0,20260721
20260728,parabolic_uptrend,801200.SI,商贸零售,98,0,0.0,0.0,0,0,0,20260721
20260728,parabolic_uptrend,801210.SI,社会服务,82,1,0.012195121951219513,0.01,0,1,0,20260721
20260728,parabolic_uptrend,801230.SI,综合,15,0,0.0,0.0,0,0,0,20260721
20260728,parabolic_uptrend,801710.SI,建筑材料,73,3,0.0410958904109589,0.03,0,3,0,20260721
20260728,parabolic_uptrend,801720.SI,建筑装饰,161,2,0.012422360248447204,0.02,0,2,0,20260721
20260728,parabolic_uptrend,801730.SI,电力设备,397,5,0.012594458438287154,0.05,0,5,0,20260721
20260728,parabolic_uptrend,801740.SI,国防军工,139,0,0.0,0.0,0,0,0,20260721
20260728,parabolic_uptrend,801750.SI,计算机,355,3,0.008450704225352112,0.03,0,3,0,20260721
20260728,parabolic_uptrend,801760.SI,传媒,130,0,0.0,0.0,0,0,0,20260721
20260728,parabolic_uptrend,801770.SI,通信,125,5,0.04,0.05,0,5,1,20260721
20260728,parabolic_uptrend,801780.SI,银行,42,1,0.023809523809523808,0.01,0,1,0,20260721
20260728,parabolic_uptrend,801790.SI,非银金融,81,0,0.0,0.0,0,0,0,20260721
20260728,parabolic_uptrend,801880.SI,汽车,307,0,0.0,0.0,0,0,0,20260721
20260728,parabolic_uptrend,801890.SI,机械设备,591,14,0.023688663282571912,0.14,1,13,5,20260721
20260728,parabolic_uptrend,801950.SI,煤炭,37,2,0.05405405405405406,0.02,0,2,0,20260721
20260728,parabolic_uptrend,801960.SI,石油石化,47,0,0.0,0.0,0,0,0,20260721
20260728,parabolic_uptrend,801970.SI,环保,136,1,0.007352941176470588,0.01,0,1,1,20260721
20260728,parabolic_uptrend,801980.SI,美容护理,30,0,0.0,0.0,0,0,0,20260721
20260729,parabolic_uptrend,801010.SI,农林牧渔,114,0,0.0,0.0,0,0,0,20260722
20260729,parabolic_uptrend,801030.SI,基础化工,435,5,0.011494252873563218,0.05,2,3,0,20260722
20260729,parabolic_uptrend,801040.SI,钢铁,44,0,0.0,0.0,0,0,0,20260722
20260729,parabolic_uptrend,801050.SI,有色金属,141,3,0.02127659574468085,0.03,0,3,0,20260722
20260729,parabolic_uptrend,801080.SI,电子,487,45,0.09240246406570841,0.45,12,33,7,20260722
20260729,parabolic_uptrend,801110.SI,家用电器,103,2,0.019417475728155338,0.02,0,2,0,20260722
20260729,parabolic_uptrend,801120.SI,食品饮料,126,0,0.0,0.0,0,0,0,20260722
20260729,parabolic_uptrend,801130.SI,纺织服饰,107,2,0.018691588785046728,0.02,0,2,0,20260722
20260729,parabolic_uptrend,801140.SI,轻工制造,166,2,0.012048192771084338,0.02,0,2,0,20260722
20260729,parabolic_uptrend,801150.SI,医药生物,495,2,0.00404040404040404,0.02,0,2,1,20260722
20260729,parabolic_uptrend,801160.SI,公用事业,133,2,0.015037593984962405,0.02,1,1,0,20260722
20260729,parabolic_uptrend,801170.SI,交通运输,127,1,0.007874015748031496,0.01,0,1,0,20260722
20260729,parabolic_uptrend,801180.SI,房地产,99,1,0.010101010101010102,0.01,0,1,0,20260722
20260729,parabolic_uptrend,801200.SI,商贸零售,98,0,0.0,0.0,0,0,0,20260722
20260729,parabolic_uptrend,801210.SI,社会服务,82,1,0.012195121951219513,0.01,0,1,0,20260722
20260729,parabolic_uptrend,801230.SI,综合,15,0,0.0,0.0,0,0,0,20260722
20260729,parabolic_uptrend,801710.SI,建筑材料,73,3,0.0410958904109589,0.03,0,3,0,20260722
20260729,parabolic_uptrend,801720.SI,建筑装饰,161,2,0.012422360248447204,0.02,0,2,0,20260722
20260729,parabolic_uptrend,801730.SI,电力设备,397,5,0.012594458438287154,0.05,0,5,0,20260722
20260729,parabolic_uptrend,801740.SI,国防军工,139,0,0.0,0.0,0,0,0,20260722
20260729,parabolic_uptrend,801750.SI,计算机,355,3,0.008450704225352112,0.03,0,3,0,20260722
20260729,parabolic_uptrend,801760.SI,传媒,130,0,0.0,0.0,0,0,0,20260722
20260729,parabolic_uptrend,801770.SI,通信,125,4,0.032,0.04,0,4,2,20260722
20260729,parabolic_uptrend,801780.SI,银行,42,1,0.023809523809523808,0.01,0,1,0,20260722
20260729,parabolic_uptrend,801790.SI,非银金融,81,0,0.0,0.0,0,0,0,20260722
20260729,parabolic_uptrend,801880.SI,汽车,307,0,0.0,0.0,0,0,0,20260722
20260729,parabolic_uptrend,801890.SI,机械设备,591,13,0.021996615905245348,0.13,1,12,6,20260722
20260729,parabolic_uptrend,801950.SI,煤炭,37,2,0.05405405405405406,0.02,0,2,0,20260722
20260729,parabolic_uptrend,801960.SI,石油石化,47,0,0.0,0.0,0,0,0,20260722
20260729,parabolic_uptrend,801970.SI,环保,135,1,0.007407407407407408,0.01,0,1,0,20260722
20260729,parabolic_uptrend,801980.SI,美容护理,30,0,0.0,0.0,0,0,0,20260722
