trade_date,template,threshold,eligible_count,above_count,change_1d,change_5d,ma5,historical_percentile,historical_position
20241202,fresh_breakout,0.7,5336,19,,,19.0,1.0,高位
20241203,fresh_breakout,0.7,5336,24,5.0,,21.5,1.0,高位
20241204,fresh_breakout,0.7,5335,36,12.0,,26.333333333333332,1.0,高位
20241205,fresh_breakout,0.7,5338,46,10.0,,31.25,1.0,高位
20241206,fresh_breakout,0.7,5336,49,3.0,,34.8,1.0,高位
20241209,fresh_breakout,0.7,5334,51,2.0,32.0,41.2,1.0,高位
20241210,fresh_breakout,0.7,5338,73,22.0,49.0,51.0,1.0,高位
20241211,fresh_breakout,0.7,5340,94,21.0,58.0,62.6,1.0,高位
20241212,fresh_breakout,0.7,5340,108,14.0,62.0,75.0,1.0,高位
20241213,fresh_breakout,0.7,5340,123,15.0,74.0,89.8,1.0,高位
20241216,fresh_breakout,0.7,5344,117,-6.0,66.0,103.0,0.9090909090909091,高位
20241217,fresh_breakout,0.7,5341,85,-32.0,12.0,105.4,0.6666666666666666,高位
20241218,fresh_breakout,0.7,5342,84,-1.0,-10.0,103.4,0.6153846153846154,中位
20241219,fresh_breakout,0.7,5343,59,-25.0,-49.0,93.6,0.5,中位
20241220,fresh_breakout,0.7,5346,60,1.0,-63.0,81.0,0.5333333333333333,中位
20241223,fresh_breakout,0.7,5344,62,2.0,-55.0,70.0,0.5625,中位
20241224,fresh_breakout,0.7,5344,66,4.0,-19.0,66.2,0.5882352941176471,中位
20241225,fresh_breakout,0.7,5342,50,-16.0,-34.0,59.4,0.3333333333333333,低位
20241226,fresh_breakout,0.7,5345,61,11.0,2.0,59.8,0.5263157894736842,中位
20241227,fresh_breakout,0.7,5343,69,8.0,9.0,61.6,0.65,中位
20241230,fresh_breakout,0.7,5339,77,8.0,15.0,64.6,0.7142857142857143,高位
20241231,fresh_breakout,0.7,5342,58,-19.0,-8.0,63.0,0.36363636363636365,中位
20250102,fresh_breakout,0.7,5342,50,-8.0,0.0,63.0,0.30434782608695654,低位
20250103,fresh_breakout,0.7,5344,38,-12.0,-23.0,58.4,0.16666666666666666,低位
20250106,fresh_breakout,0.7,5342,30,-8.0,-39.0,50.6,0.12,低位
20250107,fresh_breakout,0.7,5347,30,0.0,-47.0,41.2,0.15384615384615385,低位
20250108,fresh_breakout,0.7,5347,42,12.0,-16.0,38.0,0.25925925925925924,低位
20250109,fresh_breakout,0.7,5350,58,16.0,8.0,39.6,0.5,中位
20250110,fresh_breakout,0.7,5349,45,-13.0,7.0,41.0,0.27586206896551724,低位
20250113,fresh_breakout,0.7,5348,31,-14.0,1.0,41.2,0.16666666666666666,低位
20250114,fresh_breakout,0.7,5351,24,-7.0,-6.0,40.0,0.0967741935483871,低位
20250115,fresh_breakout,0.7,5351,16,-8.0,-26.0,34.8,0.03125,低位
20250116,fresh_breakout,0.7,5353,17,1.0,-41.0,26.6,0.06060606060606061,低位
20250117,fresh_breakout,0.7,5352,15,-2.0,-30.0,20.6,0.029411764705882353,低位
20250120,fresh_breakout,0.7,5352,20,5.0,-11.0,18.4,0.14285714285714285,低位
20250121,fresh_breakout,0.7,5354,22,2.0,-2.0,18.0,0.16666666666666666,低位
20250122,fresh_breakout,0.7,5356,33,11.0,17.0,21.4,0.32432432432432434,低位
20250123,fresh_breakout,0.7,5356,36,3.0,19.0,25.2,0.3684210526315789,中位
20250124,fresh_breakout,0.7,5353,37,1.0,22.0,29.6,0.38461538461538464,中位
20250127,fresh_breakout,0.7,5352,27,-10.0,7.0,31.0,0.225,低位
20250205,fresh_breakout,0.7,5355,23,-4.0,1.0,31.2,0.17073170731707318,低位
20250206,fresh_breakout,0.7,5356,32,9.0,-1.0,31.0,0.3333333333333333,低位
20250207,fresh_breakout,0.7,5357,41,9.0,5.0,32.0,0.46511627906976744,中位
20250210,fresh_breakout,0.7,5359,62,21.0,25.0,37.0,0.7727272727272727,高位
20250211,fresh_breakout,0.7,5358,86,24.0,59.0,48.8,0.9111111111111111,高位
20250212,fresh_breakout,0.7,5359,110,24.0,87.0,66.2,0.9565217391304348,高位
20250213,fresh_breakout,0.7,5360,123,13.0,91.0,84.4,1.0,高位
20250214,fresh_breakout,0.7,5359,141,18.0,100.0,104.4,1.0,高位
20250217,fresh_breakout,0.7,5365,152,11.0,90.0,122.4,1.0,高位
20250218,fresh_breakout,0.7,5364,154,2.0,68.0,136.0,1.0,高位
20250219,fresh_breakout,0.7,5364,186,32.0,76.0,151.2,1.0,高位
20250220,fresh_breakout,0.7,5364,193,7.0,70.0,165.2,1.0,高位
20250221,fresh_breakout,0.7,5368,258,65.0,117.0,188.6,1.0,高位
20250224,fresh_breakout,0.7,5365,312,54.0,160.0,220.6,1.0,高位
20250225,fresh_breakout,0.7,5363,342,30.0,188.0,258.2,1.0,高位
20250226,fresh_breakout,0.7,5364,375,33.0,189.0,296.0,1.0,高位
20250227,fresh_breakout,0.7,5363,343,-32.0,150.0,326.0,0.9824561403508771,高位
20250228,fresh_breakout,0.7,5364,282,-61.0,24.0,330.8,0.9310344827586207,高位
20250303,fresh_breakout,0.7,5361,250,-32.0,-62.0,318.4,0.8983050847457628,高位
20250304,fresh_breakout,0.7,5361,216,-34.0,-126.0,293.2,0.8833333333333333,高位
20250305,fresh_breakout,0.7,5360,184,-32.0,-191.0,255.0,0.8360655737704918,高位
20250306,fresh_breakout,0.7,5359,197,13.0,-146.0,225.8,0.8709677419354839,高位
20250307,fresh_breakout,0.7,5360,222,25.0,-60.0,213.8,0.8888888888888888,高位
20250310,fresh_breakout,0.7,5362,235,13.0,-15.0,210.8,0.890625,高位
20250311,fresh_breakout,0.7,5363,236,1.0,20.0,214.8,0.8923076923076924,高位
20250312,fresh_breakout,0.7,5363,215,-21.0,31.0,221.0,0.8333333333333334,高位
20250313,fresh_breakout,0.7,5365,208,-7.0,11.0,223.2,0.8208955223880597,高位
20250314,fresh_breakout,0.7,5366,212,4.0,-10.0,221.2,0.8235294117647058,高位
20250317,fresh_breakout,0.7,5361,193,-19.0,-42.0,212.8,0.782608695652174,高位
20250318,fresh_breakout,0.7,5368,173,-20.0,-63.0,200.2,0.7285714285714285,高位
20250319,fresh_breakout,0.7,5364,177,4.0,-38.0,192.6,0.7323943661971831,高位
20250320,fresh_breakout,0.7,5366,153,-24.0,-55.0,181.6,0.6944444444444444,高位
20250321,fresh_breakout,0.7,5368,124,-29.0,-88.0,164.0,0.6575342465753424,中位
20250324,fresh_breakout,0.7,5367,120,-4.0,-73.0,149.4,0.6216216216216216,中位
20250325,fresh_breakout,0.7,5369,126,6.0,-47.0,140.0,0.6666666666666666,高位
20250326,fresh_breakout,0.7,5370,152,26.0,-25.0,135.0,0.6973684210526315,高位
20250327,fresh_breakout,0.7,5369,140,-12.0,-13.0,132.4,0.6623376623376623,中位
20250328,fresh_breakout,0.7,5369,96,-44.0,-28.0,126.8,0.5512820512820513,中位
20250331,fresh_breakout,0.7,5371,75,-21.0,-45.0,117.8,0.4810126582278481,中位
20250401,fresh_breakout,0.7,5370,75,0.0,-51.0,107.6,0.4875,中位
20250402,fresh_breakout,0.7,5373,76,1.0,-76.0,92.4,0.49382716049382713,中位
20250403,fresh_breakout,0.7,5372,85,9.0,-55.0,81.4,0.5365853658536586,中位
20250407,fresh_breakout,0.7,5370,53,-32.0,-43.0,72.8,0.3373493975903614,中位
20250408,fresh_breakout,0.7,5370,60,7.0,-15.0,69.8,0.39285714285714285,中位
20250409,fresh_breakout,0.7,5372,70,10.0,-5.0,68.8,0.4588235294117647,中位
20250410,fresh_breakout,0.7,5374,91,21.0,15.0,71.8,0.5697674418604651,中位
20250411,fresh_breakout,0.7,5373,100,9.0,15.0,74.8,0.5977011494252874,中位
20250414,fresh_breakout,0.7,5372,125,25.0,72.0,89.2,0.6818181818181818,高位
20250415,fresh_breakout,0.7,5371,129,4.0,69.0,103.0,0.6966292134831461,高位
20250416,fresh_breakout,0.7,5374,108,-21.0,38.0,110.6,0.6,中位
20250417,fresh_breakout,0.7,5374,96,-12.0,5.0,111.6,0.5714285714285714,中位
20250418,fresh_breakout,0.7,5373,78,-18.0,-22.0,107.2,0.4891304347826087,中位
20250421,fresh_breakout,0.7,5373,72,-6.0,-53.0,96.6,0.43010752688172044,中位
20250422,fresh_breakout,0.7,5371,63,-9.0,-66.0,83.4,0.39361702127659576,中位
20250423,fresh_breakout,0.7,5373,63,0.0,-45.0,74.4,0.4,中位
20250424,fresh_breakout,0.7,5371,70,7.0,-26.0,69.2,0.4375,中位
20250425,fresh_breakout,0.7,5369,66,-4.0,-12.0,66.8,0.41237113402061853,中位
20250428,fresh_breakout,0.7,5363,51,-15.0,-21.0,62.6,0.2857142857142857,低位
20250429,fresh_breakout,0.7,5337,45,-6.0,-18.0,59.0,0.23232323232323232,低位
20250430,fresh_breakout,0.7,5336,40,-5.0,-23.0,54.4,0.2,低位
20250506,fresh_breakout,0.7,5362,40,0.0,-30.0,48.4,0.2079207920792079,低位
20250507,fresh_breakout,0.7,5364,33,-7.0,-33.0,41.8,0.1568627450980392,低位
20250508,fresh_breakout,0.7,5365,37,4.0,-14.0,39.0,0.1941747572815534,低位
20250509,fresh_breakout,0.7,5365,52,15.0,7.0,40.4,0.3269230769230769,低位
20250512,fresh_breakout,0.7,5365,64,12.0,24.0,45.2,0.4380952380952381,中位
20250513,fresh_breakout,0.7,5366,73,9.0,33.0,51.8,0.5094339622641509,中位
20250514,fresh_breakout,0.7,5366,79,6.0,46.0,61.0,0.5607476635514018,中位
20250515,fresh_breakout,0.7,5366,91,12.0,54.0,71.8,0.6111111111111112,中位
20250516,fresh_breakout,0.7,5367,108,17.0,56.0,83.0,0.6697247706422018,高位
20250519,fresh_breakout,0.7,5362,112,4.0,48.0,92.6,0.6818181818181818,高位
20250520,fresh_breakout,0.7,5368,130,18.0,57.0,104.0,0.7567567567567568,高位
20250521,fresh_breakout,0.7,5364,138,8.0,59.0,115.8,0.7589285714285714,高位
20250522,fresh_breakout,0.7,5360,157,19.0,66.0,129.0,0.8141592920353983,高位
20250523,fresh_breakout,0.7,5364,159,2.0,51.0,139.2,0.8157894736842105,高位
20250526,fresh_breakout,0.7,5361,129,-30.0,17.0,142.6,0.7304347826086957,高位
20250527,fresh_breakout,0.7,5361,112,-17.0,-18.0,139.0,0.6551724137931034,中位
20250528,fresh_breakout,0.7,5359,111,-1.0,-27.0,133.6,0.6410256410256411,中位
20250529,fresh_breakout,0.7,5361,128,17.0,-29.0,127.8,0.7203389830508474,高位
20250530,fresh_breakout,0.7,5360,119,-9.0,-40.0,119.8,0.6638655462184874,中位
20250603,fresh_breakout,0.7,5357,121,2.0,-8.0,118.2,0.675,高位
20250604,fresh_breakout,0.7,5364,141,20.0,29.0,124.0,0.7768595041322314,高位
20250605,fresh_breakout,0.7,5365,148,7.0,37.0,131.4,0.7786885245901639,高位
20250606,fresh_breakout,0.7,5369,150,2.0,22.0,135.8,0.7804878048780488,高位
20250609,fresh_breakout,0.7,5366,136,-14.0,17.0,139.2,0.7338709677419355,高位
20250610,fresh_breakout,0.7,5373,112,-24.0,-9.0,137.4,0.624,中位
20250611,fresh_breakout,0.7,5377,110,-2.0,-31.0,131.2,0.5952380952380952,中位
20250612,fresh_breakout,0.7,5377,106,-4.0,-42.0,122.8,0.5590551181102362,中位
20250613,fresh_breakout,0.7,5377,96,-10.0,-54.0,112.0,0.546875,中位
20250616,fresh_breakout,0.7,5379,88,-8.0,-48.0,102.4,0.5038759689922481,中位
20250617,fresh_breakout,0.7,5386,94,6.0,-18.0,98.8,0.5307692307692308,中位
20250618,fresh_breakout,0.7,5386,91,-3.0,-19.0,95.0,0.5190839694656488,中位
20250619,fresh_breakout,0.7,5385,85,-6.0,-21.0,90.8,0.48484848484848486,中位
20250620,fresh_breakout,0.7,5386,64,-21.0,-32.0,84.4,0.3533834586466165,中位
20250623,fresh_breakout,0.7,5382,78,14.0,-10.0,82.4,0.4552238805970149,中位
20250624,fresh_breakout,0.7,5386,79,1.0,-15.0,79.4,0.4666666666666667,中位
20250625,fresh_breakout,0.7,5388,80,1.0,-11.0,77.2,0.47058823529411764,中位
20250626,fresh_breakout,0.7,5390,95,15.0,10.0,79.2,0.5547445255474452,中位
20250627,fresh_breakout,0.7,5386,126,31.0,62.0,91.6,0.7246376811594203,高位
20250630,fresh_breakout,0.7,5387,140,14.0,62.0,104.0,0.7769784172661871,高位
20250701,fresh_breakout,0.7,5386,136,-4.0,57.0,115.4,0.7571428571428571,高位
20250702,fresh_breakout,0.7,5385,146,10.0,66.0,128.6,0.7943262411347518,高位
20250703,fresh_breakout,0.7,5385,170,24.0,75.0,143.6,0.852112676056338,高位
20250704,fresh_breakout,0.7,5387,183,13.0,57.0,155.0,0.8671328671328671,高位
20250707,fresh_breakout,0.7,5385,197,14.0,57.0,166.4,0.9027777777777778,高位
20250708,fresh_breakout,0.7,5386,247,50.0,111.0,188.6,0.9517241379310345,高位
20250709,fresh_breakout,0.7,5390,302,55.0,156.0,219.8,0.9726027397260274,高位
20250710,fresh_breakout,0.7,5389,364,62.0,194.0,258.6,0.9931972789115646,高位
20250711,fresh_breakout,0.7,5392,393,29.0,210.0,300.6,1.0,高位
20250714,fresh_breakout,0.7,5391,415,22.0,218.0,344.2,1.0,高位
20250715,fresh_breakout,0.7,5391,367,-48.0,120.0,368.2,0.98,高位
20250716,fresh_breakout,0.7,5389,289,-78.0,-13.0,365.6,0.9403973509933775,高位
20250717,fresh_breakout,0.7,5389,245,-44.0,-119.0,341.8,0.9078947368421053,高位
20250718,fresh_breakout,0.7,5388,210,-35.0,-183.0,305.2,0.8627450980392157,高位
20250721,fresh_breakout,0.7,5386,238,28.0,-177.0,269.8,0.9025974025974026,高位
20250722,fresh_breakout,0.7,5385,312,74.0,-55.0,258.8,0.9548387096774194,高位
20250723,fresh_breakout,0.7,5387,404,92.0,115.0,281.8,0.9935897435897436,高位
20250724,fresh_breakout,0.7,5386,510,106.0,265.0,334.8,1.0,高位
20250725,fresh_breakout,0.7,5390,546,36.0,336.0,402.0,1.0,高位
20250728,fresh_breakout,0.7,5393,534,-12.0,296.0,461.2,0.9937106918238994,高位
20250729,fresh_breakout,0.7,5397,520,-14.0,208.0,502.8,0.9875,高位
20250730,fresh_breakout,0.7,5396,462,-58.0,58.0,514.4,0.9751552795031055,高位
20250731,fresh_breakout,0.7,5392,396,-66.0,-114.0,491.6,0.9567901234567902,高位
20250801,fresh_breakout,0.7,5393,347,-49.0,-199.0,451.8,0.9263803680981595,高位
20250804,fresh_breakout,0.7,5390,289,-58.0,-245.0,402.8,0.8902439024390244,高位
20250805,fresh_breakout,0.7,5391,266,-23.0,-254.0,352.0,0.8727272727272727,高位
20250806,fresh_breakout,0.7,5392,272,6.0,-190.0,314.0,0.8734939759036144,高位
20250807,fresh_breakout,0.7,5392,293,21.0,-103.0,293.4,0.8922155688622755,高位
20250808,fresh_breakout,0.7,5392,301,8.0,-46.0,284.2,0.8928571428571429,高位
20250811,fresh_breakout,0.7,5394,299,-2.0,10.0,286.2,0.8875739644970414,高位
20250812,fresh_breakout,0.7,5396,267,-32.0,1.0,286.4,0.8529411764705882,高位
20250813,fresh_breakout,0.7,5394,288,21.0,16.0,289.6,0.8654970760233918,高位
20250814,fresh_breakout,0.7,5394,271,-17.0,-22.0,285.2,0.8488372093023255,高位
20250815,fresh_breakout,0.7,5393,282,11.0,-19.0,281.4,0.861271676300578,高位
20250818,fresh_breakout,0.7,5392,283,1.0,-16.0,278.2,0.8620689655172413,高位
20250819,fresh_breakout,0.7,5396,289,6.0,22.0,282.6,0.88,高位
20250820,fresh_breakout,0.7,5394,356,67.0,68.0,296.2,0.9318181818181818,高位
20250821,fresh_breakout,0.7,5397,405,49.0,134.0,323.0,0.9661016949152542,高位
20250822,fresh_breakout,0.7,5397,457,52.0,175.0,358.0,0.9719101123595506,高位
20250825,fresh_breakout,0.7,5397,458,1.0,175.0,393.0,0.9720670391061452,高位
20250826,fresh_breakout,0.7,5398,512,54.0,223.0,437.6,0.9833333333333333,高位
20250827,fresh_breakout,0.7,5399,468,-44.0,112.0,460.0,0.9723756906077348,高位
20250828,fresh_breakout,0.7,5400,441,-27.0,36.0,467.2,0.9505494505494505,高位
20250829,fresh_breakout,0.7,5397,378,-63.0,-79.0,451.4,0.9180327868852459,高位
20250901,fresh_breakout,0.7,5397,370,-8.0,-88.0,433.8,0.907608695652174,高位
20250902,fresh_breakout,0.7,5398,301,-69.0,-211.0,391.6,0.8540540540540541,高位
20250903,fresh_breakout,0.7,5401,260,-41.0,-208.0,350.0,0.7741935483870968,高位
20250904,fresh_breakout,0.7,5400,212,-48.0,-229.0,304.2,0.7165775401069518,高位
20250905,fresh_breakout,0.7,5400,206,-6.0,-172.0,269.8,0.6968085106382979,高位
20250908,fresh_breakout,0.7,5402,201,-5.0,-169.0,236.0,0.6931216931216931,高位
20250909,fresh_breakout,0.7,5403,230,29.0,-71.0,221.8,0.7368421052631579,高位
20250910,fresh_breakout,0.7,5404,253,23.0,-7.0,220.4,0.7696335078534031,高位
20250911,fresh_breakout,0.7,5403,229,-24.0,17.0,223.8,0.7291666666666666,高位
20250912,fresh_breakout,0.7,5406,218,-11.0,12.0,226.2,0.7202072538860104,高位
20250915,fresh_breakout,0.7,5405,216,-2.0,15.0,229.2,0.7164948453608248,高位
20250916,fresh_breakout,0.7,5405,192,-24.0,-38.0,221.6,0.6512820512820513,中位
20250917,fresh_breakout,0.7,5405,202,10.0,-51.0,211.4,0.6785714285714286,高位
20250918,fresh_breakout,0.7,5404,194,-8.0,-35.0,204.4,0.6598984771573604,中位
20250919,fresh_breakout,0.7,5405,179,-15.0,-39.0,196.6,0.6262626262626263,中位
20250922,fresh_breakout,0.7,5401,155,-24.0,-61.0,184.4,0.5979899497487438,中位
20250923,fresh_breakout,0.7,5407,121,-34.0,-71.0,170.2,0.475,中位
20250924,fresh_breakout,0.7,5405,124,3.0,-78.0,154.6,0.4925373134328358,中位
20250925,fresh_breakout,0.7,5406,119,-5.0,-75.0,139.6,0.4603960396039604,中位
20250926,fresh_breakout,0.7,5405,106,-13.0,-73.0,125.0,0.4039408866995074,中位
20250929,fresh_breakout,0.7,5399,88,-18.0,-67.0,111.6,0.3480392156862745,中位
20250930,fresh_breakout,0.7,5402,75,-13.0,-46.0,102.4,0.28292682926829266,低位
20251009,fresh_breakout,0.7,5398,77,2.0,-47.0,93.0,0.2961165048543689,低位
20251010,fresh_breakout,0.7,5400,87,10.0,-32.0,86.6,0.34782608695652173,中位
20251013,fresh_breakout,0.7,5402,99,12.0,-7.0,85.2,0.40384615384615385,中位
20251014,fresh_breakout,0.7,5402,113,14.0,25.0,90.2,0.46411483253588515,中位
20251015,fresh_breakout,0.7,5403,131,18.0,56.0,101.4,0.5476190476190477,中位
20251016,fresh_breakout,0.7,5407,155,24.0,78.0,117.0,0.6208530805687204,中位
20251017,fresh_breakout,0.7,5409,145,-10.0,58.0,128.6,0.5801886792452831,中位
20251020,fresh_breakout,0.7,5408,144,-1.0,45.0,137.6,0.5774647887323944,中位
20251021,fresh_breakout,0.7,5407,150,6.0,37.0,145.0,0.5981308411214953,中位
20251022,fresh_breakout,0.7,5407,142,-8.0,11.0,147.2,0.5720930232558139,中位
20251023,fresh_breakout,0.7,5409,167,25.0,12.0,149.6,0.6388888888888888,中位
20251024,fresh_breakout,0.7,5411,159,-8.0,14.0,152.4,0.6359447004608295,中位
20251027,fresh_breakout,0.7,5410,157,-2.0,13.0,155.0,0.6284403669724771,中位
20251028,fresh_breakout,0.7,5408,141,-16.0,-9.0,153.2,0.5616438356164384,中位
20251029,fresh_breakout,0.7,5408,148,7.0,6.0,154.4,0.5863636363636363,中位
20251030,fresh_breakout,0.7,5408,152,4.0,-15.0,151.4,0.6063348416289592,中位
20251031,fresh_breakout,0.7,5409,148,-4.0,-11.0,149.2,0.5855855855855856,中位
20251103,fresh_breakout,0.7,5410,145,-3.0,-12.0,146.8,0.5695067264573991,中位
20251104,fresh_breakout,0.7,5410,154,9.0,13.0,149.4,0.6205357142857143,中位
20251105,fresh_breakout,0.7,5410,189,35.0,41.0,157.6,0.6844444444444444,高位
20251106,fresh_breakout,0.7,5409,222,33.0,70.0,171.6,0.7654867256637168,高位
20251107,fresh_breakout,0.7,5410,243,21.0,95.0,190.6,0.788546255506608,高位
20251110,fresh_breakout,0.7,5413,265,22.0,120.0,214.6,0.8157894736842105,高位
20251111,fresh_breakout,0.7,5413,317,52.0,163.0,247.2,0.8951965065502183,高位
20251112,fresh_breakout,0.7,5415,402,85.0,213.0,289.8,0.9434782608695652,高位
20251113,fresh_breakout,0.7,5415,411,9.0,189.0,327.6,0.9523809523809523,高位
20251114,fresh_breakout,0.7,5413,421,10.0,178.0,363.2,0.9568965517241379,高位
20251117,fresh_breakout,0.7,5412,460,39.0,195.0,402.2,0.9699570815450643,高位
20251118,fresh_breakout,0.7,5412,417,-43.0,100.0,422.2,0.9487179487179487,高位
20251119,fresh_breakout,0.7,5414,285,-132.0,-117.0,398.8,0.825531914893617,高位
20251120,fresh_breakout,0.7,5413,206,-79.0,-205.0,357.8,0.6949152542372882,高位
20251121,fresh_breakout,0.7,5416,127,-79.0,-294.0,299.0,0.46835443037974683,中位
20251124,fresh_breakout,0.7,5413,117,-10.0,-343.0,230.4,0.41596638655462187,中位
20251125,fresh_breakout,0.7,5410,109,-8.0,-308.0,168.8,0.3807531380753138,中位
20251126,fresh_breakout,0.7,5407,95,-14.0,-190.0,130.8,0.3375,中位
20251127,fresh_breakout,0.7,5406,86,-9.0,-120.0,106.8,0.2987551867219917,低位
20251128,fresh_breakout,0.7,5405,89,3.0,-38.0,99.2,0.3140495867768595,低位
20251201,fresh_breakout,0.7,5404,75,-14.0,-42.0,90.8,0.24279835390946503,低位
20251202,fresh_breakout,0.7,5407,74,-1.0,-35.0,83.8,0.22950819672131148,低位
20251203,fresh_breakout,0.7,5412,74,0.0,-21.0,79.6,0.23265306122448978,低位
20251204,fresh_breakout,0.7,5410,60,-14.0,-26.0,74.4,0.16666666666666666,低位
20251205,fresh_breakout,0.7,5408,68,8.0,-21.0,70.2,0.20647773279352227,低位
20251208,fresh_breakout,0.7,5410,72,4.0,-3.0,69.6,0.22580645161290322,低位
20251209,fresh_breakout,0.7,5412,81,9.0,7.0,71.0,0.2931726907630522,低位
20251210,fresh_breakout,0.7,5408,99,18.0,25.0,76.0,0.38,中位
20251211,fresh_breakout,0.7,5415,104,5.0,44.0,84.8,0.38645418326693226,中位
20251212,fresh_breakout,0.7,5418,103,-1.0,35.0,91.8,0.38492063492063494,中位
20251215,fresh_breakout,0.7,5417,87,-16.0,15.0,94.8,0.3201581027667984,低位
20251216,fresh_breakout,0.7,5420,80,-7.0,-1.0,94.6,0.2874015748031496,低位
20251217,fresh_breakout,0.7,5420,73,-7.0,-26.0,89.4,0.23137254901960785,低位
20251218,fresh_breakout,0.7,5423,64,-9.0,-40.0,81.4,0.19140625,低位
20251219,fresh_breakout,0.7,5421,61,-3.0,-42.0,73.0,0.16731517509727625,低位
20251222,fresh_breakout,0.7,5417,68,7.0,-19.0,69.2,0.20930232558139536,低位
20251223,fresh_breakout,0.7,5419,78,10.0,-2.0,68.8,0.2857142857142857,低位
20251224,fresh_breakout,0.7,5421,90,12.0,17.0,72.2,0.35,中位
20251225,fresh_breakout,0.7,5424,107,17.0,43.0,80.8,0.41762452107279696,中位
20251226,fresh_breakout,0.7,5423,135,28.0,74.0,95.6,0.5381679389312977,中位
20251229,fresh_breakout,0.7,5425,169,34.0,101.0,115.8,0.6577946768060836,中位
20251230,fresh_breakout,0.7,5425,172,3.0,94.0,134.6,0.6628787878787878,中位
20251231,fresh_breakout,0.7,5424,182,10.0,92.0,153.0,0.6754716981132075,高位
20260105,fresh_breakout,0.7,5424,189,7.0,82.0,169.4,0.6917293233082706,高位
20260106,fresh_breakout,0.7,5425,244,55.0,109.0,191.2,0.7902621722846442,高位
20260107,fresh_breakout,0.7,5430,300,56.0,131.0,217.4,0.8694029850746269,高位
20260108,fresh_breakout,0.7,5429,366,66.0,194.0,256.2,0.9107806691449815,高位
20260109,fresh_breakout,0.7,5429,469,103.0,287.0,313.6,0.9814814814814815,高位
20260112,fresh_breakout,0.7,5429,581,112.0,392.0,392.0,1.0,高位
20260113,fresh_breakout,0.7,5423,630,49.0,386.0,469.2,1.0,高位
20260114,fresh_breakout,0.7,5425,650,20.0,350.0,539.2,1.0,高位
20260115,fresh_breakout,0.7,5428,632,-18.0,266.0,592.4,0.9963503649635036,高位
20260116,fresh_breakout,0.7,5431,611,-21.0,142.0,620.8,0.9890909090909091,高位
20260119,fresh_breakout,0.7,5434,536,-75.0,-45.0,611.8,0.9782608695652174,高位
20260120,fresh_breakout,0.7,5440,459,-77.0,-171.0,577.6,0.9458483754512635,高位
20260121,fresh_breakout,0.7,5437,438,-21.0,-212.0,535.2,0.9316546762589928,高位
20260122,fresh_breakout,0.7,5437,431,-7.0,-201.0,495.0,0.9283154121863799,高位
20260123,fresh_breakout,0.7,5438,484,53.0,-127.0,469.6,0.9607142857142857,高位
20260126,fresh_breakout,0.7,5434,509,25.0,-27.0,464.2,0.9608540925266904,高位
20260127,fresh_breakout,0.7,5434,466,-43.0,7.0,465.6,0.9468085106382979,高位
20260128,fresh_breakout,0.7,5436,475,9.0,37.0,473.0,0.9540636042402827,高位
20260129,fresh_breakout,0.7,5436,471,-4.0,40.0,481.0,0.9507042253521126,高位
20260130,fresh_breakout,0.7,5432,433,-38.0,-51.0,470.8,0.9122807017543859,高位
20260202,fresh_breakout,0.7,5435,273,-160.0,-236.0,423.6,0.7797202797202797,高位
20260203,fresh_breakout,0.7,5435,220,-53.0,-246.0,374.4,0.7073170731707317,高位
20260204,fresh_breakout,0.7,5439,171,-49.0,-304.0,313.6,0.6076388888888888,中位
20260205,fresh_breakout,0.7,5437,151,-20.0,-320.0,249.6,0.5536332179930796,中位
20260206,fresh_breakout,0.7,5437,147,-4.0,-286.0,192.4,0.5344827586206896,中位
20260209,fresh_breakout,0.7,5436,146,-1.0,-127.0,167.0,0.5326460481099656,中位
20260210,fresh_breakout,0.7,5438,133,-13.0,-87.0,149.6,0.4828767123287671,中位
20260211,fresh_breakout,0.7,5438,136,3.0,-35.0,142.6,0.4948805460750853,中位
20260212,fresh_breakout,0.7,5444,132,-4.0,-19.0,138.8,0.47959183673469385,中位
20260213,fresh_breakout,0.7,5442,108,-24.0,-39.0,131.0,0.38305084745762713,中位
20260224,fresh_breakout,0.7,5443,87,-21.0,-59.0,119.2,0.2972972972972973,低位
20260225,fresh_breakout,0.7,5440,75,-12.0,-58.0,107.6,0.23232323232323232,低位
20260226,fresh_breakout,0.7,5439,84,9.0,-52.0,97.2,0.2751677852348993,低位
20260227,fresh_breakout,0.7,5440,99,15.0,-33.0,90.6,0.35785953177257523,中位
20260302,fresh_breakout,0.7,5439,120,21.0,12.0,93.0,0.43666666666666665,中位
20260303,fresh_breakout,0.7,5441,120,0.0,33.0,99.6,0.43853820598006643,中位
20260304,fresh_breakout,0.7,5442,121,1.0,46.0,108.8,0.4470198675496689,中位
20260305,fresh_breakout,0.7,5444,138,17.0,54.0,119.6,0.5148514851485149,中位
20260306,fresh_breakout,0.7,5445,125,-13.0,26.0,124.8,0.46381578947368424,中位
20260309,fresh_breakout,0.7,5449,98,-27.0,-22.0,120.4,0.3442622950819672,中位
20260310,fresh_breakout,0.7,5448,97,-1.0,-23.0,115.8,0.3431372549019608,中位
20260311,fresh_breakout,0.7,5451,117,20.0,-4.0,115.0,0.4234527687296417,中位
20260312,fresh_breakout,0.7,5454,129,12.0,-9.0,113.2,0.4902597402597403,中位
20260313,fresh_breakout,0.7,5454,123,-6.0,-2.0,112.8,0.4563106796116505,中位
20260316,fresh_breakout,0.7,5454,130,7.0,32.0,119.2,0.4967741935483871,中位
20260317,fresh_breakout,0.7,5452,116,-14.0,19.0,123.0,0.4115755627009646,中位
20260318,fresh_breakout,0.7,5452,101,-15.0,-16.0,119.8,0.3557692307692308,中位
20260319,fresh_breakout,0.7,5455,81,-20.0,-48.0,110.2,0.25878594249201275,低位
20260320,fresh_breakout,0.7,5458,64,-17.0,-59.0,98.4,0.1624203821656051,低位
20260323,fresh_breakout,0.7,5460,52,-12.0,-78.0,82.8,0.1111111111111111,低位
20260324,fresh_breakout,0.7,5459,56,4.0,-60.0,70.8,0.11708860759493671,低位
20260325,fresh_breakout,0.7,5458,62,6.0,-39.0,63.0,0.15141955835962145,低位
20260326,fresh_breakout,0.7,5457,68,6.0,-13.0,60.4,0.18553459119496854,低位
20260327,fresh_breakout,0.7,5453,76,8.0,12.0,62.8,0.23824451410658307,低位
20260330,fresh_breakout,0.7,5450,73,-3.0,21.0,67.0,0.2125,低位
20260331,fresh_breakout,0.7,5453,67,-6.0,11.0,69.2,0.17757009345794392,低位
20260401,fresh_breakout,0.7,5455,57,-10.0,-5.0,68.2,0.11801242236024845,低位
20260402,fresh_breakout,0.7,5456,56,-1.0,-12.0,65.8,0.11764705882352941,低位
20260403,fresh_breakout,0.7,5458,48,-8.0,-28.0,60.2,0.08950617283950617,低位
20260407,fresh_breakout,0.7,5456,42,-6.0,-31.0,54.0,0.08,低位
20260408,fresh_breakout,0.7,5460,53,11.0,-14.0,51.2,0.1196319018404908,低位
20260409,fresh_breakout,0.7,5462,53,0.0,-4.0,50.4,0.12232415902140673,低位
20260410,fresh_breakout,0.7,5464,55,2.0,-1.0,50.2,0.125,低位
20260413,fresh_breakout,0.7,5462,65,10.0,17.0,53.6,0.1884498480243161,低位
20260414,fresh_breakout,0.7,5464,71,6.0,29.0,59.4,0.21818181818181817,低位
20260415,fresh_breakout,0.7,5462,85,14.0,32.0,65.8,0.31419939577039274,低位
20260416,fresh_breakout,0.7,5465,97,12.0,44.0,74.6,0.37650602409638556,中位
20260417,fresh_breakout,0.7,5464,120,23.0,65.0,87.6,0.4744744744744745,中位
20260420,fresh_breakout,0.7,5460,127,7.0,62.0,100.0,0.5149700598802395,中位
20260421,fresh_breakout,0.7,5463,134,7.0,63.0,112.6,0.5432835820895522,中位
20260422,fresh_breakout,0.7,5463,153,19.0,68.0,126.2,0.6279761904761905,中位
20260423,fresh_breakout,0.7,5460,156,3.0,59.0,138.0,0.6409495548961425,中位
20260424,fresh_breakout,0.7,5461,140,-16.0,20.0,142.0,0.5650887573964497,中位
20260427,fresh_breakout,0.7,5459,157,17.0,30.0,148.0,0.6489675516224189,中位
20260428,fresh_breakout,0.7,5452,158,1.0,24.0,152.8,0.65,中位
20260429,fresh_breakout,0.7,5428,173,15.0,20.0,156.8,0.6744868035190615,高位
20260430,fresh_breakout,0.7,5426,189,16.0,33.0,163.4,0.6988304093567251,高位
20260506,fresh_breakout,0.7,5457,204,15.0,64.0,176.2,0.7230320699708455,高位
20260507,fresh_breakout,0.7,5459,214,10.0,57.0,187.6,0.7412790697674418,高位
20260508,fresh_breakout,0.7,5457,297,83.0,139.0,215.4,0.8434782608695652,高位
20260511,fresh_breakout,0.7,5455,368,71.0,195.0,254.4,0.8872832369942196,高位
20260512,fresh_breakout,0.7,5455,409,41.0,220.0,298.4,0.9106628242074928,高位
20260513,fresh_breakout,0.7,5458,525,116.0,321.0,362.6,0.9770114942528736,高位
20260514,fresh_breakout,0.7,5458,594,69.0,380.0,438.6,0.9885386819484241,高位
20260515,fresh_breakout,0.7,5458,530,-64.0,233.0,485.2,0.9742857142857143,高位
20260518,fresh_breakout,0.7,5461,443,-87.0,75.0,500.2,0.9259259259259259,高位
20260519,fresh_breakout,0.7,5458,393,-50.0,-16.0,497.0,0.8863636363636364,高位
20260520,fresh_breakout,0.7,5463,384,-9.0,-141.0,468.8,0.8810198300283286,高位
20260521,fresh_breakout,0.7,5467,312,-72.0,-282.0,412.4,0.844632768361582,高位
20260522,fresh_breakout,0.7,5466,276,-36.0,-254.0,361.6,0.7943661971830986,高位
20260525,fresh_breakout,0.7,5466,211,-65.0,-232.0,315.2,0.7106741573033708,高位
20260526,fresh_breakout,0.7,5466,148,-63.0,-245.0,266.2,0.5742296918767507,中位
20260527,fresh_breakout,0.7,5466,111,-37.0,-273.0,211.6,0.40502793296089384,中位
20260528,fresh_breakout,0.7,5466,107,-4.0,-205.0,170.6,0.3816155988857939,中位
20260529,fresh_breakout,0.7,5465,74,-33.0,-202.0,130.2,0.225,低位
20260601,fresh_breakout,0.7,5468,58,-16.0,-153.0,99.6,0.13019390581717452,低位
20260602,fresh_breakout,0.7,5467,54,-4.0,-94.0,80.8,0.1132596685082873,低位
20260603,fresh_breakout,0.7,5472,67,13.0,-44.0,72.0,0.18732782369146006,低位
20260604,fresh_breakout,0.7,5472,58,-9.0,-49.0,62.2,0.1346153846153846,低位
20260605,fresh_breakout,0.7,5474,60,2.0,-14.0,59.4,0.14794520547945206,低位
20260608,fresh_breakout,0.7,5476,55,-5.0,-3.0,58.8,0.11748633879781421,低位
20260609,fresh_breakout,0.7,5475,51,-4.0,-3.0,58.2,0.09809264305177112,低位
20260610,fresh_breakout,0.7,5473,42,-9.0,-25.0,53.2,0.07336956521739131,低位
20260611,fresh_breakout,0.7,5472,32,-10.0,-26.0,48.0,0.04065040650406504,低位
20260612,fresh_breakout,0.7,5476,33,1.0,-27.0,42.6,0.04864864864864865,低位
20260615,fresh_breakout,0.7,5472,35,2.0,-20.0,38.6,0.05121293800539083,低位
20260616,fresh_breakout,0.7,5477,38,3.0,-13.0,36.0,0.06720430107526881,低位
20260617,fresh_breakout,0.7,5473,40,2.0,-2.0,35.6,0.07506702412868632,低位
20260618,fresh_breakout,0.7,5471,49,9.0,17.0,39.0,0.10160427807486631,低位
20260622,fresh_breakout,0.7,5476,68,19.0,35.0,46.0,0.22133333333333333,低位
20260623,fresh_breakout,0.7,5479,75,7.0,40.0,54.0,0.2712765957446808,低位
20260624,fresh_breakout,0.7,5480,83,8.0,45.0,63.0,0.3076923076923077,低位
20260625,fresh_breakout,0.7,5480,83,0.0,43.0,71.6,0.30952380952380953,低位
20260626,fresh_breakout,0.7,5481,71,-12.0,22.0,76.0,0.23218997361477572,低位
20260629,fresh_breakout,0.7,5477,71,0.0,3.0,76.6,0.23421052631578948,低位
20260630,fresh_breakout,0.7,5476,69,-2.0,-6.0,75.4,0.2230971128608924,低位
20260701,fresh_breakout,0.7,5480,77,8.0,-6.0,74.2,0.2879581151832461,低位
20260702,fresh_breakout,0.7,5485,75,-2.0,-8.0,72.6,0.27676240208877284,低位
20260703,fresh_breakout,0.7,5487,73,-2.0,2.0,73.0,0.2526041666666667,低位
20260706,fresh_breakout,0.7,5488,70,-3.0,-1.0,72.8,0.22857142857142856,低位
20260707,fresh_breakout,0.7,5488,49,-21.0,-20.0,68.8,0.10103626943005181,低位
20260708,fresh_breakout,0.7,5490,39,-10.0,-38.0,61.2,0.06718346253229975,低位
20260709,fresh_breakout,0.7,5492,31,-8.0,-44.0,52.4,0.03608247422680412,低位
20260710,fresh_breakout,0.7,5491,26,-5.0,-47.0,43.0,0.02570694087403599,低位
20260713,fresh_breakout,0.7,5495,25,-1.0,-45.0,34.0,0.02564102564102564,低位
20260714,fresh_breakout,0.7,5496,30,5.0,-19.0,30.2,0.03836317135549872,低位
20260715,fresh_breakout,0.7,5497,31,1.0,-8.0,28.6,0.04591836734693878,低位
20260716,fresh_breakout,0.7,5496,34,3.0,3.0,29.2,0.061068702290076333,低位
20260717,fresh_breakout,0.7,5494,29,-5.0,3.0,29.8,0.03299492385786802,低位
20260720,fresh_breakout,0.7,5498,22,-7.0,-3.0,29.2,0.017721518987341773,低位
20260721,fresh_breakout,0.7,5498,18,-4.0,-12.0,26.8,0.010101010101010102,低位
20260722,fresh_breakout,0.7,5498,17,-1.0,-14.0,24.0,0.010075566750629723,低位
20260723,fresh_breakout,0.7,5498,16,-1.0,-18.0,20.4,0.007537688442211055,低位
20260724,fresh_breakout,0.7,5499,13,-3.0,-16.0,17.2,0.002506265664160401,低位
20260727,fresh_breakout,0.7,5496,12,-1.0,-10.0,15.2,0.0025,低位
20260728,fresh_breakout,0.7,5497,13,1.0,-5.0,14.2,0.007481296758104738,低位
20260729,fresh_breakout,0.7,5496,16,3.0,-1.0,14.0,0.017412935323383085,低位
20241202,healthy_uptrend,0.7,5323,4191,,,4191.0,1.0,高位
20241203,healthy_uptrend,0.7,5323,4260,69.0,,4225.5,1.0,高位
20241204,healthy_uptrend,0.7,5323,4275,15.0,,4242.0,1.0,高位
20241205,healthy_uptrend,0.7,5325,4284,9.0,,4252.5,1.0,高位
20241206,healthy_uptrend,0.7,5323,4276,-8.0,,4257.2,0.8,高位
20241209,healthy_uptrend,0.7,5321,4307,31.0,116.0,4280.4,1.0,高位
20241210,healthy_uptrend,0.7,5324,4405,98.0,145.0,4309.4,1.0,高位
20241211,healthy_uptrend,0.7,5324,4444,39.0,169.0,4343.2,1.0,高位
20241212,healthy_uptrend,0.7,5325,4490,46.0,206.0,4384.4,1.0,高位
20241213,healthy_uptrend,0.7,5324,4456,-34.0,180.0,4420.4,0.9,高位
20241216,healthy_uptrend,0.7,5329,4459,3.0,152.0,4450.8,0.9090909090909091,高位
20241217,healthy_uptrend,0.7,5326,4360,-99.0,-45.0,4441.8,0.5833333333333334,中位
20241218,healthy_uptrend,0.7,5327,4197,-163.0,-247.0,4392.4,0.15384615384615385,低位
20241219,healthy_uptrend,0.7,5327,4029,-168.0,-461.0,4300.2,0.07142857142857142,低位
20241220,healthy_uptrend,0.7,5331,3825,-204.0,-631.0,4174.0,0.06666666666666667,低位
20241223,healthy_uptrend,0.7,5329,3573,-252.0,-886.0,3996.8,0.0625,低位
20241224,healthy_uptrend,0.7,5329,3399,-174.0,-961.0,3804.6,0.058823529411764705,低位
20241225,healthy_uptrend,0.7,5326,3190,-209.0,-1007.0,3603.2,0.05555555555555555,低位
20241226,healthy_uptrend,0.7,5330,2931,-259.0,-1098.0,3383.6,0.05263157894736842,低位
20241227,healthy_uptrend,0.7,5329,2659,-272.0,-1166.0,3150.4,0.05,低位
20241230,healthy_uptrend,0.7,5325,2354,-305.0,-1219.0,2906.6,0.047619047619047616,低位
20241231,healthy_uptrend,0.7,5328,2070,-284.0,-1329.0,2640.8,0.045454545454545456,低位
20250102,healthy_uptrend,0.7,5328,1778,-292.0,-1412.0,2358.4,0.043478260869565216,低位
20250103,healthy_uptrend,0.7,5330,1452,-326.0,-1479.0,2062.6,0.041666666666666664,低位
20250106,healthy_uptrend,0.7,5328,1210,-242.0,-1449.0,1772.8,0.04,低位
20250107,healthy_uptrend,0.7,5331,1029,-181.0,-1325.0,1507.8,0.038461538461538464,低位
20250108,healthy_uptrend,0.7,5331,918,-111.0,-1152.0,1277.4,0.037037037037037035,低位
20250109,healthy_uptrend,0.7,5332,832,-86.0,-946.0,1088.2,0.03571428571428571,低位
20250110,healthy_uptrend,0.7,5332,745,-87.0,-707.0,946.8,0.034482758620689655,低位
20250113,healthy_uptrend,0.7,5331,677,-68.0,-533.0,840.2,0.03333333333333333,低位
20250114,healthy_uptrend,0.7,5335,631,-46.0,-398.0,760.6,0.03225806451612903,低位
20250115,healthy_uptrend,0.7,5335,596,-35.0,-322.0,696.2,0.03125,低位
20250116,healthy_uptrend,0.7,5335,589,-7.0,-243.0,647.6,0.030303030303030304,低位
20250117,healthy_uptrend,0.7,5335,555,-34.0,-190.0,609.6,0.029411764705882353,低位
20250120,healthy_uptrend,0.7,5334,537,-18.0,-140.0,581.6,0.02857142857142857,低位
20250121,healthy_uptrend,0.7,5336,519,-18.0,-112.0,559.2,0.027777777777777776,低位
20250122,healthy_uptrend,0.7,5339,502,-17.0,-94.0,540.4,0.02702702702702703,低位
20250123,healthy_uptrend,0.7,5341,490,-12.0,-99.0,520.6,0.02631578947368421,低位
20250124,healthy_uptrend,0.7,5338,472,-18.0,-83.0,504.0,0.02564102564102564,低位
20250127,healthy_uptrend,0.7,5338,437,-35.0,-100.0,484.0,0.025,低位
20250205,healthy_uptrend,0.7,5340,414,-23.0,-105.0,463.0,0.024390243902439025,低位
20250206,healthy_uptrend,0.7,5340,413,-1.0,-89.0,445.2,0.023809523809523808,低位
20250207,healthy_uptrend,0.7,5341,405,-8.0,-85.0,428.2,0.023255813953488372,低位
20250210,healthy_uptrend,0.7,5344,390,-15.0,-82.0,411.8,0.022727272727272728,低位
20250211,healthy_uptrend,0.7,5343,372,-18.0,-65.0,398.8,0.022222222222222223,低位
20250212,healthy_uptrend,0.7,5343,363,-9.0,-51.0,388.6,0.021739130434782608,低位
20250213,healthy_uptrend,0.7,5345,347,-16.0,-66.0,375.4,0.02127659574468085,低位
20250214,healthy_uptrend,0.7,5345,332,-15.0,-73.0,360.8,0.020833333333333332,低位
20250217,healthy_uptrend,0.7,5349,320,-12.0,-70.0,346.8,0.02040816326530612,低位
20250218,healthy_uptrend,0.7,5348,319,-1.0,-53.0,336.2,0.02,低位
20250219,healthy_uptrend,0.7,5348,318,-1.0,-45.0,327.2,0.0196078431372549,低位
20250220,healthy_uptrend,0.7,5347,322,4.0,-25.0,322.2,0.07692307692307693,低位
20250221,healthy_uptrend,0.7,5351,334,12.0,2.0,322.6,0.11320754716981132,低位
20250224,healthy_uptrend,0.7,5349,334,0.0,14.0,325.4,0.12962962962962962,低位
20250225,healthy_uptrend,0.7,5347,346,12.0,27.0,330.8,0.14545454545454545,低位
20250226,healthy_uptrend,0.7,5350,360,14.0,42.0,339.2,0.17857142857142858,低位
20250227,healthy_uptrend,0.7,5348,370,10.0,48.0,348.8,0.21052631578947367,低位
20250228,healthy_uptrend,0.7,5350,361,-9.0,27.0,354.2,0.1896551724137931,低位
20250303,healthy_uptrend,0.7,5347,367,6.0,33.0,360.8,0.22033898305084745,低位
20250304,healthy_uptrend,0.7,5347,376,9.0,30.0,366.8,0.26666666666666666,低位
20250305,healthy_uptrend,0.7,5346,379,3.0,19.0,370.6,0.2786885245901639,低位
20250306,healthy_uptrend,0.7,5344,405,26.0,35.0,377.6,0.3225806451612903,低位
20250307,healthy_uptrend,0.7,5347,429,24.0,68.0,391.2,0.36507936507936506,中位
20250310,healthy_uptrend,0.7,5347,475,46.0,108.0,412.8,0.40625,中位
20250311,healthy_uptrend,0.7,5349,496,21.0,120.0,436.8,0.4307692307692308,中位
20250312,healthy_uptrend,0.7,5348,537,41.0,158.0,468.4,0.48484848484848486,中位
20250313,healthy_uptrend,0.7,5350,559,22.0,154.0,499.2,0.5074626865671642,中位
20250314,healthy_uptrend,0.7,5350,597,38.0,168.0,532.8,0.5441176470588235,中位
20250317,healthy_uptrend,0.7,5345,610,13.0,135.0,559.8,0.5507246376811594,中位
20250318,healthy_uptrend,0.7,5351,645,35.0,149.0,589.6,0.5714285714285714,中位
20250319,healthy_uptrend,0.7,5348,666,21.0,129.0,615.4,0.5774647887323944,中位
20250320,healthy_uptrend,0.7,5350,694,28.0,135.0,642.4,0.5972222222222222,中位
20250321,healthy_uptrend,0.7,5350,700,6.0,103.0,663.0,0.6027397260273972,中位
20250324,healthy_uptrend,0.7,5350,696,-4.0,86.0,680.2,0.5945945945945946,中位
20250325,healthy_uptrend,0.7,5352,677,-19.0,32.0,686.6,0.5733333333333334,中位
20250326,healthy_uptrend,0.7,5354,672,-5.0,6.0,687.8,0.5526315789473685,中位
20250327,healthy_uptrend,0.7,5353,676,4.0,-18.0,684.2,0.5584415584415584,中位
20250328,healthy_uptrend,0.7,5351,695,19.0,-5.0,683.2,0.6025641025641025,中位
20250331,healthy_uptrend,0.7,5355,679,-16.0,-17.0,679.8,0.5822784810126582,中位
20250401,healthy_uptrend,0.7,5354,664,-15.0,-13.0,677.2,0.5125,中位
20250402,healthy_uptrend,0.7,5355,679,15.0,7.0,678.6,0.5925925925925926,中位
20250403,healthy_uptrend,0.7,5355,668,-11.0,-8.0,677.0,0.524390243902439,中位
20250407,healthy_uptrend,0.7,5355,552,-116.0,-143.0,648.4,0.39759036144578314,中位
20250408,healthy_uptrend,0.7,5355,469,-83.0,-210.0,606.4,0.2976190476190476,低位
20250409,healthy_uptrend,0.7,5357,438,-31.0,-226.0,561.2,0.29411764705882354,低位
20250410,healthy_uptrend,0.7,5357,424,-14.0,-255.0,510.2,0.26744186046511625,低位
20250411,healthy_uptrend,0.7,5356,440,16.0,-228.0,464.6,0.3103448275862069,低位
20250414,healthy_uptrend,0.7,5356,477,37.0,-75.0,449.6,0.3522727272727273,中位
20250415,healthy_uptrend,0.7,5353,522,45.0,53.0,460.2,0.4044943820224719,中位
20250416,healthy_uptrend,0.7,5356,548,26.0,110.0,482.2,0.43333333333333335,中位
20250417,healthy_uptrend,0.7,5355,594,46.0,170.0,516.2,0.4835164835164835,中位
20250418,healthy_uptrend,0.7,5355,598,4.0,158.0,547.8,0.5108695652173914,中位
20250421,healthy_uptrend,0.7,5355,600,2.0,123.0,572.4,0.5161290322580645,中位
20250422,healthy_uptrend,0.7,5355,626,26.0,104.0,593.2,0.5319148936170213,中位
20250423,healthy_uptrend,0.7,5357,664,38.0,116.0,616.4,0.5684210526315789,中位
20250424,healthy_uptrend,0.7,5356,677,13.0,83.0,633.0,0.6354166666666666,中位
20250425,healthy_uptrend,0.7,5354,703,26.0,105.0,654.0,0.7010309278350515,高位
20250428,healthy_uptrend,0.7,5349,696,-7.0,96.0,673.2,0.6836734693877551,高位
20250429,healthy_uptrend,0.7,5323,696,0.0,70.0,687.2,0.6868686868686869,高位
20250430,healthy_uptrend,0.7,5323,657,-39.0,-7.0,685.8,0.53,中位
20250506,healthy_uptrend,0.7,5349,644,-13.0,-33.0,679.2,0.5148514851485149,中位
20250507,healthy_uptrend,0.7,5352,650,6.0,-53.0,668.6,0.5294117647058824,中位
20250508,healthy_uptrend,0.7,5355,653,3.0,-43.0,660.0,0.5339805825242718,中位
20250509,healthy_uptrend,0.7,5355,637,-16.0,-59.0,648.2,0.5,中位
20250512,healthy_uptrend,0.7,5355,613,-24.0,-44.0,639.4,0.47619047619047616,中位
20250513,healthy_uptrend,0.7,5356,596,-17.0,-48.0,629.8,0.4339622641509434,中位
20250514,healthy_uptrend,0.7,5356,570,-26.0,-80.0,613.8,0.40186915887850466,中位
20250515,healthy_uptrend,0.7,5357,535,-35.0,-118.0,590.2,0.3425925925925926,中位
20250516,healthy_uptrend,0.7,5356,531,-4.0,-106.0,569.0,0.3394495412844037,中位
20250519,healthy_uptrend,0.7,5351,538,7.0,-75.0,554.0,0.37272727272727274,中位
20250520,healthy_uptrend,0.7,5359,557,19.0,-39.0,546.2,0.40540540540540543,中位
20250521,healthy_uptrend,0.7,5355,562,5.0,-8.0,544.6,0.41964285714285715,中位
20250522,healthy_uptrend,0.7,5351,560,-2.0,25.0,549.6,0.415929203539823,中位
20250523,healthy_uptrend,0.7,5353,559,-1.0,28.0,555.2,0.41228070175438597,中位
20250526,healthy_uptrend,0.7,5350,564,5.0,26.0,560.4,0.43478260869565216,中位
20250527,healthy_uptrend,0.7,5352,570,6.0,13.0,563.0,0.4482758620689655,中位
20250528,healthy_uptrend,0.7,5351,561,-9.0,-1.0,562.8,0.4188034188034188,中位
20250529,healthy_uptrend,0.7,5353,577,16.0,17.0,566.2,0.4576271186440678,中位
20250530,healthy_uptrend,0.7,5353,560,-17.0,1.0,566.4,0.4117647058823529,中位
20250603,healthy_uptrend,0.7,5349,573,13.0,9.0,568.2,0.4583333333333333,中位
20250604,healthy_uptrend,0.7,5356,601,28.0,31.0,574.4,0.5289256198347108,中位
20250605,healthy_uptrend,0.7,5356,617,16.0,56.0,585.6,0.5491803278688525,中位
20250606,healthy_uptrend,0.7,5359,659,42.0,82.0,602.0,0.6178861788617886,中位
20250609,healthy_uptrend,0.7,5355,665,6.0,105.0,623.0,0.6370967741935484,中位
20250610,healthy_uptrend,0.7,5362,690,25.0,117.0,646.4,0.712,高位
20250611,healthy_uptrend,0.7,5364,716,26.0,115.0,669.4,0.7698412698412699,高位
20250612,healthy_uptrend,0.7,5363,762,46.0,145.0,698.4,0.7795275590551181,高位
20250613,healthy_uptrend,0.7,5363,767,5.0,108.0,720.0,0.78125,高位
20250616,healthy_uptrend,0.7,5365,762,-5.0,97.0,739.4,0.7751937984496124,高位
20250617,healthy_uptrend,0.7,5371,763,1.0,73.0,754.0,0.7769230769230769,高位
20250618,healthy_uptrend,0.7,5371,748,-15.0,32.0,760.4,0.7557251908396947,高位
20250619,healthy_uptrend,0.7,5370,721,-27.0,-41.0,752.2,0.7424242424242424,高位
20250620,healthy_uptrend,0.7,5370,713,-8.0,-54.0,741.4,0.7293233082706767,高位
20250623,healthy_uptrend,0.7,5365,703,-10.0,-59.0,729.6,0.7238805970149254,高位
20250624,healthy_uptrend,0.7,5369,699,-4.0,-64.0,716.8,0.7037037037037037,高位
20250625,healthy_uptrend,0.7,5370,711,12.0,-37.0,709.4,0.7279411764705882,高位
20250626,healthy_uptrend,0.7,5372,728,17.0,7.0,710.8,0.7518248175182481,高位
20250627,healthy_uptrend,0.7,5368,743,15.0,30.0,716.8,0.7536231884057971,高位
20250630,healthy_uptrend,0.7,5370,744,1.0,41.0,725.0,0.7553956834532374,高位
20250701,healthy_uptrend,0.7,5368,754,10.0,55.0,736.0,0.7714285714285715,高位
20250702,healthy_uptrend,0.7,5367,758,4.0,47.0,745.4,0.7730496453900709,高位
20250703,healthy_uptrend,0.7,5367,813,55.0,85.0,762.4,0.8028169014084507,高位
20250704,healthy_uptrend,0.7,5369,857,44.0,114.0,785.2,0.8111888111888111,高位
20250707,healthy_uptrend,0.7,5369,913,56.0,169.0,819.0,0.8125,高位
20250708,healthy_uptrend,0.7,5368,980,67.0,226.0,864.2,0.8206896551724138,高位
20250709,healthy_uptrend,0.7,5371,1049,69.0,291.0,922.4,0.8287671232876712,高位
20250710,healthy_uptrend,0.7,5370,1102,53.0,289.0,980.2,0.8299319727891157,高位
20250711,healthy_uptrend,0.7,5373,1190,88.0,333.0,1046.8,0.831081081081081,高位
20250714,healthy_uptrend,0.7,5373,1271,81.0,358.0,1118.4,0.8389261744966443,高位
20250715,healthy_uptrend,0.7,5374,1370,99.0,390.0,1196.4,0.84,高位
20250716,healthy_uptrend,0.7,5373,1476,106.0,427.0,1281.8,0.847682119205298,高位
20250717,healthy_uptrend,0.7,5374,1615,139.0,513.0,1384.4,0.8486842105263158,高位
20250718,healthy_uptrend,0.7,5374,1744,129.0,554.0,1495.2,0.8496732026143791,高位
20250721,healthy_uptrend,0.7,5373,1804,60.0,533.0,1601.8,0.8571428571428571,高位
20250722,healthy_uptrend,0.7,5371,1819,15.0,449.0,1691.6,0.8580645161290322,高位
20250723,healthy_uptrend,0.7,5375,1967,148.0,491.0,1789.8,0.8589743589743589,高位
20250724,healthy_uptrend,0.7,5375,2158,191.0,543.0,1898.4,0.8662420382165605,高位
20250725,healthy_uptrend,0.7,5377,2317,159.0,573.0,2013.0,0.8670886075949367,高位
20250728,healthy_uptrend,0.7,5378,2389,72.0,585.0,2130.0,0.8742138364779874,高位
20250729,healthy_uptrend,0.7,5383,2467,78.0,648.0,2259.6,0.875,高位
20250730,healthy_uptrend,0.7,5382,2549,82.0,582.0,2376.0,0.8757763975155279,高位
20250731,healthy_uptrend,0.7,5378,2611,62.0,453.0,2466.6,0.8765432098765432,高位
20250801,healthy_uptrend,0.7,5380,2619,8.0,302.0,2527.0,0.8773006134969326,高位
20250804,healthy_uptrend,0.7,5378,2621,2.0,232.0,2573.4,0.8780487804878049,高位
20250805,healthy_uptrend,0.7,5379,2644,23.0,177.0,2608.8,0.8787878787878788,高位
20250806,healthy_uptrend,0.7,5381,2662,18.0,113.0,2631.4,0.8855421686746988,高位
20250807,healthy_uptrend,0.7,5380,2685,23.0,74.0,2646.2,0.8862275449101796,高位
20250808,healthy_uptrend,0.7,5381,2737,52.0,118.0,2669.8,0.8869047619047619,高位
20250811,healthy_uptrend,0.7,5384,2787,50.0,166.0,2703.0,0.8875739644970414,高位
20250812,healthy_uptrend,0.7,5387,2830,43.0,186.0,2740.2,0.888235294117647,高位
20250813,healthy_uptrend,0.7,5383,2882,52.0,220.0,2784.2,0.8888888888888888,高位
20250814,healthy_uptrend,0.7,5383,2900,18.0,215.0,2827.2,0.8895348837209303,高位
20250815,healthy_uptrend,0.7,5382,2889,-11.0,152.0,2857.6,0.884393063583815,高位
20250818,healthy_uptrend,0.7,5380,2907,18.0,120.0,2881.6,0.8908045977011494,高位
20250819,healthy_uptrend,0.7,5385,2938,31.0,108.0,2903.2,0.8971428571428571,高位
20250820,healthy_uptrend,0.7,5383,2982,44.0,100.0,2923.2,0.8977272727272727,高位
20250821,healthy_uptrend,0.7,5386,3082,100.0,182.0,2959.6,0.8983050847457628,高位
20250822,healthy_uptrend,0.7,5386,3095,13.0,206.0,3000.8,0.898876404494382,高位
20250825,healthy_uptrend,0.7,5386,3140,45.0,233.0,3047.4,0.8994413407821229,高位
20250826,healthy_uptrend,0.7,5387,3155,15.0,217.0,3090.8,0.9,高位
20250827,healthy_uptrend,0.7,5388,3188,33.0,206.0,3132.0,0.9005524861878453,高位
20250828,healthy_uptrend,0.7,5387,3196,8.0,114.0,3154.8,0.9065934065934066,高位
20250829,healthy_uptrend,0.7,5384,3188,-8.0,93.0,3173.4,0.8961748633879781,高位
20250901,healthy_uptrend,0.7,5384,3184,-4.0,44.0,3182.2,0.8858695652173914,高位
20250902,healthy_uptrend,0.7,5386,3121,-63.0,-34.0,3175.4,0.8702702702702703,高位
20250903,healthy_uptrend,0.7,5388,3062,-59.0,-126.0,3150.2,0.8548387096774194,高位
20250904,healthy_uptrend,0.7,5387,2973,-89.0,-223.0,3105.6,0.8449197860962567,高位
20250905,healthy_uptrend,0.7,5389,2894,-79.0,-294.0,3046.8,0.8191489361702128,高位
20250908,healthy_uptrend,0.7,5392,2835,-59.0,-349.0,2977.0,0.8042328042328042,高位
20250909,healthy_uptrend,0.7,5393,2778,-57.0,-343.0,2908.4,0.7894736842105263,高位
20250910,healthy_uptrend,0.7,5394,2763,-15.0,-299.0,2848.6,0.7853403141361257,高位
20250911,healthy_uptrend,0.7,5393,2763,0.0,-210.0,2806.6,0.7864583333333334,高位
20250912,healthy_uptrend,0.7,5396,2735,-28.0,-159.0,2774.8,0.772020725388601,高位
20250915,healthy_uptrend,0.7,5394,2703,-32.0,-132.0,2748.4,0.7680412371134021,高位
20250916,healthy_uptrend,0.7,5394,2716,13.0,-62.0,2736.0,0.7692307692307693,高位
20250917,healthy_uptrend,0.7,5393,2689,-27.0,-74.0,2721.2,0.7602040816326531,高位
20250918,healthy_uptrend,0.7,5393,2656,-33.0,-107.0,2699.8,0.7411167512690355,高位
20250919,healthy_uptrend,0.7,5394,2656,0.0,-79.0,2684.0,0.7424242424242424,高位
20250922,healthy_uptrend,0.7,5390,2634,-22.0,-69.0,2670.2,0.7286432160804021,高位
20250923,healthy_uptrend,0.7,5395,2536,-98.0,-180.0,2634.2,0.705,高位
20250924,healthy_uptrend,0.7,5395,2470,-66.0,-219.0,2590.4,0.7014925373134329,高位
20250925,healthy_uptrend,0.7,5396,2455,-15.0,-201.0,2550.2,0.693069306930693,高位
20250926,healthy_uptrend,0.7,5395,2367,-88.0,-289.0,2492.4,0.6847290640394089,高位
20250929,healthy_uptrend,0.7,5390,2297,-70.0,-337.0,2425.0,0.6715686274509803,高位
20250930,healthy_uptrend,0.7,5392,2245,-52.0,-291.0,2366.8,0.6682926829268293,高位
20251009,healthy_uptrend,0.7,5389,2189,-56.0,-281.0,2310.6,0.6650485436893204,中位
20251010,healthy_uptrend,0.7,5391,2126,-63.0,-329.0,2244.8,0.6570048309178744,中位
20251013,healthy_uptrend,0.7,5393,2038,-88.0,-329.0,2179.0,0.6490384615384616,中位
20251014,healthy_uptrend,0.7,5393,1932,-106.0,-365.0,2106.0,0.6411483253588517,中位
20251015,healthy_uptrend,0.7,5393,1863,-69.0,-382.0,2029.6,0.638095238095238,中位
20251016,healthy_uptrend,0.7,5396,1781,-82.0,-408.0,1948.0,0.6255924170616114,中位
20251017,healthy_uptrend,0.7,5400,1688,-93.0,-438.0,1860.4,0.6132075471698113,中位
20251020,healthy_uptrend,0.7,5399,1597,-91.0,-441.0,1772.2,0.6056338028169014,中位
20251021,healthy_uptrend,0.7,5398,1555,-42.0,-377.0,1696.8,0.602803738317757,中位
20251022,healthy_uptrend,0.7,5397,1496,-59.0,-367.0,1623.4,0.6,中位
20251023,healthy_uptrend,0.7,5400,1471,-25.0,-310.0,1561.4,0.5925925925925926,中位
20251024,healthy_uptrend,0.7,5400,1447,-24.0,-241.0,1513.2,0.5852534562211982,中位
20251027,healthy_uptrend,0.7,5399,1423,-24.0,-174.0,1478.4,0.5825688073394495,中位
20251028,healthy_uptrend,0.7,5397,1395,-28.0,-160.0,1446.4,0.5799086757990868,中位
20251029,healthy_uptrend,0.7,5397,1372,-23.0,-124.0,1421.6,0.5772727272727273,中位
20251030,healthy_uptrend,0.7,5396,1339,-33.0,-132.0,1395.2,0.5701357466063348,中位
20251031,healthy_uptrend,0.7,5397,1305,-34.0,-142.0,1366.8,0.5675675675675675,中位
20251103,healthy_uptrend,0.7,5398,1277,-28.0,-146.0,1337.6,0.5650224215246636,中位
20251104,healthy_uptrend,0.7,5399,1253,-24.0,-142.0,1309.2,0.5580357142857143,中位
20251105,healthy_uptrend,0.7,5398,1258,5.0,-114.0,1286.4,0.56,中位
20251106,healthy_uptrend,0.7,5398,1229,-29.0,-110.0,1264.4,0.5530973451327433,中位
20251107,healthy_uptrend,0.7,5398,1206,-23.0,-99.0,1244.6,0.5462555066079295,中位
20251110,healthy_uptrend,0.7,5401,1178,-28.0,-99.0,1224.8,0.5394736842105263,中位
20251111,healthy_uptrend,0.7,5401,1156,-22.0,-97.0,1205.4,0.537117903930131,中位
20251112,healthy_uptrend,0.7,5404,1126,-30.0,-132.0,1179.0,0.5347826086956522,中位
20251113,healthy_uptrend,0.7,5403,1111,-15.0,-118.0,1155.4,0.5324675324675324,中位
20251114,healthy_uptrend,0.7,5401,1074,-37.0,-132.0,1129.0,0.5258620689655172,中位
20251117,healthy_uptrend,0.7,5400,1047,-27.0,-131.0,1102.8,0.51931330472103,中位
20251118,healthy_uptrend,0.7,5400,1025,-22.0,-131.0,1076.6,0.5128205128205128,中位
20251119,healthy_uptrend,0.7,5404,1007,-18.0,-119.0,1052.8,0.5106382978723404,中位
20251120,healthy_uptrend,0.7,5403,973,-34.0,-138.0,1025.2,0.5042372881355932,中位
20251121,healthy_uptrend,0.7,5405,921,-52.0,-153.0,994.6,0.5021097046413502,中位
20251124,healthy_uptrend,0.7,5401,844,-77.0,-203.0,954.0,0.48739495798319327,中位
20251125,healthy_uptrend,0.7,5398,789,-55.0,-236.0,906.8,0.4769874476987448,中位
20251126,healthy_uptrend,0.7,5395,744,-45.0,-263.0,854.2,0.44166666666666665,中位
20251127,healthy_uptrend,0.7,5395,721,-23.0,-252.0,803.8,0.42738589211618255,中位
20251128,healthy_uptrend,0.7,5394,709,-12.0,-212.0,761.4,0.4090909090909091,中位
20251201,healthy_uptrend,0.7,5393,705,-4.0,-139.0,733.6,0.4074074074074074,中位
20251202,healthy_uptrend,0.7,5396,696,-9.0,-93.0,715.0,0.38934426229508196,中位
20251203,healthy_uptrend,0.7,5402,681,-15.0,-63.0,702.4,0.363265306122449,中位
20251204,healthy_uptrend,0.7,5400,675,-6.0,-46.0,693.2,0.33739837398373984,中位
20251205,healthy_uptrend,0.7,5399,667,-8.0,-42.0,684.8,0.32793522267206476,低位
20251208,healthy_uptrend,0.7,5401,678,11.0,-27.0,679.4,0.3588709677419355,中位
20251209,healthy_uptrend,0.7,5403,695,17.0,-1.0,679.2,0.3855421686746988,中位
20251210,healthy_uptrend,0.7,5399,707,12.0,26.0,684.4,0.424,中位
20251211,healthy_uptrend,0.7,5404,718,11.0,43.0,693.0,0.44223107569721115,中位
20251212,healthy_uptrend,0.7,5406,709,-9.0,42.0,701.4,0.42857142857142855,中位
20251215,healthy_uptrend,0.7,5405,700,-9.0,22.0,705.8,0.40711462450592883,中位
20251216,healthy_uptrend,0.7,5406,662,-38.0,-33.0,699.2,0.3031496062992126,低位
20251217,healthy_uptrend,0.7,5407,663,1.0,-44.0,690.4,0.3058823529411765,低位
20251218,healthy_uptrend,0.7,5409,655,-8.0,-63.0,677.8,0.29296875,低位
20251219,healthy_uptrend,0.7,5408,635,-20.0,-74.0,663.0,0.2723735408560311,低位
20251222,healthy_uptrend,0.7,5404,631,-4.0,-69.0,649.2,0.2713178294573643,低位
20251223,healthy_uptrend,0.7,5406,636,5.0,-26.0,644.0,0.277992277992278,低位
20251224,healthy_uptrend,0.7,5407,647,11.0,-16.0,640.8,0.2923076923076923,低位
20251225,healthy_uptrend,0.7,5410,647,0.0,-8.0,639.2,0.2950191570881226,低位
20251226,healthy_uptrend,0.7,5409,624,-23.0,-11.0,637.0,0.2595419847328244,低位
20251229,healthy_uptrend,0.7,5411,616,-8.0,-15.0,634.0,0.25475285171102663,低位
20251230,healthy_uptrend,0.7,5410,610,-6.0,-26.0,628.8,0.25,低位
20251231,healthy_uptrend,0.7,5409,606,-4.0,-41.0,620.6,0.24528301886792453,低位
20260105,healthy_uptrend,0.7,5408,594,-12.0,-53.0,610.0,0.22180451127819548,低位
20260106,healthy_uptrend,0.7,5410,590,-4.0,-34.0,603.2,0.21722846441947566,低位
20260107,healthy_uptrend,0.7,5412,600,10.0,-16.0,600.0,0.2462686567164179,低位
20260108,healthy_uptrend,0.7,5411,613,13.0,3.0,600.6,0.26765799256505574,低位
20260109,healthy_uptrend,0.7,5412,637,24.0,31.0,606.8,0.3037037037037037,低位
20260112,healthy_uptrend,0.7,5412,655,18.0,61.0,619.0,0.33210332103321033,低位
20260113,healthy_uptrend,0.7,5405,678,23.0,88.0,636.6,0.39705882352941174,中位
20260114,healthy_uptrend,0.7,5407,704,26.0,104.0,657.4,0.45787545787545786,中位
20260115,healthy_uptrend,0.7,5409,730,26.0,117.0,680.8,0.5,中位
20260116,healthy_uptrend,0.7,5411,759,29.0,122.0,705.2,0.5272727272727272,中位
20260119,healthy_uptrend,0.7,5412,761,2.0,106.0,726.4,0.5289855072463768,中位
20260120,healthy_uptrend,0.7,5419,786,25.0,108.0,748.0,0.5451263537906137,中位
20260121,healthy_uptrend,0.7,5416,807,21.0,103.0,768.6,0.5503597122302158,中位
20260122,healthy_uptrend,0.7,5417,837,30.0,107.0,790.0,0.5591397849462365,中位
20260123,healthy_uptrend,0.7,5418,868,31.0,109.0,811.8,0.5678571428571428,中位
20260126,healthy_uptrend,0.7,5417,884,16.0,123.0,836.4,0.5693950177935944,中位
20260127,healthy_uptrend,0.7,5418,901,17.0,115.0,859.4,0.5709219858156028,中位
20260128,healthy_uptrend,0.7,5417,904,3.0,97.0,878.8,0.5724381625441696,中位
20260129,healthy_uptrend,0.7,5419,924,20.0,87.0,896.2,0.5845070422535211,中位
20260130,healthy_uptrend,0.7,5415,926,2.0,58.0,907.8,0.5859649122807018,中位
20260202,healthy_uptrend,0.7,5418,934,8.0,50.0,917.8,0.5874125874125874,中位
20260203,healthy_uptrend,0.7,5418,941,7.0,40.0,925.8,0.5888501742160279,中位
20260204,healthy_uptrend,0.7,5421,965,24.0,61.0,938.0,0.5902777777777778,中位
20260205,healthy_uptrend,0.7,5419,983,18.0,59.0,949.8,0.5986159169550173,中位
20260206,healthy_uptrend,0.7,5419,1012,29.0,86.0,967.0,0.603448275862069,中位
20260209,healthy_uptrend,0.7,5419,1063,51.0,129.0,992.8,0.6185567010309279,中位
20260210,healthy_uptrend,0.7,5421,1082,19.0,141.0,1021.0,0.6232876712328768,中位
20260211,healthy_uptrend,0.7,5420,1112,30.0,147.0,1050.4,0.6313993174061433,中位
20260212,healthy_uptrend,0.7,5426,1124,12.0,141.0,1078.6,0.6326530612244898,中位
20260213,healthy_uptrend,0.7,5424,1168,44.0,156.0,1109.8,0.6406779661016949,中位
20260224,healthy_uptrend,0.7,5425,1206,38.0,143.0,1138.4,0.652027027027027,中位
20260225,healthy_uptrend,0.7,5422,1283,77.0,201.0,1178.6,0.6734006734006734,高位
20260226,healthy_uptrend,0.7,5425,1355,72.0,243.0,1227.2,0.6812080536912751,高位
20260227,healthy_uptrend,0.7,5425,1446,91.0,322.0,1291.6,0.6956521739130435,高位
20260302,healthy_uptrend,0.7,5424,1503,57.0,335.0,1358.6,0.7133333333333334,高位
20260303,healthy_uptrend,0.7,5426,1482,-21.0,276.0,1413.8,0.707641196013289,高位
20260304,healthy_uptrend,0.7,5428,1457,-25.0,174.0,1448.6,0.6986754966887417,高位
20260305,healthy_uptrend,0.7,5429,1435,-22.0,80.0,1464.6,0.6864686468646864,高位
20260306,healthy_uptrend,0.7,5430,1413,-22.0,-33.0,1458.0,0.680921052631579,高位
20260309,healthy_uptrend,0.7,5434,1422,9.0,-81.0,1441.8,0.6819672131147541,高位
20260310,healthy_uptrend,0.7,5434,1446,24.0,-36.0,1434.6,0.6928104575163399,高位
20260311,healthy_uptrend,0.7,5437,1475,29.0,18.0,1438.2,0.7068403908794788,高位
20260312,healthy_uptrend,0.7,5437,1496,21.0,61.0,1450.4,0.7175324675324676,高位
20260313,healthy_uptrend,0.7,5436,1494,-2.0,81.0,1466.6,0.7119741100323624,高位
20260316,healthy_uptrend,0.7,5435,1493,-1.0,71.0,1480.8,0.7096774193548387,高位
20260317,healthy_uptrend,0.7,5433,1441,-52.0,-5.0,1479.8,0.6784565916398714,高位
20260318,healthy_uptrend,0.7,5433,1428,-13.0,-47.0,1470.4,0.6730769230769231,高位
20260319,healthy_uptrend,0.7,5436,1400,-28.0,-96.0,1451.2,0.6613418530351438,中位
20260320,healthy_uptrend,0.7,5437,1303,-97.0,-191.0,1413.0,0.6401273885350318,中位
20260323,healthy_uptrend,0.7,5439,1144,-159.0,-349.0,1343.2,0.5968253968253968,中位
20260324,healthy_uptrend,0.7,5438,1063,-81.0,-378.0,1267.6,0.5727848101265823,中位
20260325,healthy_uptrend,0.7,5437,1003,-60.0,-425.0,1182.6,0.5488958990536278,中位
20260326,healthy_uptrend,0.7,5437,934,-69.0,-466.0,1089.4,0.5314465408805031,中位
20260327,healthy_uptrend,0.7,5433,911,-23.0,-392.0,1011.0,0.5109717868338558,中位
20260330,healthy_uptrend,0.7,5431,886,-25.0,-258.0,959.4,0.503125,中位
20260331,healthy_uptrend,0.7,5434,864,-22.0,-199.0,919.6,0.4953271028037383,中位
20260401,healthy_uptrend,0.7,5436,844,-20.0,-159.0,887.8,0.4906832298136646,中位
20260402,healthy_uptrend,0.7,5437,813,-31.0,-121.0,863.6,0.47987616099071206,中位
20260403,healthy_uptrend,0.7,5439,766,-47.0,-145.0,834.6,0.46296296296296297,中位
20260407,healthy_uptrend,0.7,5437,740,-26.0,-146.0,805.4,0.4246153846153846,中位
20260408,healthy_uptrend,0.7,5442,730,-10.0,-134.0,778.6,0.4233128834355828,中位
20260409,healthy_uptrend,0.7,5443,725,-5.0,-119.0,754.8,0.41590214067278286,中位
20260410,healthy_uptrend,0.7,5444,721,-4.0,-92.0,736.4,0.4146341463414634,中位
20260413,healthy_uptrend,0.7,5443,743,22.0,-23.0,731.8,0.43465045592705165,中位
20260414,healthy_uptrend,0.7,5445,726,-17.0,-14.0,729.0,0.41818181818181815,中位
20260415,healthy_uptrend,0.7,5443,704,-22.0,-26.0,723.8,0.3806646525679758,中位
20260416,healthy_uptrend,0.7,5444,682,-22.0,-43.0,715.2,0.3373493975903614,中位
20260417,healthy_uptrend,0.7,5443,652,-30.0,-69.0,701.4,0.26426426426426425,低位
20260420,healthy_uptrend,0.7,5439,640,-12.0,-103.0,680.8,0.24850299401197604,低位
20260421,healthy_uptrend,0.7,5443,616,-24.0,-110.0,658.8,0.2208955223880597,低位
20260422,healthy_uptrend,0.7,5443,606,-10.0,-98.0,639.2,0.20535714285714285,低位
20260423,healthy_uptrend,0.7,5440,591,-15.0,-91.0,621.0,0.17507418397626112,低位
20260424,healthy_uptrend,0.7,5443,557,-34.0,-95.0,602.0,0.13609467455621302,低位
20260427,healthy_uptrend,0.7,5442,546,-11.0,-94.0,583.2,0.12389380530973451,低位
20260428,healthy_uptrend,0.7,5436,525,-21.0,-91.0,565.0,0.10882352941176471,低位
20260429,healthy_uptrend,0.7,5409,507,-18.0,-99.0,545.2,0.10263929618768329,低位
20260430,healthy_uptrend,0.7,5406,493,-14.0,-98.0,525.6,0.09649122807017543,低位
20260506,healthy_uptrend,0.7,5439,494,1.0,-63.0,513.0,0.09912536443148688,低位
20260507,healthy_uptrend,0.7,5443,497,3.0,-49.0,503.2,0.10465116279069768,低位
20260508,healthy_uptrend,0.7,5441,509,12.0,-16.0,500.0,0.11304347826086956,低位
20260511,healthy_uptrend,0.7,5440,500,-9.0,-7.0,498.6,0.1069364161849711,低位
20260512,healthy_uptrend,0.7,5439,507,7.0,14.0,501.4,0.11527377521613832,低位
20260513,healthy_uptrend,0.7,5442,525,18.0,31.0,507.6,0.12931034482758622,低位
20260514,healthy_uptrend,0.7,5442,531,6.0,34.0,514.4,0.1346704871060172,低位
20260515,healthy_uptrend,0.7,5442,539,8.0,30.0,520.4,0.14857142857142858,低位
20260518,healthy_uptrend,0.7,5444,561,22.0,61.0,532.6,0.18233618233618235,低位
20260519,healthy_uptrend,0.7,5440,573,12.0,66.0,545.8,0.19886363636363635,低位
20260520,healthy_uptrend,0.7,5445,593,20.0,68.0,559.4,0.21246458923512748,低位
20260521,healthy_uptrend,0.7,5449,608,15.0,77.0,574.8,0.2457627118644068,低位
20260522,healthy_uptrend,0.7,5448,632,24.0,93.0,593.4,0.27887323943661974,低位
20260525,healthy_uptrend,0.7,5448,644,12.0,83.0,610.0,0.29775280898876405,低位
20260526,healthy_uptrend,0.7,5449,648,4.0,75.0,625.0,0.3081232492997199,低位
20260527,healthy_uptrend,0.7,5450,661,13.0,68.0,638.6,0.329608938547486,低位
20260528,healthy_uptrend,0.7,5450,671,10.0,63.0,651.2,0.35376044568245124,中位
20260529,healthy_uptrend,0.7,5449,677,6.0,45.0,660.2,0.37222222222222223,中位
20260601,healthy_uptrend,0.7,5451,684,7.0,40.0,668.2,0.39058171745152354,中位
20260602,healthy_uptrend,0.7,5452,687,3.0,39.0,676.0,0.39226519337016574,中位
20260603,healthy_uptrend,0.7,5457,690,3.0,29.0,681.8,0.39669421487603307,中位
20260604,healthy_uptrend,0.7,5458,678,-12.0,7.0,683.2,0.37637362637362637,中位
20260605,healthy_uptrend,0.7,5460,683,5.0,6.0,684.4,0.38904109589041097,中位
20260608,healthy_uptrend,0.7,5461,668,-15.0,-16.0,681.2,0.3469945355191257,中位
20260609,healthy_uptrend,0.7,5460,667,-1.0,-20.0,677.2,0.34332425068119893,中位
20260610,healthy_uptrend,0.7,5458,666,-1.0,-24.0,672.4,0.33967391304347827,中位
20260611,healthy_uptrend,0.7,5456,655,-11.0,-23.0,667.8,0.3143631436314363,低位
20260612,healthy_uptrend,0.7,5457,657,2.0,-26.0,662.6,0.31891891891891894,低位
20260615,healthy_uptrend,0.7,5455,658,1.0,-10.0,660.6,0.32075471698113206,低位
20260616,healthy_uptrend,0.7,5461,666,8.0,-1.0,660.4,0.3467741935483871,中位
20260617,healthy_uptrend,0.7,5458,683,17.0,17.0,663.8,0.40214477211796246,中位
20260618,healthy_uptrend,0.7,5456,705,22.0,50.0,673.8,0.45454545454545453,中位
20260622,healthy_uptrend,0.7,5459,737,32.0,80.0,689.8,0.496,中位
20260623,healthy_uptrend,0.7,5462,754,17.0,96.0,709.0,0.5186170212765957,中位
20260624,healthy_uptrend,0.7,5461,766,12.0,100.0,729.0,0.5384615384615384,中位
20260625,healthy_uptrend,0.7,5460,779,13.0,96.0,748.2,0.5423280423280423,中位
20260626,healthy_uptrend,0.7,5461,781,2.0,76.0,763.4,0.5435356200527705,中位
20260629,healthy_uptrend,0.7,5457,782,1.0,45.0,772.4,0.5447368421052632,中位
20260630,healthy_uptrend,0.7,5455,764,-18.0,10.0,774.4,0.5301837270341208,中位
20260701,healthy_uptrend,0.7,5459,769,5.0,3.0,775.0,0.5392670157068062,中位
20260702,healthy_uptrend,0.7,5464,758,-11.0,-21.0,770.8,0.5143603133159269,中位
20260703,healthy_uptrend,0.7,5464,750,-8.0,-31.0,764.6,0.5052083333333334,中位
20260706,healthy_uptrend,0.7,5465,736,-14.0,-46.0,755.4,0.4831168831168831,中位
20260707,healthy_uptrend,0.7,5465,720,-16.0,-44.0,746.6,0.46113989637305697,中位
20260708,healthy_uptrend,0.7,5465,674,-46.0,-95.0,727.6,0.35142118863049093,中位
20260709,healthy_uptrend,0.7,5466,644,-30.0,-114.0,704.8,0.2757731958762887,低位
20260710,healthy_uptrend,0.7,5465,627,-17.0,-123.0,680.2,0.2493573264781491,低位
20260713,healthy_uptrend,0.7,5468,575,-52.0,-161.0,648.0,0.18205128205128204,低位
20260714,healthy_uptrend,0.7,5469,547,-28.0,-173.0,613.4,0.13810741687979539,低位
20260715,healthy_uptrend,0.7,5470,511,-36.0,-163.0,580.8,0.10714285714285714,低位
20260716,healthy_uptrend,0.7,5469,475,-36.0,-169.0,547.0,0.07888040712468193,低位
20260717,healthy_uptrend,0.7,5467,414,-61.0,-213.0,504.4,0.0583756345177665,低位
20260720,healthy_uptrend,0.7,5469,339,-75.0,-236.0,457.2,0.020253164556962026,低位
20260721,healthy_uptrend,0.7,5471,294,-45.0,-253.0,406.6,0.0025252525252525255,低位
20260722,healthy_uptrend,0.7,5471,262,-32.0,-249.0,356.8,0.0025188916876574307,低位
20260723,healthy_uptrend,0.7,5472,237,-25.0,-238.0,309.2,0.002512562814070352,低位
20260724,healthy_uptrend,0.7,5472,214,-23.0,-200.0,269.2,0.002506265664160401,低位
20260727,healthy_uptrend,0.7,5470,190,-24.0,-149.0,239.4,0.0025,低位
20260728,healthy_uptrend,0.7,5472,168,-22.0,-126.0,214.2,0.0024937655860349127,低位
20260729,healthy_uptrend,0.7,5471,142,-26.0,-120.0,190.2,0.0024875621890547263,低位
20241202,parabolic_uptrend,0.7,5305,914,,,914.0,1.0,高位
20241203,parabolic_uptrend,0.7,5305,1002,88.0,,958.0,1.0,高位
20241204,parabolic_uptrend,0.7,5304,1125,123.0,,1013.6666666666666,1.0,高位
20241205,parabolic_uptrend,0.7,5307,1254,129.0,,1073.75,1.0,高位
20241206,parabolic_uptrend,0.7,5305,1402,148.0,,1139.4,1.0,高位
20241209,parabolic_uptrend,0.7,5304,1529,127.0,615.0,1262.4,1.0,高位
20241210,parabolic_uptrend,0.7,5307,1682,153.0,680.0,1398.4,1.0,高位
20241211,parabolic_uptrend,0.7,5307,1802,120.0,677.0,1533.8,1.0,高位
20241212,parabolic_uptrend,0.7,5307,1949,147.0,695.0,1672.8,1.0,高位
20241213,parabolic_uptrend,0.7,5306,2092,143.0,690.0,1810.8,1.0,高位
20241216,parabolic_uptrend,0.7,5310,2210,118.0,681.0,1947.0,1.0,高位
20241217,parabolic_uptrend,0.7,5307,2294,84.0,612.0,2069.4,1.0,高位
20241218,parabolic_uptrend,0.7,5308,2371,77.0,569.0,2183.2,1.0,高位
20241219,parabolic_uptrend,0.7,5307,2431,60.0,482.0,2279.6,1.0,高位
20241220,parabolic_uptrend,0.7,5310,2523,92.0,431.0,2365.8,1.0,高位
20241223,parabolic_uptrend,0.7,5308,2572,49.0,362.0,2438.2,1.0,高位
20241224,parabolic_uptrend,0.7,5307,2634,62.0,340.0,2506.2,1.0,高位
20241225,parabolic_uptrend,0.7,5304,2700,66.0,329.0,2572.0,1.0,高位
20241226,parabolic_uptrend,0.7,5307,2799,99.0,368.0,2645.6,1.0,高位
20241227,parabolic_uptrend,0.7,5305,2884,85.0,361.0,2717.8,1.0,高位
20241230,parabolic_uptrend,0.7,5302,2976,92.0,404.0,2798.6,1.0,高位
20241231,parabolic_uptrend,0.7,5305,3054,78.0,420.0,2882.6,1.0,高位
20250102,parabolic_uptrend,0.7,5304,3119,65.0,419.0,2966.4,1.0,高位
20250103,parabolic_uptrend,0.7,5305,3122,3.0,323.0,3031.0,1.0,高位
20250106,parabolic_uptrend,0.7,5303,3119,-3.0,235.0,3078.0,0.96,高位
20250107,parabolic_uptrend,0.7,5306,3123,4.0,147.0,3107.4,1.0,高位
20250108,parabolic_uptrend,0.7,5306,3130,7.0,76.0,3122.6,1.0,高位
20250109,parabolic_uptrend,0.7,5307,3138,8.0,19.0,3126.4,1.0,高位
20250110,parabolic_uptrend,0.7,5306,3143,5.0,21.0,3130.6,1.0,高位
20250113,parabolic_uptrend,0.7,5305,3168,25.0,49.0,3140.4,1.0,高位
20250114,parabolic_uptrend,0.7,5308,3203,35.0,80.0,3156.4,1.0,高位
20250115,parabolic_uptrend,0.7,5308,3220,17.0,90.0,3174.4,1.0,高位
20250116,parabolic_uptrend,0.7,5308,3229,9.0,91.0,3192.6,1.0,高位
20250117,parabolic_uptrend,0.7,5307,3231,2.0,88.0,3210.2,1.0,高位
20250120,parabolic_uptrend,0.7,5306,3224,-7.0,56.0,3221.4,0.9428571428571428,高位
20250121,parabolic_uptrend,0.7,5309,3202,-22.0,-1.0,3221.2,0.8611111111111112,高位
20250122,parabolic_uptrend,0.7,5311,3166,-36.0,-54.0,3210.4,0.8108108108108109,高位
20250123,parabolic_uptrend,0.7,5311,3121,-45.0,-108.0,3188.8,0.6578947368421053,中位
20250124,parabolic_uptrend,0.7,5308,3042,-79.0,-189.0,3151.0,0.5641025641025641,中位
20250127,parabolic_uptrend,0.7,5308,2932,-110.0,-292.0,3092.6,0.525,中位
20250205,parabolic_uptrend,0.7,5310,2816,-116.0,-386.0,3015.4,0.4878048780487805,中位
20250206,parabolic_uptrend,0.7,5311,2731,-85.0,-435.0,2928.4,0.4523809523809524,中位
20250207,parabolic_uptrend,0.7,5312,2667,-64.0,-454.0,2837.6,0.4186046511627907,中位
20250210,parabolic_uptrend,0.7,5314,2613,-54.0,-429.0,2751.8,0.38636363636363635,中位
20250211,parabolic_uptrend,0.7,5313,2566,-47.0,-366.0,2678.6,0.35555555555555557,中位
20250212,parabolic_uptrend,0.7,5313,2494,-72.0,-322.0,2614.2,0.32608695652173914,低位
20250213,parabolic_uptrend,0.7,5314,2426,-68.0,-305.0,2553.2,0.2978723404255319,低位
20250214,parabolic_uptrend,0.7,5313,2336,-90.0,-331.0,2487.0,0.2708333333333333,低位
20250217,parabolic_uptrend,0.7,5317,2234,-102.0,-379.0,2411.2,0.24489795918367346,低位
20250218,parabolic_uptrend,0.7,5317,2125,-109.0,-441.0,2323.0,0.22,低位
20250219,parabolic_uptrend,0.7,5317,2024,-101.0,-470.0,2229.0,0.19607843137254902,低位
20250220,parabolic_uptrend,0.7,5316,1943,-81.0,-483.0,2132.4,0.17307692307692307,低位
20250221,parabolic_uptrend,0.7,5318,1867,-76.0,-469.0,2038.6,0.16981132075471697,低位
20250224,parabolic_uptrend,0.7,5317,1778,-89.0,-456.0,1947.4,0.14814814814814814,低位
20250225,parabolic_uptrend,0.7,5315,1742,-36.0,-383.0,1870.8,0.14545454545454545,低位
20250226,parabolic_uptrend,0.7,5316,1700,-42.0,-324.0,1806.0,0.14285714285714285,低位
20250227,parabolic_uptrend,0.7,5314,1678,-22.0,-265.0,1753.0,0.12280701754385964,低位
20250228,parabolic_uptrend,0.7,5314,1640,-38.0,-227.0,1707.6,0.1206896551724138,低位
20250303,parabolic_uptrend,0.7,5312,1579,-61.0,-199.0,1667.8,0.11864406779661017,低位
20250304,parabolic_uptrend,0.7,5312,1538,-41.0,-204.0,1627.0,0.11666666666666667,低位
20250305,parabolic_uptrend,0.7,5312,1488,-50.0,-212.0,1584.6,0.09836065573770492,低位
20250306,parabolic_uptrend,0.7,5310,1444,-44.0,-234.0,1537.8,0.0967741935483871,低位
20250307,parabolic_uptrend,0.7,5311,1427,-17.0,-213.0,1495.2,0.09523809523809523,低位
20250310,parabolic_uptrend,0.7,5313,1407,-20.0,-172.0,1460.8,0.09375,低位
20250311,parabolic_uptrend,0.7,5314,1385,-22.0,-153.0,1430.2,0.07692307692307693,低位
20250312,parabolic_uptrend,0.7,5313,1364,-21.0,-124.0,1405.4,0.07575757575757576,低位
20250313,parabolic_uptrend,0.7,5315,1352,-12.0,-92.0,1387.0,0.07462686567164178,低位
20250314,parabolic_uptrend,0.7,5315,1338,-14.0,-89.0,1369.2,0.07352941176470588,低位
20250317,parabolic_uptrend,0.7,5310,1319,-19.0,-88.0,1351.6,0.07246376811594203,低位
20250318,parabolic_uptrend,0.7,5316,1314,-5.0,-71.0,1337.4,0.07142857142857142,低位
20250319,parabolic_uptrend,0.7,5312,1304,-10.0,-60.0,1325.4,0.07042253521126761,低位
20250320,parabolic_uptrend,0.7,5314,1288,-16.0,-64.0,1312.6,0.06944444444444445,低位
20250321,parabolic_uptrend,0.7,5314,1266,-22.0,-72.0,1298.2,0.0684931506849315,低位
20250324,parabolic_uptrend,0.7,5312,1247,-19.0,-72.0,1283.8,0.05405405405405406,低位
20250325,parabolic_uptrend,0.7,5314,1229,-18.0,-85.0,1266.8,0.05333333333333334,低位
20250326,parabolic_uptrend,0.7,5316,1211,-18.0,-93.0,1248.2,0.05263157894736842,低位
20250327,parabolic_uptrend,0.7,5315,1190,-21.0,-98.0,1228.6,0.05194805194805195,低位
20250328,parabolic_uptrend,0.7,5313,1174,-16.0,-92.0,1210.2,0.05128205128205128,低位
20250331,parabolic_uptrend,0.7,5316,1154,-20.0,-93.0,1191.6,0.05063291139240506,低位
20250401,parabolic_uptrend,0.7,5316,1121,-33.0,-108.0,1170.0,0.0375,低位
20250402,parabolic_uptrend,0.7,5317,1082,-39.0,-129.0,1144.2,0.037037037037037035,低位
20250403,parabolic_uptrend,0.7,5316,1049,-33.0,-141.0,1116.0,0.036585365853658534,低位
20250407,parabolic_uptrend,0.7,5315,963,-86.0,-211.0,1073.8,0.024096385542168676,低位
20250408,parabolic_uptrend,0.7,5315,874,-89.0,-280.0,1017.8,0.011904761904761904,低位
20250409,parabolic_uptrend,0.7,5317,787,-87.0,-334.0,951.0,0.011764705882352941,低位
20250410,parabolic_uptrend,0.7,5317,739,-48.0,-343.0,882.4,0.011627906976744186,低位
20250411,parabolic_uptrend,0.7,5315,700,-39.0,-349.0,812.6,0.011494252873563218,低位
20250414,parabolic_uptrend,0.7,5314,665,-35.0,-298.0,753.0,0.011363636363636364,低位
20250415,parabolic_uptrend,0.7,5312,643,-22.0,-231.0,706.8,0.011235955056179775,低位
20250416,parabolic_uptrend,0.7,5315,615,-28.0,-172.0,672.4,0.011111111111111112,低位
20250417,parabolic_uptrend,0.7,5315,591,-24.0,-148.0,642.8,0.01098901098901099,低位
20250418,parabolic_uptrend,0.7,5314,575,-16.0,-125.0,617.8,0.010869565217391304,低位
20250421,parabolic_uptrend,0.7,5314,560,-15.0,-105.0,596.8,0.010752688172043012,低位
20250422,parabolic_uptrend,0.7,5313,550,-10.0,-93.0,578.2,0.010638297872340425,低位
20250423,parabolic_uptrend,0.7,5316,529,-21.0,-86.0,561.0,0.010526315789473684,低位
20250424,parabolic_uptrend,0.7,5314,512,-17.0,-79.0,545.2,0.010416666666666666,低位
20250425,parabolic_uptrend,0.7,5313,505,-7.0,-70.0,531.2,0.010309278350515464,低位
20250428,parabolic_uptrend,0.7,5307,490,-15.0,-70.0,517.2,0.01020408163265306,低位
20250429,parabolic_uptrend,0.7,5282,490,0.0,-60.0,505.2,0.020202020202020204,低位
20250430,parabolic_uptrend,0.7,5282,478,-12.0,-51.0,495.0,0.01,低位
20250506,parabolic_uptrend,0.7,5308,485,7.0,-27.0,489.6,0.019801980198019802,低位
20250507,parabolic_uptrend,0.7,5310,491,6.0,-14.0,486.8,0.049019607843137254,低位
20250508,parabolic_uptrend,0.7,5313,491,0.0,1.0,487.0,0.05825242718446602,低位
20250509,parabolic_uptrend,0.7,5314,490,-1.0,0.0,487.0,0.04807692307692308,低位
20250512,parabolic_uptrend,0.7,5314,494,4.0,16.0,490.2,0.0761904761904762,低位
20250513,parabolic_uptrend,0.7,5315,493,-1.0,8.0,491.8,0.07547169811320754,低位
20250514,parabolic_uptrend,0.7,5315,495,2.0,4.0,492.6,0.09345794392523364,低位
20250515,parabolic_uptrend,0.7,5314,496,1.0,5.0,493.6,0.10185185185185185,低位
20250516,parabolic_uptrend,0.7,5314,497,1.0,7.0,495.0,0.11009174311926606,低位
20250519,parabolic_uptrend,0.7,5309,500,3.0,6.0,496.2,0.11818181818181818,低位
20250520,parabolic_uptrend,0.7,5316,513,13.0,20.0,500.2,0.14414414414414414,低位
20250521,parabolic_uptrend,0.7,5312,525,12.0,30.0,506.2,0.15178571428571427,低位
20250522,parabolic_uptrend,0.7,5308,532,7.0,36.0,513.4,0.168141592920354,低位
20250523,parabolic_uptrend,0.7,5311,539,7.0,42.0,521.8,0.17543859649122806,低位
20250526,parabolic_uptrend,0.7,5308,546,7.0,46.0,531.0,0.1826086956521739,低位
20250527,parabolic_uptrend,0.7,5308,552,6.0,39.0,538.8,0.19827586206896552,低位
20250528,parabolic_uptrend,0.7,5307,556,4.0,31.0,545.0,0.20512820512820512,低位
20250529,parabolic_uptrend,0.7,5311,554,-2.0,22.0,549.4,0.2033898305084746,低位
20250530,parabolic_uptrend,0.7,5309,551,-3.0,12.0,551.8,0.19327731092436976,低位
20250603,parabolic_uptrend,0.7,5306,545,-6.0,-1.0,551.6,0.175,低位
20250604,parabolic_uptrend,0.7,5312,542,-3.0,-10.0,549.6,0.17355371900826447,低位
20250605,parabolic_uptrend,0.7,5312,551,9.0,-5.0,548.6,0.21311475409836064,低位
20250606,parabolic_uptrend,0.7,5315,559,8.0,5.0,549.6,0.24390243902439024,低位
20250609,parabolic_uptrend,0.7,5313,567,8.0,16.0,552.8,0.25806451612903225,低位
20250610,parabolic_uptrend,0.7,5320,577,10.0,32.0,559.2,0.272,低位
20250611,parabolic_uptrend,0.7,5322,582,5.0,40.0,567.2,0.2777777777777778,低位
20250612,parabolic_uptrend,0.7,5322,580,-2.0,29.0,573.0,0.2755905511811024,低位
20250613,parabolic_uptrend,0.7,5323,575,-5.0,16.0,576.2,0.265625,低位
20250616,parabolic_uptrend,0.7,5325,575,0.0,8.0,577.8,0.2713178294573643,低位
20250617,parabolic_uptrend,0.7,5331,581,6.0,4.0,578.6,0.2923076923076923,低位
20250618,parabolic_uptrend,0.7,5331,583,2.0,1.0,578.8,0.3053435114503817,低位
20250619,parabolic_uptrend,0.7,5330,579,-4.0,-1.0,578.6,0.2803030303030303,低位
20250620,parabolic_uptrend,0.7,5332,579,0.0,4.0,579.4,0.2857142857142857,低位
20250623,parabolic_uptrend,0.7,5327,574,-5.0,-1.0,579.2,0.2462686567164179,低位
20250624,parabolic_uptrend,0.7,5331,577,3.0,-4.0,578.4,0.2814814814814815,低位
20250625,parabolic_uptrend,0.7,5334,590,13.0,7.0,579.8,0.33088235294117646,低位
20250626,parabolic_uptrend,0.7,5336,609,19.0,30.0,585.8,0.34306569343065696,中位
20250627,parabolic_uptrend,0.7,5333,634,25.0,55.0,596.8,0.35507246376811596,中位
20250630,parabolic_uptrend,0.7,5333,653,19.0,79.0,612.6,0.3669064748201439,中位
20250701,parabolic_uptrend,0.7,5331,666,13.0,89.0,630.4,0.37857142857142856,中位
20250702,parabolic_uptrend,0.7,5330,678,12.0,88.0,648.0,0.3829787234042553,中位
20250703,parabolic_uptrend,0.7,5330,690,12.0,81.0,664.2,0.3873239436619718,中位
20250704,parabolic_uptrend,0.7,5334,697,7.0,63.0,676.8,0.3916083916083916,中位
20250707,parabolic_uptrend,0.7,5333,718,21.0,65.0,689.8,0.4027777777777778,中位
20250708,parabolic_uptrend,0.7,5333,747,29.0,81.0,706.0,0.41379310344827586,中位
20250709,parabolic_uptrend,0.7,5336,780,33.0,102.0,726.4,0.4178082191780822,中位
20250710,parabolic_uptrend,0.7,5335,805,25.0,115.0,749.4,0.42857142857142855,中位
20250711,parabolic_uptrend,0.7,5338,843,38.0,146.0,778.6,0.43243243243243246,中位
20250714,parabolic_uptrend,0.7,5337,885,42.0,167.0,812.0,0.4429530201342282,中位
20250715,parabolic_uptrend,0.7,5337,914,29.0,167.0,845.4,0.4533333333333333,中位
20250716,parabolic_uptrend,0.7,5336,944,30.0,164.0,878.2,0.45695364238410596,中位
20250717,parabolic_uptrend,0.7,5337,969,25.0,164.0,911.0,0.46710526315789475,中位
20250718,parabolic_uptrend,0.7,5336,993,24.0,150.0,941.0,0.47058823529411764,中位
20250721,parabolic_uptrend,0.7,5335,1022,29.0,137.0,968.4,0.4805194805194805,中位
20250722,parabolic_uptrend,0.7,5333,1055,33.0,141.0,996.6,0.49032258064516127,中位
20250723,parabolic_uptrend,0.7,5336,1098,43.0,154.0,1027.4,0.5,中位
20250724,parabolic_uptrend,0.7,5335,1146,48.0,177.0,1062.8,0.5159235668789809,中位
20250725,parabolic_uptrend,0.7,5337,1168,22.0,175.0,1097.8,0.5253164556962026,中位
20250728,parabolic_uptrend,0.7,5340,1201,33.0,179.0,1133.6,0.5408805031446541,中位
20250729,parabolic_uptrend,0.7,5344,1243,42.0,188.0,1171.2,0.55625,中位
20250730,parabolic_uptrend,0.7,5343,1286,43.0,188.0,1208.8,0.577639751552795,中位
20250731,parabolic_uptrend,0.7,5340,1317,31.0,171.0,1243.0,0.5987654320987654,中位
20250801,parabolic_uptrend,0.7,5343,1348,31.0,180.0,1279.0,0.6134969325153374,中位
20250804,parabolic_uptrend,0.7,5340,1388,40.0,187.0,1316.4,0.6341463414634146,中位
20250805,parabolic_uptrend,0.7,5341,1412,24.0,169.0,1350.2,0.6484848484848484,中位
20250806,parabolic_uptrend,0.7,5342,1443,31.0,157.0,1381.6,0.6566265060240963,中位
20250807,parabolic_uptrend,0.7,5342,1493,50.0,176.0,1416.8,0.6706586826347305,高位
20250808,parabolic_uptrend,0.7,5343,1535,42.0,187.0,1454.2,0.6785714285714286,高位
20250811,parabolic_uptrend,0.7,5345,1600,65.0,212.0,1496.6,0.6923076923076923,高位
20250812,parabolic_uptrend,0.7,5347,1672,72.0,260.0,1548.6,0.7,高位
20250813,parabolic_uptrend,0.7,5343,1717,45.0,274.0,1603.4,0.7192982456140351,高位
20250814,parabolic_uptrend,0.7,5344,1757,40.0,264.0,1656.2,0.7267441860465116,高位
20250815,parabolic_uptrend,0.7,5343,1794,37.0,259.0,1708.0,0.7341040462427746,高位
20250818,parabolic_uptrend,0.7,5343,1838,44.0,238.0,1755.6,0.7413793103448276,高位
20250819,parabolic_uptrend,0.7,5346,1860,22.0,188.0,1793.2,0.7428571428571429,高位
20250820,parabolic_uptrend,0.7,5344,1885,25.0,168.0,1826.8,0.75,高位
20250821,parabolic_uptrend,0.7,5347,1904,19.0,147.0,1856.2,0.751412429378531,高位
20250822,parabolic_uptrend,0.7,5348,1916,12.0,122.0,1880.6,0.7528089887640449,高位
20250825,parabolic_uptrend,0.7,5348,1927,11.0,89.0,1898.4,0.7541899441340782,高位
20250826,parabolic_uptrend,0.7,5350,1944,17.0,84.0,1915.2,0.7611111111111111,高位
20250827,parabolic_uptrend,0.7,5351,1956,12.0,71.0,1929.4,0.7679558011049724,高位
20250828,parabolic_uptrend,0.7,5351,1965,9.0,61.0,1941.6,0.7692307692307693,高位
20250829,parabolic_uptrend,0.7,5350,1957,-8.0,41.0,1949.8,0.7650273224043715,高位
20250901,parabolic_uptrend,0.7,5350,1974,17.0,47.0,1959.2,0.7717391304347826,高位
20250902,parabolic_uptrend,0.7,5351,1968,-6.0,24.0,1964.0,0.7675675675675676,高位
20250903,parabolic_uptrend,0.7,5353,1953,-15.0,-3.0,1963.4,0.7473118279569892,高位
20250904,parabolic_uptrend,0.7,5352,1940,-13.0,-25.0,1958.4,0.7272727272727273,高位
20250905,parabolic_uptrend,0.7,5354,1936,-4.0,-21.0,1954.2,0.723404255319149,高位
20250908,parabolic_uptrend,0.7,5355,1942,6.0,-32.0,1947.8,0.7301587301587301,高位
20250909,parabolic_uptrend,0.7,5356,1954,12.0,-14.0,1945.0,0.7526315789473684,高位
20250910,parabolic_uptrend,0.7,5359,1959,5.0,6.0,1946.2,0.7643979057591623,高位
20250911,parabolic_uptrend,0.7,5358,1997,38.0,57.0,1957.6,0.78125,高位
20250912,parabolic_uptrend,0.7,5361,2007,10.0,71.0,1971.8,0.7823834196891192,高位
20250915,parabolic_uptrend,0.7,5359,2018,11.0,76.0,1987.0,0.7835051546391752,高位
20250916,parabolic_uptrend,0.7,5359,2056,38.0,102.0,2007.4,0.7897435897435897,高位
20250917,parabolic_uptrend,0.7,5360,2078,22.0,119.0,2031.2,0.7908163265306123,高位
20250918,parabolic_uptrend,0.7,5360,2076,-2.0,79.0,2047.0,0.7868020304568528,高位
20250919,parabolic_uptrend,0.7,5361,2078,2.0,71.0,2061.2,0.7929292929292929,高位
20250922,parabolic_uptrend,0.7,5359,2105,27.0,87.0,2078.6,0.7989949748743719,高位
20250923,parabolic_uptrend,0.7,5364,2102,-3.0,46.0,2087.8,0.795,高位
20250924,parabolic_uptrend,0.7,5363,2120,18.0,42.0,2096.2,0.8009950248756219,高位
20250925,parabolic_uptrend,0.7,5364,2129,9.0,53.0,2106.8,0.806930693069307,高位
20250926,parabolic_uptrend,0.7,5363,2148,19.0,70.0,2120.8,0.8078817733990148,高位
20250929,parabolic_uptrend,0.7,5357,2171,23.0,66.0,2134.0,0.8088235294117647,高位
20250930,parabolic_uptrend,0.7,5358,2198,27.0,96.0,2153.2,0.8097560975609757,高位
20251009,parabolic_uptrend,0.7,5354,2252,54.0,132.0,2179.6,0.8203883495145631,高位
20251010,parabolic_uptrend,0.7,5356,2306,54.0,177.0,2215.0,0.8260869565217391,高位
20251013,parabolic_uptrend,0.7,5358,2327,21.0,179.0,2250.8,0.8269230769230769,高位
20251014,parabolic_uptrend,0.7,5358,2338,11.0,167.0,2284.2,0.8325358851674641,高位
20251015,parabolic_uptrend,0.7,5358,2354,16.0,156.0,2315.4,0.8333333333333334,高位
20251016,parabolic_uptrend,0.7,5361,2361,7.0,109.0,2337.2,0.8341232227488151,高位
20251017,parabolic_uptrend,0.7,5363,2356,-5.0,50.0,2347.2,0.8301886792452831,高位
20251020,parabolic_uptrend,0.7,5363,2360,4.0,33.0,2353.8,0.8309859154929577,高位
20251021,parabolic_uptrend,0.7,5362,2382,22.0,44.0,2362.6,0.8411214953271028,高位
20251022,parabolic_uptrend,0.7,5361,2407,25.0,53.0,2373.2,0.8418604651162791,高位
20251023,parabolic_uptrend,0.7,5363,2419,12.0,58.0,2384.8,0.8425925925925926,高位
20251024,parabolic_uptrend,0.7,5363,2449,30.0,93.0,2403.4,0.8525345622119815,高位
20251027,parabolic_uptrend,0.7,5363,2490,41.0,130.0,2429.4,0.8532110091743119,高位
20251028,parabolic_uptrend,0.7,5362,2505,15.0,123.0,2454.0,0.8584474885844748,高位
20251029,parabolic_uptrend,0.7,5362,2519,14.0,112.0,2476.4,0.8590909090909091,高位
20251030,parabolic_uptrend,0.7,5361,2522,3.0,103.0,2497.0,0.8597285067873304,高位
20251031,parabolic_uptrend,0.7,5362,2517,-5.0,68.0,2510.6,0.8513513513513513,高位
20251103,parabolic_uptrend,0.7,5362,2517,0.0,27.0,2516.0,0.852017937219731,高位
20251104,parabolic_uptrend,0.7,5364,2497,-20.0,-8.0,2514.4,0.8392857142857143,高位
20251105,parabolic_uptrend,0.7,5363,2483,-14.0,-36.0,2507.2,0.8266666666666667,高位
20251106,parabolic_uptrend,0.7,5362,2472,-11.0,-50.0,2497.2,0.8230088495575221,高位
20251107,parabolic_uptrend,0.7,5362,2438,-34.0,-79.0,2481.4,0.8149779735682819,高位
20251110,parabolic_uptrend,0.7,5365,2419,-19.0,-98.0,2461.8,0.8026315789473685,高位
20251111,parabolic_uptrend,0.7,5366,2380,-39.0,-117.0,2438.4,0.7860262008733624,高位
20251112,parabolic_uptrend,0.7,5369,2341,-39.0,-142.0,2410.0,0.7608695652173914,高位
20251113,parabolic_uptrend,0.7,5369,2317,-24.0,-155.0,2379.0,0.7445887445887446,高位
20251114,parabolic_uptrend,0.7,5368,2279,-38.0,-159.0,2347.2,0.7327586206896551,高位
20251117,parabolic_uptrend,0.7,5368,2234,-45.0,-185.0,2310.2,0.7253218884120172,高位
20251118,parabolic_uptrend,0.7,5369,2196,-38.0,-184.0,2273.4,0.7094017094017094,高位
20251119,parabolic_uptrend,0.7,5371,2144,-52.0,-197.0,2234.0,0.6978723404255319,高位
20251120,parabolic_uptrend,0.7,5372,2076,-68.0,-241.0,2185.8,0.6610169491525424,中位
20251121,parabolic_uptrend,0.7,5375,1991,-85.0,-288.0,2128.2,0.6329113924050633,中位
20251124,parabolic_uptrend,0.7,5371,1951,-40.0,-283.0,2071.6,0.5966386554621849,中位
20251125,parabolic_uptrend,0.7,5368,1935,-16.0,-261.0,2019.4,0.5690376569037657,中位
20251126,parabolic_uptrend,0.7,5365,1912,-23.0,-232.0,1973.0,0.5583333333333333,中位
20251127,parabolic_uptrend,0.7,5364,1876,-36.0,-200.0,1933.0,0.5477178423236515,中位
20251128,parabolic_uptrend,0.7,5363,1844,-32.0,-147.0,1903.6,0.5371900826446281,中位
20251201,parabolic_uptrend,0.7,5363,1822,-22.0,-129.0,1877.8,0.5308641975308642,中位
20251202,parabolic_uptrend,0.7,5367,1805,-17.0,-130.0,1851.8,0.5286885245901639,中位
20251203,parabolic_uptrend,0.7,5372,1774,-31.0,-138.0,1824.2,0.5142857142857142,中位
20251204,parabolic_uptrend,0.7,5371,1726,-48.0,-150.0,1794.2,0.5040650406504065,中位
20251205,parabolic_uptrend,0.7,5368,1696,-30.0,-148.0,1764.6,0.4939271255060729,中位
20251208,parabolic_uptrend,0.7,5371,1675,-21.0,-147.0,1735.2,0.4838709677419355,中位
20251209,parabolic_uptrend,0.7,5373,1640,-35.0,-165.0,1702.2,0.4779116465863454,中位
20251210,parabolic_uptrend,0.7,5370,1627,-13.0,-147.0,1672.8,0.472,中位
20251211,parabolic_uptrend,0.7,5374,1602,-25.0,-124.0,1648.0,0.4701195219123506,中位
20251212,parabolic_uptrend,0.7,5376,1586,-16.0,-110.0,1626.0,0.4642857142857143,中位
20251215,parabolic_uptrend,0.7,5375,1572,-14.0,-103.0,1605.4,0.45849802371541504,中位
20251216,parabolic_uptrend,0.7,5376,1535,-37.0,-105.0,1584.4,0.452755905511811,中位
20251217,parabolic_uptrend,0.7,5378,1494,-41.0,-133.0,1557.8,0.44313725490196076,中位
20251218,parabolic_uptrend,0.7,5381,1480,-14.0,-122.0,1533.4,0.43359375,中位
20251219,parabolic_uptrend,0.7,5379,1475,-5.0,-111.0,1511.2,0.43190661478599224,中位
20251222,parabolic_uptrend,0.7,5375,1454,-21.0,-118.0,1487.6,0.43023255813953487,中位
20251223,parabolic_uptrend,0.7,5377,1428,-26.0,-107.0,1466.2,0.42084942084942084,中位
20251224,parabolic_uptrend,0.7,5378,1406,-22.0,-88.0,1448.6,0.4076923076923077,中位
20251225,parabolic_uptrend,0.7,5380,1393,-13.0,-87.0,1431.2,0.40229885057471265,中位
20251226,parabolic_uptrend,0.7,5379,1367,-26.0,-108.0,1409.6,0.3931297709923664,中位
20251229,parabolic_uptrend,0.7,5381,1351,-16.0,-103.0,1389.0,0.3840304182509506,中位
20251230,parabolic_uptrend,0.7,5380,1329,-22.0,-99.0,1369.2,0.375,中位
20251231,parabolic_uptrend,0.7,5380,1310,-19.0,-96.0,1350.0,0.3622641509433962,中位
20260105,parabolic_uptrend,0.7,5379,1285,-25.0,-108.0,1328.4,0.34962406015037595,中位
20260106,parabolic_uptrend,0.7,5380,1276,-9.0,-91.0,1310.2,0.34831460674157305,中位
20260107,parabolic_uptrend,0.7,5383,1260,-16.0,-91.0,1292.0,0.34328358208955223,中位
20260108,parabolic_uptrend,0.7,5383,1253,-7.0,-76.0,1276.8,0.3382899628252788,中位
20260109,parabolic_uptrend,0.7,5383,1245,-8.0,-65.0,1263.8,0.3333333333333333,低位
20260112,parabolic_uptrend,0.7,5383,1239,-6.0,-46.0,1254.6,0.3284132841328413,低位
20260113,parabolic_uptrend,0.7,5376,1220,-19.0,-56.0,1243.4,0.3235294117647059,低位
20260114,parabolic_uptrend,0.7,5378,1214,-6.0,-46.0,1234.2,0.32234432234432236,低位
20260115,parabolic_uptrend,0.7,5380,1208,-6.0,-45.0,1225.2,0.3175182481751825,低位
20260116,parabolic_uptrend,0.7,5382,1209,1.0,-36.0,1218.0,0.32,低位
20260119,parabolic_uptrend,0.7,5383,1206,-3.0,-33.0,1211.4,0.31521739130434784,低位
20260120,parabolic_uptrend,0.7,5390,1212,6.0,-8.0,1209.8,0.3285198555956679,低位
20260121,parabolic_uptrend,0.7,5387,1194,-18.0,-20.0,1205.8,0.30935251798561153,低位
20260122,parabolic_uptrend,0.7,5388,1185,-9.0,-23.0,1201.2,0.3046594982078853,低位
20260123,parabolic_uptrend,0.7,5389,1194,9.0,-15.0,1198.2,0.3142857142857143,低位
20260126,parabolic_uptrend,0.7,5387,1189,-5.0,-17.0,1194.8,0.30604982206405695,低位
20260127,parabolic_uptrend,0.7,5387,1174,-15.0,-38.0,1187.2,0.30141843971631205,低位
20260128,parabolic_uptrend,0.7,5386,1168,-6.0,-26.0,1182.0,0.2968197879858657,低位
20260129,parabolic_uptrend,0.7,5387,1158,-10.0,-27.0,1176.6,0.29225352112676056,低位
20260130,parabolic_uptrend,0.7,5384,1146,-12.0,-48.0,1167.0,0.28771929824561404,低位
20260202,parabolic_uptrend,0.7,5387,1111,-35.0,-78.0,1151.4,0.2762237762237762,低位
20260203,parabolic_uptrend,0.7,5387,1107,-4.0,-67.0,1138.0,0.27526132404181186,低位
20260204,parabolic_uptrend,0.7,5390,1109,2.0,-59.0,1126.2,0.2777777777777778,低位
20260205,parabolic_uptrend,0.7,5388,1106,-3.0,-52.0,1115.8,0.27335640138408307,低位
20260206,parabolic_uptrend,0.7,5387,1116,10.0,-30.0,1109.8,0.28620689655172415,低位
20260209,parabolic_uptrend,0.7,5387,1123,7.0,12.0,1112.2,0.2920962199312715,低位
20260210,parabolic_uptrend,0.7,5391,1137,14.0,30.0,1118.2,0.2979452054794521,低位
20260211,parabolic_uptrend,0.7,5390,1156,19.0,47.0,1127.6,0.310580204778157,低位
20260212,parabolic_uptrend,0.7,5395,1165,9.0,59.0,1139.4,0.3163265306122449,低位
20260213,parabolic_uptrend,0.7,5393,1165,0.0,49.0,1149.2,0.31864406779661014,低位
20260224,parabolic_uptrend,0.7,5394,1169,4.0,46.0,1158.4,0.3277027027027027,低位
20260225,parabolic_uptrend,0.7,5391,1179,10.0,42.0,1166.8,0.3367003367003367,中位
20260226,parabolic_uptrend,0.7,5390,1187,8.0,31.0,1173.0,0.3422818791946309,中位
20260227,parabolic_uptrend,0.7,5391,1207,20.0,42.0,1181.4,0.36454849498327757,中位
20260302,parabolic_uptrend,0.7,5390,1209,2.0,44.0,1190.2,0.37333333333333335,中位
20260303,parabolic_uptrend,0.7,5391,1205,-4.0,36.0,1197.4,0.3588039867109635,中位
20260304,parabolic_uptrend,0.7,5392,1195,-10.0,16.0,1200.6,0.3543046357615894,中位
20260305,parabolic_uptrend,0.7,5393,1183,-12.0,-4.0,1199.8,0.3333333333333333,低位
20260306,parabolic_uptrend,0.7,5394,1189,6.0,-18.0,1196.2,0.34539473684210525,中位
20260309,parabolic_uptrend,0.7,5397,1193,4.0,-16.0,1193.0,0.35081967213114756,中位
20260310,parabolic_uptrend,0.7,5396,1202,9.0,-3.0,1192.4,0.3660130718954248,中位
20260311,parabolic_uptrend,0.7,5399,1209,7.0,14.0,1195.2,0.38762214983713356,中位
20260312,parabolic_uptrend,0.7,5399,1216,7.0,33.0,1201.8,0.39935064935064934,中位
20260313,parabolic_uptrend,0.7,5398,1216,0.0,27.0,1207.2,0.40129449838187703,中位
20260316,parabolic_uptrend,0.7,5398,1217,1.0,24.0,1212.0,0.4032258064516129,中位
20260317,parabolic_uptrend,0.7,5396,1200,-17.0,-2.0,1211.6,0.35691318327974275,中位
20260318,parabolic_uptrend,0.7,5396,1199,-1.0,-10.0,1209.6,0.3557692307692308,中位
20260319,parabolic_uptrend,0.7,5396,1186,-13.0,-30.0,1203.6,0.329073482428115,低位
20260320,parabolic_uptrend,0.7,5397,1165,-21.0,-51.0,1193.4,0.30254777070063693,低位
20260323,parabolic_uptrend,0.7,5401,1125,-40.0,-92.0,1175.0,0.2761904761904762,低位
20260324,parabolic_uptrend,0.7,5399,1103,-22.0,-97.0,1155.6,0.25,低位
20260325,parabolic_uptrend,0.7,5398,1101,-2.0,-98.0,1136.0,0.24921135646687698,低位
20260326,parabolic_uptrend,0.7,5397,1086,-15.0,-100.0,1116.0,0.24528301886792453,低位
20260327,parabolic_uptrend,0.7,5393,1084,-2.0,-81.0,1099.8,0.2445141065830721,低位
20260330,parabolic_uptrend,0.7,5391,1088,4.0,-37.0,1092.4,0.25,低位
20260331,parabolic_uptrend,0.7,5395,1088,0.0,-15.0,1089.4,0.2523364485981308,低位
20260401,parabolic_uptrend,0.7,5397,1090,2.0,-11.0,1087.2,0.2546583850931677,低位
20260402,parabolic_uptrend,0.7,5397,1074,-16.0,-12.0,1084.8,0.23839009287925697,低位
20260403,parabolic_uptrend,0.7,5398,1063,-11.0,-21.0,1080.6,0.23765432098765432,低位
20260407,parabolic_uptrend,0.7,5397,1069,6.0,-19.0,1076.8,0.24,低位
20260408,parabolic_uptrend,0.7,5401,1062,-7.0,-26.0,1071.6,0.2361963190184049,低位
20260409,parabolic_uptrend,0.7,5404,1065,3.0,-25.0,1066.6,0.2415902140672783,低位
20260410,parabolic_uptrend,0.7,5405,1073,8.0,-1.0,1066.4,0.24695121951219512,低位
20260413,parabolic_uptrend,0.7,5404,1084,11.0,21.0,1070.6,0.25835866261398177,低位
20260414,parabolic_uptrend,0.7,5406,1103,19.0,34.0,1077.4,0.2818181818181818,低位
20260415,parabolic_uptrend,0.7,5405,1102,-1.0,40.0,1085.4,0.27794561933534745,低位
20260416,parabolic_uptrend,0.7,5406,1099,-3.0,34.0,1092.2,0.2740963855421687,低位
20260417,parabolic_uptrend,0.7,5404,1089,-10.0,16.0,1095.4,0.2672672672672673,低位
20260420,parabolic_uptrend,0.7,5399,1094,5.0,10.0,1097.4,0.27245508982035926,低位
20260421,parabolic_uptrend,0.7,5403,1087,-7.0,-16.0,1094.2,0.25970149253731345,低位
20260422,parabolic_uptrend,0.7,5402,1080,-7.0,-22.0,1089.8,0.24702380952380953,低位
20260423,parabolic_uptrend,0.7,5400,1067,-13.0,-32.0,1083.4,0.23738872403560832,低位
20260424,parabolic_uptrend,0.7,5400,1051,-16.0,-38.0,1075.8,0.22485207100591717,低位
20260427,parabolic_uptrend,0.7,5398,1046,-5.0,-48.0,1066.2,0.22123893805309736,低位
20260428,parabolic_uptrend,0.7,5391,1031,-15.0,-56.0,1055.0,0.22058823529411764,低位
20260429,parabolic_uptrend,0.7,5365,1013,-18.0,-67.0,1041.6,0.21700879765395895,低位
20260430,parabolic_uptrend,0.7,5362,1008,-5.0,-59.0,1029.8,0.21637426900584794,低位
20260506,parabolic_uptrend,0.7,5392,1012,4.0,-39.0,1022.0,0.21865889212827988,低位
20260507,parabolic_uptrend,0.7,5394,997,-15.0,-49.0,1012.2,0.21220930232558138,低位
20260508,parabolic_uptrend,0.7,5392,981,-16.0,-50.0,1002.2,0.20869565217391303,低位
20260511,parabolic_uptrend,0.7,5390,976,-5.0,-37.0,994.8,0.20809248554913296,低位
20260512,parabolic_uptrend,0.7,5390,971,-5.0,-37.0,987.4,0.207492795389049,低位
20260513,parabolic_uptrend,0.7,5394,955,-16.0,-57.0,976.0,0.20114942528735633,低位
20260514,parabolic_uptrend,0.7,5394,945,-10.0,-52.0,965.6,0.20057306590257878,低位
20260515,parabolic_uptrend,0.7,5395,913,-32.0,-68.0,952.0,0.19142857142857142,低位
20260518,parabolic_uptrend,0.7,5397,900,-13.0,-76.0,936.8,0.1908831908831909,低位
20260519,parabolic_uptrend,0.7,5393,877,-23.0,-94.0,918.0,0.1875,低位
20260520,parabolic_uptrend,0.7,5397,874,-3.0,-81.0,901.8,0.18696883852691218,低位
20260521,parabolic_uptrend,0.7,5400,862,-12.0,-83.0,885.2,0.18361581920903955,低位
20260522,parabolic_uptrend,0.7,5399,850,-12.0,-63.0,872.6,0.18309859154929578,低位
20260525,parabolic_uptrend,0.7,5399,843,-7.0,-57.0,861.2,0.18258426966292135,低位
20260526,parabolic_uptrend,0.7,5400,838,-5.0,-39.0,853.4,0.1792717086834734,低位
20260527,parabolic_uptrend,0.7,5400,822,-16.0,-52.0,843.0,0.1787709497206704,低位
20260528,parabolic_uptrend,0.7,5401,814,-8.0,-48.0,833.4,0.17827298050139276,低位
20260529,parabolic_uptrend,0.7,5400,806,-8.0,-44.0,824.6,0.17777777777777778,低位
20260601,parabolic_uptrend,0.7,5405,799,-7.0,-44.0,815.8,0.1745152354570637,低位
20260602,parabolic_uptrend,0.7,5405,794,-5.0,-44.0,807.0,0.17403314917127072,低位
20260603,parabolic_uptrend,0.7,5409,783,-11.0,-39.0,799.2,0.17079889807162535,低位
20260604,parabolic_uptrend,0.7,5410,777,-6.0,-37.0,791.8,0.16758241758241757,低位
20260605,parabolic_uptrend,0.7,5412,786,9.0,-20.0,787.8,0.17534246575342466,低位
20260608,parabolic_uptrend,0.7,5413,779,-7.0,-20.0,783.8,0.16939890710382513,低位
20260609,parabolic_uptrend,0.7,5412,786,7.0,-8.0,782.2,0.17983651226158037,低位
20260610,parabolic_uptrend,0.7,5409,786,0.0,3.0,782.8,0.18206521739130435,低位
20260611,parabolic_uptrend,0.7,5407,777,-9.0,0.0,782.8,0.16802168021680217,低位
20260612,parabolic_uptrend,0.7,5409,777,0.0,-9.0,781.0,0.17027027027027028,低位
20260615,parabolic_uptrend,0.7,5405,774,-3.0,-5.0,780.0,0.16442048517520216,低位
20260616,parabolic_uptrend,0.7,5410,781,7.0,-5.0,779.0,0.18010752688172044,低位
20260617,parabolic_uptrend,0.7,5406,790,9.0,4.0,779.8,0.19571045576407506,低位
20260618,parabolic_uptrend,0.7,5406,802,12.0,25.0,784.8,0.20320855614973263,低位
20260622,parabolic_uptrend,0.7,5409,807,5.0,30.0,790.8,0.21066666666666667,低位
20260623,parabolic_uptrend,0.7,5413,813,6.0,39.0,798.6,0.2127659574468085,低位
20260624,parabolic_uptrend,0.7,5411,811,-2.0,30.0,804.6,0.21220159151193635,低位
20260625,parabolic_uptrend,0.7,5414,813,2.0,23.0,809.2,0.21693121693121692,低位
20260626,parabolic_uptrend,0.7,5415,816,3.0,14.0,812.0,0.22163588390501318,低位
20260629,parabolic_uptrend,0.7,5411,815,-1.0,8.0,813.6,0.22105263157894736,低位
20260630,parabolic_uptrend,0.7,5408,814,-1.0,1.0,813.8,0.2204724409448819,低位
20260701,parabolic_uptrend,0.7,5412,808,-6.0,-3.0,813.2,0.2094240837696335,低位
20260702,parabolic_uptrend,0.7,5416,796,-12.0,-17.0,809.8,0.195822454308094,低位
20260703,parabolic_uptrend,0.7,5416,789,-7.0,-27.0,804.4,0.19010416666666666,低位
20260706,parabolic_uptrend,0.7,5418,781,-8.0,-34.0,797.6,0.17662337662337663,低位
20260707,parabolic_uptrend,0.7,5420,761,-20.0,-53.0,787.0,0.15803108808290156,低位
20260708,parabolic_uptrend,0.7,5420,745,-16.0,-63.0,774.4,0.15503875968992248,低位
20260709,parabolic_uptrend,0.7,5421,742,-3.0,-54.0,763.6,0.15463917525773196,低位
20260710,parabolic_uptrend,0.7,5420,734,-8.0,-55.0,752.6,0.15167095115681234,低位
20260713,parabolic_uptrend,0.7,5423,714,-20.0,-67.0,739.2,0.14871794871794872,低位
20260714,parabolic_uptrend,0.7,5423,707,-7.0,-54.0,728.4,0.1483375959079284,低位
20260715,parabolic_uptrend,0.7,5424,692,-15.0,-53.0,717.8,0.14285714285714285,低位
20260716,parabolic_uptrend,0.7,5425,689,-3.0,-53.0,707.2,0.13994910941475827,低位
20260717,parabolic_uptrend,0.7,5423,643,-46.0,-91.0,689.0,0.12944162436548223,低位
20260720,parabolic_uptrend,0.7,5425,614,-29.0,-100.0,669.0,0.12151898734177215,低位
20260721,parabolic_uptrend,0.7,5426,583,-31.0,-124.0,644.2,0.11363636363636363,低位
20260722,parabolic_uptrend,0.7,5426,566,-17.0,-126.0,619.0,0.08060453400503778,低位
20260723,parabolic_uptrend,0.7,5427,545,-21.0,-144.0,590.2,0.05778894472361809,低位
20260724,parabolic_uptrend,0.7,5426,522,-23.0,-121.0,566.0,0.042606516290726815,低位
20260727,parabolic_uptrend,0.7,5422,505,-17.0,-109.0,544.2,0.0375,低位
20260728,parabolic_uptrend,0.7,5423,489,-16.0,-94.0,525.4,0.007481296758104738,低位
20260729,parabolic_uptrend,0.7,5422,472,-17.0,-94.0,506.6,0.0024875621890547263,低位
20241202,pullback_strengthening,0.7,5334,3476,,,3476.0,1.0,高位
20241203,pullback_strengthening,0.7,5334,3357,-119.0,,3416.5,0.5,中位
20241204,pullback_strengthening,0.7,5333,3113,-244.0,,3315.3333333333335,0.3333333333333333,低位
20241205,pullback_strengthening,0.7,5336,2840,-273.0,,3196.5,0.25,低位
20241206,pullback_strengthening,0.7,5334,2648,-192.0,,3086.8,0.2,低位
20241209,pullback_strengthening,0.7,5333,2451,-197.0,-1025.0,2881.8,0.16666666666666666,低位
20241210,pullback_strengthening,0.7,5336,2267,-184.0,-1090.0,2663.8,0.14285714285714285,低位
20241211,pullback_strengthening,0.7,5336,2085,-182.0,-1028.0,2458.2,0.125,低位
20241212,pullback_strengthening,0.7,5337,1951,-134.0,-889.0,2280.4,0.1111111111111111,低位
20241213,pullback_strengthening,0.7,5336,1863,-88.0,-785.0,2123.4,0.1,低位
20241216,pullback_strengthening,0.7,5340,1794,-69.0,-657.0,1992.0,0.09090909090909091,低位
20241217,pullback_strengthening,0.7,5338,1609,-185.0,-658.0,1860.4,0.08333333333333333,低位
20241218,pullback_strengthening,0.7,5341,1490,-119.0,-595.0,1741.4,0.07692307692307693,低位
20241219,pullback_strengthening,0.7,5340,1430,-60.0,-521.0,1637.2,0.07142857142857142,低位
20241220,pullback_strengthening,0.7,5344,1405,-25.0,-458.0,1545.6,0.06666666666666667,低位
20241223,pullback_strengthening,0.7,5342,1335,-70.0,-459.0,1453.8,0.0625,低位
20241224,pullback_strengthening,0.7,5341,1440,105.0,-169.0,1420.0,0.23529411764705882,低位
20241225,pullback_strengthening,0.7,5338,1326,-114.0,-164.0,1387.2,0.05555555555555555,低位
20241226,pullback_strengthening,0.7,5343,1226,-100.0,-204.0,1346.4,0.05263157894736842,低位
20241227,pullback_strengthening,0.7,5341,1156,-70.0,-249.0,1296.6,0.05,低位
20241230,pullback_strengthening,0.7,5337,1067,-89.0,-268.0,1243.0,0.047619047619047616,低位
20241231,pullback_strengthening,0.7,5341,927,-140.0,-513.0,1140.4,0.045454545454545456,低位
20250102,pullback_strengthening,0.7,5340,848,-79.0,-478.0,1044.8,0.043478260869565216,低位
20250103,pullback_strengthening,0.7,5341,738,-110.0,-488.0,947.2,0.041666666666666664,低位
20250106,pullback_strengthening,0.7,5339,624,-114.0,-532.0,840.8,0.04,低位
20250107,pullback_strengthening,0.7,5342,570,-54.0,-497.0,741.4,0.038461538461538464,低位
20250108,pullback_strengthening,0.7,5342,529,-41.0,-398.0,661.8,0.037037037037037035,低位
20250109,pullback_strengthening,0.7,5345,473,-56.0,-375.0,586.8,0.03571428571428571,低位
20250110,pullback_strengthening,0.7,5345,408,-65.0,-330.0,520.8,0.034482758620689655,低位
20250113,pullback_strengthening,0.7,5344,362,-46.0,-262.0,468.4,0.03333333333333333,低位
20250114,pullback_strengthening,0.7,5349,342,-20.0,-228.0,422.8,0.03225806451612903,低位
20250115,pullback_strengthening,0.7,5349,330,-12.0,-199.0,383.0,0.03125,低位
20250116,pullback_strengthening,0.7,5351,304,-26.0,-169.0,349.2,0.030303030303030304,低位
20250117,pullback_strengthening,0.7,5350,293,-11.0,-115.0,326.2,0.029411764705882353,低位
20250120,pullback_strengthening,0.7,5349,263,-30.0,-99.0,306.4,0.02857142857142857,低位
20250121,pullback_strengthening,0.7,5351,244,-19.0,-98.0,286.8,0.027777777777777776,低位
20250122,pullback_strengthening,0.7,5353,238,-6.0,-92.0,268.4,0.02702702702702703,低位
20250123,pullback_strengthening,0.7,5355,230,-8.0,-74.0,253.6,0.02631578947368421,低位
20250124,pullback_strengthening,0.7,5352,228,-2.0,-65.0,240.6,0.02564102564102564,低位
20250127,pullback_strengthening,0.7,5352,222,-6.0,-41.0,232.4,0.025,低位
20250205,pullback_strengthening,0.7,5354,221,-1.0,-23.0,227.8,0.024390243902439025,低位
20250206,pullback_strengthening,0.7,5354,216,-5.0,-22.0,223.4,0.023809523809523808,低位
20250207,pullback_strengthening,0.7,5355,215,-1.0,-15.0,220.4,0.023255813953488372,低位
20250210,pullback_strengthening,0.7,5356,213,-2.0,-15.0,217.4,0.022727272727272728,低位
20250211,pullback_strengthening,0.7,5355,219,6.0,-3.0,216.8,0.08888888888888889,低位
20250212,pullback_strengthening,0.7,5356,220,1.0,-1.0,216.6,0.10869565217391304,低位
20250213,pullback_strengthening,0.7,5358,214,-6.0,-2.0,216.2,0.0425531914893617,低位
20250214,pullback_strengthening,0.7,5357,211,-3.0,-4.0,215.4,0.020833333333333332,低位
20250217,pullback_strengthening,0.7,5362,220,9.0,7.0,216.8,0.16326530612244897,低位
20250218,pullback_strengthening,0.7,5361,220,0.0,1.0,217.0,0.18,低位
20250219,pullback_strengthening,0.7,5362,232,12.0,12.0,219.4,0.27450980392156865,低位
20250220,pullback_strengthening,0.7,5361,239,7.0,25.0,224.4,0.3076923076923077,低位
20250221,pullback_strengthening,0.7,5363,239,0.0,28.0,230.0,0.32075471698113206,低位
20250224,pullback_strengthening,0.7,5362,255,16.0,35.0,237.0,0.35185185185185186,中位
20250225,pullback_strengthening,0.7,5360,264,9.0,44.0,245.8,0.38181818181818183,中位
20250226,pullback_strengthening,0.7,5361,280,16.0,48.0,255.4,0.39285714285714285,中位
20250227,pullback_strengthening,0.7,5360,304,24.0,65.0,268.4,0.43859649122807015,中位
20250228,pullback_strengthening,0.7,5362,318,14.0,79.0,284.2,0.4482758620689655,中位
20250303,pullback_strengthening,0.7,5359,336,18.0,81.0,300.4,0.4745762711864407,中位
20250304,pullback_strengthening,0.7,5359,377,41.0,113.0,323.0,0.5166666666666667,中位
20250305,pullback_strengthening,0.7,5358,444,67.0,164.0,355.8,0.5409836065573771,中位
20250306,pullback_strengthening,0.7,5357,537,93.0,233.0,402.4,0.5806451612903226,中位
20250307,pullback_strengthening,0.7,5359,665,128.0,347.0,471.8,0.6190476190476191,中位
20250310,pullback_strengthening,0.7,5359,809,144.0,473.0,566.4,0.640625,中位
20250311,pullback_strengthening,0.7,5360,1016,207.0,639.0,694.2,0.676923076923077,高位
20250312,pullback_strengthening,0.7,5359,1229,213.0,785.0,851.2,0.7272727272727273,高位
20250313,pullback_strengthening,0.7,5362,1368,139.0,831.0,1017.4,0.7611940298507462,高位
20250314,pullback_strengthening,0.7,5362,1520,152.0,855.0,1188.4,0.8235294117647058,高位
20250317,pullback_strengthening,0.7,5359,1771,251.0,962.0,1380.8,0.8405797101449275,高位
20250318,pullback_strengthening,0.7,5365,2045,274.0,1029.0,1586.6,0.8857142857142857,高位
20250319,pullback_strengthening,0.7,5362,2176,131.0,947.0,1776.0,0.9014084507042254,高位
20250320,pullback_strengthening,0.7,5363,2311,135.0,943.0,1964.6,0.9166666666666666,高位
20250321,pullback_strengthening,0.7,5364,2337,26.0,817.0,2128.0,0.9178082191780822,高位
20250324,pullback_strengthening,0.7,5363,2439,102.0,668.0,2261.6,0.918918918918919,高位
20250325,pullback_strengthening,0.7,5366,2509,70.0,464.0,2354.4,0.9333333333333333,高位
20250326,pullback_strengthening,0.7,5367,2560,51.0,384.0,2431.2,0.9342105263157895,高位
20250327,pullback_strengthening,0.7,5367,2517,-43.0,206.0,2472.4,0.922077922077922,高位
20250328,pullback_strengthening,0.7,5367,2384,-133.0,47.0,2481.8,0.8717948717948718,高位
20250331,pullback_strengthening,0.7,5369,2201,-183.0,-238.0,2434.2,0.8227848101265823,高位
20250401,pullback_strengthening,0.7,5368,2071,-130.0,-438.0,2346.6,0.7875,高位
20250402,pullback_strengthening,0.7,5369,1968,-103.0,-592.0,2228.2,0.7654320987654321,高位
20250403,pullback_strengthening,0.7,5368,1807,-161.0,-710.0,2086.2,0.7317073170731707,高位
20250407,pullback_strengthening,0.7,5368,1215,-592.0,-1169.0,1852.4,0.5662650602409639,中位
20250408,pullback_strengthening,0.7,5368,901,-314.0,-1300.0,1592.4,0.5119047619047619,中位
20250409,pullback_strengthening,0.7,5370,797,-104.0,-1274.0,1337.6,0.4823529411764706,中位
20250410,pullback_strengthening,0.7,5372,744,-53.0,-1224.0,1092.8,0.47674418604651164,中位
20250411,pullback_strengthening,0.7,5370,672,-72.0,-1135.0,865.8,0.45977011494252873,中位
20250414,pullback_strengthening,0.7,5369,638,-34.0,-577.0,750.4,0.4431818181818182,中位
20250415,pullback_strengthening,0.7,5366,602,-36.0,-299.0,690.6,0.42696629213483145,中位
20250416,pullback_strengthening,0.7,5369,561,-41.0,-236.0,643.4,0.4111111111111111,中位
20250417,pullback_strengthening,0.7,5370,525,-36.0,-219.0,599.6,0.38461538461538464,中位
20250418,pullback_strengthening,0.7,5370,470,-55.0,-202.0,559.2,0.3695652173913043,中位
20250421,pullback_strengthening,0.7,5370,438,-32.0,-200.0,519.2,0.3548387096774194,中位
20250422,pullback_strengthening,0.7,5370,436,-2.0,-166.0,486.0,0.35106382978723405,中位
20250423,pullback_strengthening,0.7,5372,412,-24.0,-149.0,456.2,0.3473684210526316,中位
20250424,pullback_strengthening,0.7,5371,388,-24.0,-137.0,428.8,0.3333333333333333,低位
20250425,pullback_strengthening,0.7,5369,373,-15.0,-97.0,409.4,0.31958762886597936,低位
20250428,pullback_strengthening,0.7,5363,353,-20.0,-85.0,392.4,0.30612244897959184,低位
20250429,pullback_strengthening,0.7,5337,344,-9.0,-92.0,374.0,0.30303030303030304,低位
20250430,pullback_strengthening,0.7,5336,338,-6.0,-74.0,359.2,0.29,低位
20250506,pullback_strengthening,0.7,5362,346,8.0,-42.0,350.8,0.31683168316831684,低位
20250507,pullback_strengthening,0.7,5364,338,-8.0,-35.0,343.8,0.29411764705882354,低位
20250508,pullback_strengthening,0.7,5365,347,9.0,-6.0,342.6,0.3300970873786408,低位
20250509,pullback_strengthening,0.7,5365,345,-2.0,1.0,342.8,0.3173076923076923,低位
20250512,pullback_strengthening,0.7,5365,355,10.0,17.0,346.2,0.3523809523809524,中位
20250513,pullback_strengthening,0.7,5366,353,-2.0,7.0,347.6,0.3490566037735849,中位
20250514,pullback_strengthening,0.7,5366,355,2.0,17.0,351.0,0.3644859813084112,中位
20250515,pullback_strengthening,0.7,5365,345,-10.0,-2.0,350.6,0.3148148148148148,低位
20250516,pullback_strengthening,0.7,5364,346,1.0,1.0,350.8,0.3302752293577982,低位
20250519,pullback_strengthening,0.7,5359,352,6.0,-3.0,350.2,0.34545454545454546,中位
20250520,pullback_strengthening,0.7,5365,369,17.0,16.0,353.4,0.3963963963963964,中位
20250521,pullback_strengthening,0.7,5361,365,-4.0,10.0,355.4,0.39285714285714285,中位
20250522,pullback_strengthening,0.7,5358,361,-4.0,16.0,358.6,0.3805309734513274,中位
20250523,pullback_strengthening,0.7,5362,373,12.0,27.0,364.0,0.42105263157894735,中位
20250526,pullback_strengthening,0.7,5359,382,9.0,30.0,370.0,0.43478260869565216,中位
20250527,pullback_strengthening,0.7,5359,393,11.0,24.0,374.8,0.4482758620689655,中位
20250528,pullback_strengthening,0.7,5357,399,6.0,34.0,381.6,0.452991452991453,中位
20250529,pullback_strengthening,0.7,5359,420,21.0,59.0,393.4,0.4745762711864407,中位
20250530,pullback_strengthening,0.7,5359,464,44.0,91.0,411.6,0.5042016806722689,中位
20250603,pullback_strengthening,0.7,5355,512,48.0,130.0,437.6,0.525,中位
20250604,pullback_strengthening,0.7,5361,565,53.0,172.0,472.0,0.5619834710743802,中位
20250605,pullback_strengthening,0.7,5361,593,28.0,194.0,510.8,0.5737704918032787,中位
20250606,pullback_strengthening,0.7,5364,658,65.0,238.0,558.4,0.6016260162601627,中位
20250609,pullback_strengthening,0.7,5361,747,89.0,283.0,615.0,0.6370967741935484,中位
20250610,pullback_strengthening,0.7,5369,873,126.0,361.0,687.2,0.664,中位
20250611,pullback_strengthening,0.7,5372,985,112.0,420.0,771.2,0.6825396825396826,高位
20250612,pullback_strengthening,0.7,5372,1095,110.0,502.0,871.6,0.7007874015748031,高位
20250613,pullback_strengthening,0.7,5373,1173,78.0,515.0,974.6,0.7109375,高位
20250616,pullback_strengthening,0.7,5376,1248,75.0,501.0,1074.8,0.7364341085271318,高位
20250617,pullback_strengthening,0.7,5382,1360,112.0,487.0,1172.2,0.7538461538461538,高位
20250618,pullback_strengthening,0.7,5384,1425,65.0,440.0,1260.2,0.7709923664122137,高位
20250619,pullback_strengthening,0.7,5384,1466,41.0,371.0,1334.4,0.7878787878787878,高位
20250620,pullback_strengthening,0.7,5384,1508,42.0,335.0,1401.4,0.7969924812030075,高位
20250623,pullback_strengthening,0.7,5379,1560,52.0,312.0,1463.8,0.8059701492537313,高位
20250624,pullback_strengthening,0.7,5384,1689,129.0,329.0,1529.6,0.8148148148148148,高位
20250625,pullback_strengthening,0.7,5385,1821,132.0,396.0,1608.8,0.8382352941176471,高位
20250626,pullback_strengthening,0.7,5387,1867,46.0,401.0,1689.0,0.8467153284671532,高位
20250627,pullback_strengthening,0.7,5383,1815,-52.0,307.0,1750.4,0.8260869565217391,高位
20250630,pullback_strengthening,0.7,5384,1780,-35.0,220.0,1794.4,0.8057553956834532,高位
20250701,pullback_strengthening,0.7,5382,1741,-39.0,52.0,1804.8,0.7928571428571428,高位
20250702,pullback_strengthening,0.7,5382,1694,-47.0,-127.0,1779.4,0.7872340425531915,高位
20250703,pullback_strengthening,0.7,5382,1649,-45.0,-218.0,1735.8,0.7746478873239436,高位
20250704,pullback_strengthening,0.7,5385,1623,-26.0,-192.0,1697.4,0.7692307692307693,高位
20250707,pullback_strengthening,0.7,5384,1615,-8.0,-165.0,1664.4,0.7638888888888888,高位
20250708,pullback_strengthening,0.7,5384,1627,12.0,-114.0,1641.6,0.7724137931034483,高位
20250709,pullback_strengthening,0.7,5387,1577,-50.0,-117.0,1618.2,0.7465753424657534,高位
20250710,pullback_strengthening,0.7,5386,1549,-28.0,-100.0,1598.2,0.7346938775510204,高位
20250711,pullback_strengthening,0.7,5389,1560,11.0,-63.0,1585.6,0.7432432432432432,高位
20250714,pullback_strengthening,0.7,5388,1539,-21.0,-76.0,1570.4,0.7248322147651006,高位
20250715,pullback_strengthening,0.7,5390,1522,-17.0,-105.0,1549.4,0.72,高位
20250716,pullback_strengthening,0.7,5389,1478,-44.0,-99.0,1529.6,0.695364238410596,高位
20250717,pullback_strengthening,0.7,5389,1452,-26.0,-97.0,1510.2,0.6842105263157895,高位
20250718,pullback_strengthening,0.7,5388,1479,27.0,-81.0,1494.0,0.6993464052287581,高位
20250721,pullback_strengthening,0.7,5386,1523,44.0,-16.0,1490.8,0.7272727272727273,高位
20250722,pullback_strengthening,0.7,5384,1576,53.0,54.0,1501.6,0.7548387096774194,高位
20250723,pullback_strengthening,0.7,5386,1586,10.0,108.0,1523.2,0.7628205128205128,高位
20250724,pullback_strengthening,0.7,5385,1647,61.0,195.0,1562.2,0.7898089171974523,高位
20250725,pullback_strengthening,0.7,5387,1759,112.0,280.0,1618.2,0.8164556962025317,高位
20250728,pullback_strengthening,0.7,5388,1887,128.0,364.0,1691.0,0.8679245283018868,高位
20250729,pullback_strengthening,0.7,5393,2034,147.0,458.0,1782.6,0.88125,高位
20250730,pullback_strengthening,0.7,5392,2110,76.0,524.0,1887.4,0.9006211180124224,高位
20250731,pullback_strengthening,0.7,5388,2153,43.0,506.0,1988.6,0.9012345679012346,高位
20250801,pullback_strengthening,0.7,5391,2226,73.0,467.0,2082.0,0.9141104294478528,高位
20250804,pullback_strengthening,0.7,5390,2341,115.0,454.0,2172.8,0.9329268292682927,高位
20250805,pullback_strengthening,0.7,5391,2427,86.0,393.0,2251.4,0.9393939393939394,高位
20250806,pullback_strengthening,0.7,5392,2549,122.0,439.0,2339.2,0.963855421686747,高位
20250807,pullback_strengthening,0.7,5391,2632,83.0,479.0,2435.0,0.9700598802395209,高位
20250808,pullback_strengthening,0.7,5391,2681,49.0,455.0,2526.0,0.9761904761904762,高位
20250811,pullback_strengthening,0.7,5393,2716,35.0,375.0,2601.0,0.9763313609467456,高位
20250812,pullback_strengthening,0.7,5395,2735,19.0,308.0,2662.6,0.9764705882352941,高位
20250813,pullback_strengthening,0.7,5391,2697,-38.0,148.0,2692.2,0.9649122807017544,高位
20250814,pullback_strengthening,0.7,5392,2659,-38.0,27.0,2697.6,0.9534883720930233,高位
20250815,pullback_strengthening,0.7,5391,2703,44.0,22.0,2702.0,0.9653179190751445,高位
20250818,pullback_strengthening,0.7,5389,2713,10.0,-3.0,2701.4,0.9655172413793104,高位
20250819,pullback_strengthening,0.7,5392,2725,12.0,-10.0,2699.4,0.9714285714285714,高位
20250820,pullback_strengthening,0.7,5391,2746,21.0,49.0,2709.2,0.9772727272727273,高位
20250821,pullback_strengthening,0.7,5394,2814,68.0,155.0,2740.2,0.9774011299435028,高位
20250822,pullback_strengthening,0.7,5394,2855,41.0,152.0,2770.6,0.9831460674157303,高位
20250825,pullback_strengthening,0.7,5395,2909,54.0,196.0,2809.8,0.9832402234636871,高位
20250826,pullback_strengthening,0.7,5397,2888,-21.0,163.0,2842.4,0.9777777777777777,高位
20250827,pullback_strengthening,0.7,5399,2790,-98.0,44.0,2851.2,0.9558011049723757,高位
20250828,pullback_strengthening,0.7,5398,2719,-71.0,-95.0,2832.2,0.9340659340659341,高位
20250829,pullback_strengthening,0.7,5395,2673,-46.0,-182.0,2795.8,0.9016393442622951,高位
20250901,pullback_strengthening,0.7,5395,2644,-29.0,-265.0,2742.8,0.8858695652173914,高位
20250902,pullback_strengthening,0.7,5396,2579,-65.0,-309.0,2681.0,0.8756756756756757,高位
20250903,pullback_strengthening,0.7,5398,2440,-139.0,-350.0,2611.0,0.8440860215053764,高位
20250904,pullback_strengthening,0.7,5399,2307,-133.0,-412.0,2528.6,0.8074866310160428,高位
20250905,pullback_strengthening,0.7,5399,2351,44.0,-322.0,2464.2,0.824468085106383,高位
20250908,pullback_strengthening,0.7,5400,2407,56.0,-237.0,2416.8,0.8306878306878307,高位
20250909,pullback_strengthening,0.7,5401,2308,-99.0,-271.0,2362.6,0.8,高位
20250910,pullback_strengthening,0.7,5403,2234,-74.0,-206.0,2321.4,0.7853403141361257,高位
20250911,pullback_strengthening,0.7,5402,2228,-6.0,-79.0,2305.6,0.78125,高位
20250912,pullback_strengthening,0.7,5405,2201,-27.0,-150.0,2275.6,0.772020725388601,高位
20250915,pullback_strengthening,0.7,5404,2176,-25.0,-231.0,2229.4,0.7628865979381443,高位
20250916,pullback_strengthening,0.7,5404,2115,-61.0,-193.0,2190.8,0.7487179487179487,高位
20250917,pullback_strengthening,0.7,5403,2033,-82.0,-201.0,2150.6,0.7193877551020408,高位
20250918,pullback_strengthening,0.7,5402,2028,-5.0,-200.0,2110.6,0.7157360406091371,高位
20250919,pullback_strengthening,0.7,5403,1971,-57.0,-230.0,2064.6,0.7121212121212122,高位
20250922,pullback_strengthening,0.7,5400,1871,-100.0,-305.0,2003.6,0.6934673366834171,高位
20250923,pullback_strengthening,0.7,5405,1748,-123.0,-367.0,1930.2,0.645,中位
20250924,pullback_strengthening,0.7,5404,1701,-47.0,-332.0,1863.8,0.6368159203980099,中位
20250925,pullback_strengthening,0.7,5405,1615,-86.0,-413.0,1781.2,0.6039603960396039,中位
20250926,pullback_strengthening,0.7,5404,1533,-82.0,-438.0,1693.6,0.5566502463054187,中位
20250929,pullback_strengthening,0.7,5398,1458,-75.0,-413.0,1611.0,0.5147058823529411,中位
20250930,pullback_strengthening,0.7,5400,1382,-76.0,-366.0,1537.8,0.4878048780487805,中位
20251009,pullback_strengthening,0.7,5396,1286,-96.0,-415.0,1454.8,0.46601941747572817,中位
20251010,pullback_strengthening,0.7,5398,1245,-41.0,-370.0,1380.8,0.45893719806763283,中位
20251013,pullback_strengthening,0.7,5400,1205,-40.0,-328.0,1315.2,0.4423076923076923,中位
20251014,pullback_strengthening,0.7,5400,1129,-76.0,-329.0,1249.4,0.430622009569378,中位
20251015,pullback_strengthening,0.7,5402,1086,-43.0,-296.0,1190.2,0.4238095238095238,中位
20251016,pullback_strengthening,0.7,5405,1033,-53.0,-253.0,1139.6,0.41706161137440756,中位
20251017,pullback_strengthening,0.7,5407,956,-77.0,-289.0,1081.8,0.4056603773584906,中位
20251020,pullback_strengthening,0.7,5406,937,-19.0,-268.0,1028.2,0.40375586854460094,中位
20251021,pullback_strengthening,0.7,5405,942,5.0,-187.0,990.8,0.40654205607476634,中位
20251022,pullback_strengthening,0.7,5405,896,-46.0,-190.0,952.8,0.39069767441860465,中位
20251023,pullback_strengthening,0.7,5408,859,-37.0,-174.0,918.0,0.38425925925925924,中位
20251024,pullback_strengthening,0.7,5408,838,-21.0,-118.0,894.4,0.3778801843317972,中位
20251027,pullback_strengthening,0.7,5407,817,-21.0,-120.0,870.4,0.3761467889908257,中位
20251028,pullback_strengthening,0.7,5404,799,-18.0,-143.0,841.8,0.3698630136986301,中位
20251029,pullback_strengthening,0.7,5405,774,-25.0,-122.0,817.4,0.36363636363636365,中位
20251030,pullback_strengthening,0.7,5404,727,-47.0,-132.0,791.0,0.34841628959276016,中位
20251031,pullback_strengthening,0.7,5407,704,-23.0,-134.0,764.2,0.34684684684684686,中位
20251103,pullback_strengthening,0.7,5408,699,-5.0,-118.0,740.6,0.3452914798206278,中位
20251104,pullback_strengthening,0.7,5409,683,-16.0,-116.0,717.4,0.34375,中位
20251105,pullback_strengthening,0.7,5408,675,-8.0,-99.0,697.6,0.3422222222222222,中位
20251106,pullback_strengthening,0.7,5408,687,12.0,-40.0,689.6,0.3495575221238938,中位
20251107,pullback_strengthening,0.7,5408,675,-12.0,-29.0,683.8,0.3436123348017621,中位
20251110,pullback_strengthening,0.7,5411,682,7.0,-17.0,680.4,0.34649122807017546,中位
20251111,pullback_strengthening,0.7,5411,693,11.0,10.0,682.4,0.35807860262008734,中位
20251112,pullback_strengthening,0.7,5414,687,-6.0,12.0,684.8,0.3565217391304348,中位
20251113,pullback_strengthening,0.7,5413,697,10.0,10.0,686.8,0.36363636363636365,中位
20251114,pullback_strengthening,0.7,5412,717,20.0,42.0,695.2,0.375,中位
20251117,pullback_strengthening,0.7,5411,754,37.0,72.0,709.6,0.3948497854077253,中位
20251118,pullback_strengthening,0.7,5411,787,33.0,94.0,728.4,0.4017094017094017,中位
20251119,pullback_strengthening,0.7,5413,843,56.0,156.0,759.6,0.425531914893617,中位
20251120,pullback_strengthening,0.7,5413,872,29.0,175.0,794.6,0.4364406779661017,中位
20251121,pullback_strengthening,0.7,5415,835,-37.0,118.0,818.2,0.4177215189873418,中位
20251124,pullback_strengthening,0.7,5411,819,-16.0,65.0,831.2,0.41596638655462187,中位
20251125,pullback_strengthening,0.7,5408,861,42.0,74.0,846.0,0.4393305439330544,中位
20251126,pullback_strengthening,0.7,5404,881,20.0,38.0,853.6,0.45,中位
20251127,pullback_strengthening,0.7,5403,892,11.0,20.0,857.6,0.45228215767634855,中位
20251128,pullback_strengthening,0.7,5403,925,33.0,90.0,875.6,0.4628099173553719,中位
20251201,pullback_strengthening,0.7,5403,949,24.0,130.0,901.6,0.4773662551440329,中位
20251202,pullback_strengthening,0.7,5406,972,23.0,111.0,923.8,0.48360655737704916,中位
20251203,pullback_strengthening,0.7,5412,980,8.0,99.0,943.6,0.4857142857142857,中位
20251204,pullback_strengthening,0.7,5410,935,-45.0,43.0,952.2,0.4634146341463415,中位
20251205,pullback_strengthening,0.7,5407,931,-4.0,6.0,953.4,0.46153846153846156,中位
20251208,pullback_strengthening,0.7,5409,957,26.0,8.0,955.0,0.4838709677419355,中位
20251209,pullback_strengthening,0.7,5410,915,-42.0,-57.0,943.6,0.4497991967871486,中位
20251210,pullback_strengthening,0.7,5406,883,-32.0,-97.0,924.2,0.436,中位
20251211,pullback_strengthening,0.7,5410,837,-46.0,-98.0,904.6,0.40239043824701193,中位
20251212,pullback_strengthening,0.7,5413,773,-64.0,-158.0,873.0,0.36904761904761907,中位
20251215,pullback_strengthening,0.7,5412,723,-50.0,-234.0,826.2,0.34782608695652173,中位
20251216,pullback_strengthening,0.7,5414,649,-74.0,-266.0,773.0,0.29133858267716534,低位
20251217,pullback_strengthening,0.7,5414,558,-91.0,-325.0,708.0,0.2627450980392157,低位
20251218,pullback_strengthening,0.7,5419,515,-43.0,-322.0,643.6,0.25,低位
20251219,pullback_strengthening,0.7,5418,497,-18.0,-276.0,588.4,0.245136186770428,低位
20251222,pullback_strengthening,0.7,5414,475,-22.0,-248.0,538.8,0.2441860465116279,低位
20251223,pullback_strengthening,0.7,5418,452,-23.0,-197.0,499.4,0.23166023166023167,低位
20251224,pullback_strengthening,0.7,5419,418,-34.0,-140.0,471.4,0.2153846153846154,低位
20251225,pullback_strengthening,0.7,5422,403,-15.0,-112.0,449.0,0.20689655172413793,低位
20251226,pullback_strengthening,0.7,5421,436,33.0,-61.0,436.8,0.22900763358778625,低位
20251229,pullback_strengthening,0.7,5423,426,-10.0,-49.0,427.0,0.22433460076045628,低位
20251230,pullback_strengthening,0.7,5422,414,-12.0,-38.0,419.4,0.2159090909090909,低位
20251231,pullback_strengthening,0.7,5422,413,-1.0,-5.0,418.4,0.21509433962264152,低位
20260105,pullback_strengthening,0.7,5422,427,14.0,24.0,423.2,0.23308270676691728,低位
20260106,pullback_strengthening,0.7,5423,439,12.0,3.0,423.8,0.24719101123595505,低位
20260107,pullback_strengthening,0.7,5424,456,17.0,30.0,429.8,0.2574626865671642,低位
20260108,pullback_strengthening,0.7,5424,468,12.0,54.0,440.6,0.26394052044609667,低位
20260109,pullback_strengthening,0.7,5424,479,11.0,66.0,453.8,0.2777777777777778,低位
20260112,pullback_strengthening,0.7,5425,497,18.0,70.0,467.8,0.28413284132841327,低位
20260113,pullback_strengthening,0.7,5418,502,5.0,63.0,480.4,0.2867647058823529,低位
20260114,pullback_strengthening,0.7,5424,536,34.0,80.0,496.4,0.304029304029304,低位
20260115,pullback_strengthening,0.7,5426,543,7.0,75.0,511.4,0.3102189781021898,低位
20260116,pullback_strengthening,0.7,5428,578,35.0,99.0,531.2,0.32727272727272727,低位
20260119,pullback_strengthening,0.7,5429,617,39.0,120.0,555.2,0.33695652173913043,中位
20260120,pullback_strengthening,0.7,5436,657,40.0,155.0,586.2,0.35018050541516244,中位
20260121,pullback_strengthening,0.7,5433,708,51.0,172.0,620.6,0.39928057553956836,中位
20260122,pullback_strengthening,0.7,5434,761,53.0,218.0,664.2,0.4265232974910394,中位
20260123,pullback_strengthening,0.7,5436,892,131.0,314.0,727.0,0.5,中位
20260126,pullback_strengthening,0.7,5434,988,96.0,371.0,801.2,0.5551601423487544,中位
20260127,pullback_strengthening,0.7,5434,1094,106.0,437.0,888.6,0.5709219858156028,中位
20260128,pullback_strengthening,0.7,5433,1197,103.0,489.0,986.4,0.5865724381625441,中位
20260129,pullback_strengthening,0.7,5433,1298,101.0,537.0,1093.8,0.6126760563380281,中位
20260130,pullback_strengthening,0.7,5429,1393,95.0,501.0,1194.0,0.631578947368421,中位
20260202,pullback_strengthening,0.7,5431,1496,103.0,508.0,1295.6,0.6678321678321678,高位
20260203,pullback_strengthening,0.7,5431,1639,143.0,545.0,1404.6,0.7282229965156795,高位
20260204,pullback_strengthening,0.7,5437,1864,225.0,667.0,1538.0,0.78125,高位
20260205,pullback_strengthening,0.7,5435,2061,197.0,763.0,1690.6,0.8166089965397924,高位
20260206,pullback_strengthening,0.7,5434,2170,109.0,777.0,1846.0,0.8344827586206897,高位
20260209,pullback_strengthening,0.7,5434,2310,140.0,814.0,2008.8,0.8694158075601375,高位
20260210,pullback_strengthening,0.7,5436,2357,47.0,718.0,2152.4,0.8835616438356164,高位
20260211,pullback_strengthening,0.7,5436,2336,-21.0,472.0,2246.8,0.8703071672354948,高位
20260212,pullback_strengthening,0.7,5441,2335,-1.0,274.0,2301.6,0.8673469387755102,高位
20260213,pullback_strengthening,0.7,5440,2294,-41.0,124.0,2326.4,0.8508474576271187,高位
20260224,pullback_strengthening,0.7,5440,2269,-25.0,-41.0,2318.2,0.847972972972973,高位
20260225,pullback_strengthening,0.7,5437,2278,9.0,-79.0,2302.4,0.8484848484848485,高位
20260226,pullback_strengthening,0.7,5437,2234,-44.0,-102.0,2282.0,0.8389261744966443,高位
20260227,pullback_strengthening,0.7,5438,2229,-5.0,-106.0,2260.8,0.8327759197324415,高位
20260302,pullback_strengthening,0.7,5437,2166,-63.0,-128.0,2235.2,0.8066666666666666,高位
20260303,pullback_strengthening,0.7,5440,1991,-175.0,-278.0,2179.6,0.770764119601329,高位
20260304,pullback_strengthening,0.7,5441,1833,-158.0,-445.0,2090.6,0.7417218543046358,高位
20260305,pullback_strengthening,0.7,5442,1715,-118.0,-519.0,1986.8,0.7095709570957096,高位
20260306,pullback_strengthening,0.7,5443,1626,-89.0,-603.0,1866.2,0.6842105263157895,高位
20260309,pullback_strengthening,0.7,5446,1565,-61.0,-601.0,1746.0,0.659016393442623,中位
20260310,pullback_strengthening,0.7,5444,1496,-69.0,-495.0,1647.0,0.6274509803921569,中位
20260311,pullback_strengthening,0.7,5447,1434,-62.0,-399.0,1567.2,0.5993485342019544,中位
20260312,pullback_strengthening,0.7,5448,1364,-70.0,-351.0,1497.0,0.577922077922078,中位
20260313,pullback_strengthening,0.7,5448,1283,-81.0,-343.0,1428.4,0.5598705501618123,中位
20260316,pullback_strengthening,0.7,5448,1202,-81.0,-363.0,1355.8,0.5387096774193548,中位
20260317,pullback_strengthening,0.7,5447,1101,-101.0,-395.0,1276.8,0.5241157556270096,中位
20260318,pullback_strengthening,0.7,5447,1078,-23.0,-356.0,1205.6,0.5128205128205128,中位
20260319,pullback_strengthening,0.7,5450,1017,-61.0,-347.0,1136.2,0.5047923322683706,中位
20260320,pullback_strengthening,0.7,5452,907,-110.0,-376.0,1061.0,0.4554140127388535,中位
20260323,pullback_strengthening,0.7,5455,749,-158.0,-453.0,970.4,0.3746031746031746,中位
20260324,pullback_strengthening,0.7,5453,707,-42.0,-394.0,891.6,0.3512658227848101,中位
20260325,pullback_strengthening,0.7,5452,706,-1.0,-372.0,817.2,0.3501577287066246,中位
20260326,pullback_strengthening,0.7,5454,688,-18.0,-329.0,751.4,0.33647798742138363,中位
20260327,pullback_strengthening,0.7,5452,672,-16.0,-235.0,704.4,0.3166144200626959,低位
20260330,pullback_strengthening,0.7,5449,649,-23.0,-100.0,684.4,0.303125,低位
20260331,pullback_strengthening,0.7,5453,607,-42.0,-100.0,664.4,0.2897196261682243,低位
20260401,pullback_strengthening,0.7,5455,577,-30.0,-129.0,638.6,0.2795031055900621,低位
20260402,pullback_strengthening,0.7,5455,543,-34.0,-145.0,609.6,0.26625386996904027,低位
20260403,pullback_strengthening,0.7,5456,470,-73.0,-202.0,569.2,0.22530864197530864,低位
20260407,pullback_strengthening,0.7,5454,445,-25.0,-204.0,528.4,0.20923076923076922,低位
20260408,pullback_strengthening,0.7,5458,443,-2.0,-164.0,495.6,0.20552147239263804,低位
20260409,pullback_strengthening,0.7,5459,418,-25.0,-159.0,463.8,0.1834862385321101,低位
20260410,pullback_strengthening,0.7,5461,411,-7.0,-132.0,437.4,0.17073170731707318,低位
20260413,pullback_strengthening,0.7,5460,391,-20.0,-79.0,421.6,0.1580547112462006,低位
20260414,pullback_strengthening,0.7,5462,373,-18.0,-72.0,407.2,0.1484848484848485,低位
20260415,pullback_strengthening,0.7,5460,358,-15.0,-85.0,390.2,0.1299093655589124,低位
20260416,pullback_strengthening,0.7,5462,342,-16.0,-76.0,375.0,0.0963855421686747,低位
20260417,pullback_strengthening,0.7,5461,322,-20.0,-89.0,357.2,0.08108108108108109,低位
20260420,pullback_strengthening,0.7,5456,310,-12.0,-81.0,341.0,0.07784431137724551,低位
20260421,pullback_strengthening,0.7,5459,294,-16.0,-79.0,325.2,0.07164179104477612,低位
20260422,pullback_strengthening,0.7,5458,289,-5.0,-69.0,311.4,0.06845238095238096,低位
20260423,pullback_strengthening,0.7,5457,295,6.0,-47.0,302.0,0.0771513353115727,低位
20260424,pullback_strengthening,0.7,5458,280,-15.0,-42.0,293.6,0.06804733727810651,低位
20260427,pullback_strengthening,0.7,5457,279,-1.0,-31.0,287.4,0.06489675516224189,低位
20260428,pullback_strengthening,0.7,5450,284,5.0,-10.0,285.4,0.07352941176470588,低位
20260429,pullback_strengthening,0.7,5424,293,9.0,4.0,286.2,0.08211143695014662,低位
20260430,pullback_strengthening,0.7,5421,310,17.0,15.0,289.2,0.09941520467836257,低位
20260506,pullback_strengthening,0.7,5452,325,15.0,45.0,298.2,0.10787172011661808,低位
20260507,pullback_strengthening,0.7,5454,350,25.0,71.0,312.4,0.14534883720930233,低位
20260508,pullback_strengthening,0.7,5452,368,18.0,84.0,329.2,0.17391304347826086,低位
20260511,pullback_strengthening,0.7,5453,395,27.0,102.0,349.6,0.2023121387283237,低位
20260512,pullback_strengthening,0.7,5453,432,37.0,122.0,374.0,0.23919308357348704,低位
20260513,pullback_strengthening,0.7,5457,482,50.0,157.0,405.4,0.28735632183908044,低位
20260514,pullback_strengthening,0.7,5457,515,33.0,165.0,438.4,0.3037249283667622,低位
20260515,pullback_strengthening,0.7,5457,538,23.0,170.0,472.4,0.3171428571428571,低位
20260518,pullback_strengthening,0.7,5459,607,69.0,212.0,514.8,0.3504273504273504,中位
20260519,pullback_strengthening,0.7,5456,663,56.0,231.0,561.0,0.3721590909090909,中位
20260520,pullback_strengthening,0.7,5460,750,87.0,268.0,614.6,0.44192634560906513,中位
20260521,pullback_strengthening,0.7,5463,817,67.0,302.0,675.0,0.4689265536723164,中位
20260522,pullback_strengthening,0.7,5462,881,64.0,343.0,743.6,0.5014084507042254,中位
20260525,pullback_strengthening,0.7,5463,929,48.0,322.0,808.0,0.5280898876404494,中位
20260526,pullback_strengthening,0.7,5464,984,55.0,321.0,872.2,0.5546218487394958,中位
20260527,pullback_strengthening,0.7,5465,1019,35.0,269.0,926.0,0.5670391061452514,中位
20260528,pullback_strengthening,0.7,5466,1074,55.0,257.0,977.4,0.5738161559888579,中位
20260529,pullback_strengthening,0.7,5465,1095,21.0,214.0,1020.2,0.5861111111111111,中位
20260601,pullback_strengthening,0.7,5467,1154,59.0,225.0,1065.2,0.592797783933518,中位
20260602,pullback_strengthening,0.7,5466,1212,58.0,228.0,1110.8,0.6077348066298343,中位
20260603,pullback_strengthening,0.7,5470,1234,22.0,215.0,1153.8,0.6170798898071626,中位
20260604,pullback_strengthening,0.7,5470,1249,15.0,175.0,1188.8,0.6236263736263736,中位
20260605,pullback_strengthening,0.7,5472,1276,27.0,181.0,1225.0,0.6246575342465753,中位
20260608,pullback_strengthening,0.7,5473,1216,-60.0,62.0,1237.4,0.6065573770491803,中位
20260609,pullback_strengthening,0.7,5472,1205,-11.0,-7.0,1236.0,0.5994550408719346,中位
20260610,pullback_strengthening,0.7,5470,1143,-62.0,-91.0,1217.8,0.5815217391304348,中位
20260611,pullback_strengthening,0.7,5468,1072,-71.0,-177.0,1182.4,0.5582655826558266,中位
20260612,pullback_strengthening,0.7,5469,992,-80.0,-284.0,1125.6,0.5432432432432432,中位
20260615,pullback_strengthening,0.7,5466,957,-35.0,-259.0,1073.8,0.5283018867924528,中位
20260616,pullback_strengthening,0.7,5471,899,-58.0,-306.0,1012.6,0.49193548387096775,中位
20260617,pullback_strengthening,0.7,5468,853,-46.0,-290.0,954.6,0.46380697050938335,中位
20260618,pullback_strengthening,0.7,5467,800,-53.0,-272.0,900.2,0.4385026737967914,中位
20260622,pullback_strengthening,0.7,5473,738,-62.0,-254.0,849.4,0.408,中位
20260623,pullback_strengthening,0.7,5477,690,-48.0,-267.0,796.0,0.3776595744680851,中位
20260624,pullback_strengthening,0.7,5475,639,-51.0,-260.0,744.0,0.33687002652519893,中位
20260625,pullback_strengthening,0.7,5474,570,-69.0,-283.0,687.4,0.31216931216931215,低位
20260626,pullback_strengthening,0.7,5475,518,-52.0,-282.0,631.0,0.28232189973614774,低位
20260629,pullback_strengthening,0.7,5473,487,-31.0,-251.0,580.8,0.2657894736842105,低位
20260630,pullback_strengthening,0.7,5470,461,-26.0,-229.0,535.0,0.2440944881889764,低位
20260701,pullback_strengthening,0.7,5476,445,-16.0,-194.0,496.2,0.23821989528795812,低位
20260702,pullback_strengthening,0.7,5481,437,-8.0,-133.0,469.6,0.2245430809399478,低位
20260703,pullback_strengthening,0.7,5480,424,-13.0,-94.0,450.8,0.2109375,低位
20260706,pullback_strengthening,0.7,5481,411,-13.0,-76.0,435.6,0.19480519480519481,低位
20260707,pullback_strengthening,0.7,5483,393,-18.0,-68.0,422.0,0.18134715025906736,低位
20260708,pullback_strengthening,0.7,5484,385,-8.0,-60.0,410.0,0.1731266149870801,低位
20260709,pullback_strengthening,0.7,5486,377,-8.0,-60.0,398.0,0.17010309278350516,低位
20260710,pullback_strengthening,0.7,5488,377,0.0,-47.0,388.6,0.17223650385604114,低位
20260713,pullback_strengthening,0.7,5491,363,-14.0,-48.0,379.0,0.15128205128205127,低位
20260714,pullback_strengthening,0.7,5491,363,0.0,-30.0,373.0,0.1534526854219949,低位
20260715,pullback_strengthening,0.7,5494,357,-6.0,-28.0,367.4,0.14285714285714285,低位
20260716,pullback_strengthening,0.7,5493,321,-36.0,-56.0,356.2,0.0916030534351145,低位
20260717,pullback_strengthening,0.7,5491,276,-45.0,-101.0,336.0,0.05583756345177665,低位
20260720,pullback_strengthening,0.7,5494,234,-42.0,-129.0,310.2,0.0379746835443038,低位
20260721,pullback_strengthening,0.7,5495,211,-23.0,-152.0,279.8,0.005050505050505051,低位
20260722,pullback_strengthening,0.7,5495,194,-17.0,-163.0,247.2,0.0025188916876574307,低位
20260723,pullback_strengthening,0.7,5496,169,-25.0,-152.0,216.8,0.002512562814070352,低位
20260724,pullback_strengthening,0.7,5495,159,-10.0,-117.0,193.4,0.002506265664160401,低位
20260727,pullback_strengthening,0.7,5492,156,-3.0,-78.0,177.8,0.0025,低位
20260728,pullback_strengthening,0.7,5493,154,-2.0,-57.0,166.4,0.0024937655860349127,低位
20260729,pullback_strengthening,0.7,5492,148,-6.0,-46.0,157.2,0.0024875621890547263,低位
20241202,fresh_breakout,0.75,5336,10,,,10.0,1.0,高位
20241203,fresh_breakout,0.75,5336,17,7.0,,13.5,1.0,高位
20241204,fresh_breakout,0.75,5335,17,0.0,,14.666666666666666,1.0,高位
20241205,fresh_breakout,0.75,5338,22,5.0,,16.5,1.0,高位
20241206,fresh_breakout,0.75,5336,24,2.0,,18.0,1.0,高位
20241209,fresh_breakout,0.75,5334,29,5.0,19.0,21.8,1.0,高位
20241210,fresh_breakout,0.75,5338,27,-2.0,10.0,23.8,0.8571428571428571,高位
20241211,fresh_breakout,0.75,5340,44,17.0,27.0,29.2,1.0,高位
20241212,fresh_breakout,0.75,5340,42,-2.0,20.0,33.2,0.8888888888888888,高位
20241213,fresh_breakout,0.75,5340,48,6.0,24.0,38.0,1.0,高位
20241216,fresh_breakout,0.75,5344,63,15.0,34.0,44.8,1.0,高位
20241217,fresh_breakout,0.75,5341,50,-13.0,23.0,49.4,0.9166666666666666,高位
20241218,fresh_breakout,0.75,5342,42,-8.0,-2.0,49.0,0.6923076923076923,高位
20241219,fresh_breakout,0.75,5343,34,-8.0,-8.0,47.4,0.5714285714285714,中位
20241220,fresh_breakout,0.75,5346,31,-3.0,-17.0,44.0,0.5333333333333333,中位
20241223,fresh_breakout,0.75,5344,29,-2.0,-34.0,37.2,0.5,中位
20241224,fresh_breakout,0.75,5344,28,-1.0,-22.0,32.8,0.4117647058823529,中位
20241225,fresh_breakout,0.75,5342,27,-1.0,-15.0,29.8,0.3888888888888889,中位
20241226,fresh_breakout,0.75,5345,35,8.0,1.0,30.0,0.6842105263157895,高位
20241227,fresh_breakout,0.75,5343,41,6.0,10.0,32.0,0.7,高位
20241230,fresh_breakout,0.75,5339,44,3.0,15.0,35.0,0.8571428571428571,高位
20241231,fresh_breakout,0.75,5342,36,-8.0,8.0,36.6,0.6363636363636364,中位
20250102,fresh_breakout,0.75,5342,22,-14.0,-5.0,35.6,0.21739130434782608,低位
20250103,fresh_breakout,0.75,5344,21,-1.0,-14.0,32.8,0.16666666666666666,低位
20250106,fresh_breakout,0.75,5342,15,-6.0,-26.0,27.6,0.08,低位
20250107,fresh_breakout,0.75,5347,19,4.0,-25.0,22.6,0.19230769230769232,低位
20250108,fresh_breakout,0.75,5347,23,4.0,-13.0,20.0,0.3333333333333333,低位
20250109,fresh_breakout,0.75,5350,27,4.0,5.0,21.0,0.4642857142857143,中位
20250110,fresh_breakout,0.75,5349,23,-4.0,2.0,21.4,0.3448275862068966,中位
20250113,fresh_breakout,0.75,5348,18,-5.0,3.0,22.0,0.16666666666666666,低位
20250114,fresh_breakout,0.75,5351,15,-3.0,-4.0,21.2,0.0967741935483871,低位
20250115,fresh_breakout,0.75,5351,10,-5.0,-13.0,18.6,0.0625,低位
20250116,fresh_breakout,0.75,5353,10,0.0,-17.0,15.2,0.09090909090909091,低位
20250117,fresh_breakout,0.75,5352,12,2.0,-11.0,13.0,0.11764705882352941,低位
20250120,fresh_breakout,0.75,5352,11,-1.0,-7.0,11.6,0.11428571428571428,低位
20250121,fresh_breakout,0.75,5354,9,-2.0,-6.0,10.4,0.027777777777777776,低位
20250122,fresh_breakout,0.75,5356,12,3.0,2.0,10.8,0.1891891891891892,低位
20250123,fresh_breakout,0.75,5356,15,3.0,5.0,11.8,0.2631578947368421,低位
20250124,fresh_breakout,0.75,5353,17,2.0,5.0,12.8,0.3333333333333333,低位
20250127,fresh_breakout,0.75,5352,8,-9.0,-3.0,12.2,0.025,低位
20250205,fresh_breakout,0.75,5355,11,3.0,2.0,12.6,0.17073170731707318,低位
20250206,fresh_breakout,0.75,5356,16,5.0,4.0,13.4,0.30952380952380953,低位
20250207,fresh_breakout,0.75,5357,21,5.0,6.0,14.6,0.46511627906976744,中位
20250210,fresh_breakout,0.75,5359,27,6.0,10.0,16.6,0.6590909090909091,中位
20250211,fresh_breakout,0.75,5358,43,16.0,35.0,23.6,0.8888888888888888,高位
20250212,fresh_breakout,0.75,5359,72,29.0,61.0,35.8,1.0,高位
20250213,fresh_breakout,0.75,5360,71,-1.0,55.0,46.8,0.9787234042553191,高位
20250214,fresh_breakout,0.75,5359,74,3.0,53.0,57.4,1.0,高位
20250217,fresh_breakout,0.75,5365,96,22.0,69.0,71.2,1.0,高位
20250218,fresh_breakout,0.75,5364,98,2.0,55.0,82.2,1.0,高位
20250219,fresh_breakout,0.75,5364,113,15.0,41.0,90.4,1.0,高位
20250220,fresh_breakout,0.75,5364,119,6.0,48.0,100.0,1.0,高位
20250221,fresh_breakout,0.75,5368,143,24.0,69.0,113.8,1.0,高位
20250224,fresh_breakout,0.75,5365,173,30.0,77.0,129.2,1.0,高位
20250225,fresh_breakout,0.75,5363,195,22.0,97.0,148.6,1.0,高位
20250226,fresh_breakout,0.75,5364,224,29.0,111.0,170.8,1.0,高位
20250227,fresh_breakout,0.75,5363,200,-24.0,81.0,187.0,0.9824561403508771,高位
20250228,fresh_breakout,0.75,5364,150,-50.0,7.0,188.4,0.9310344827586207,高位
20250303,fresh_breakout,0.75,5361,136,-14.0,-37.0,181.0,0.8983050847457628,高位
20250304,fresh_breakout,0.75,5361,117,-19.0,-78.0,165.4,0.8666666666666667,高位
20250305,fresh_breakout,0.75,5360,94,-23.0,-130.0,139.4,0.8032786885245902,高位
20250306,fresh_breakout,0.75,5359,103,9.0,-97.0,120.0,0.8387096774193549,高位
20250307,fresh_breakout,0.75,5360,120,17.0,-30.0,114.0,0.8888888888888888,高位
20250310,fresh_breakout,0.75,5362,124,4.0,-12.0,111.6,0.890625,高位
20250311,fresh_breakout,0.75,5363,113,-11.0,-4.0,110.8,0.8307692307692308,高位
20250312,fresh_breakout,0.75,5363,115,2.0,21.0,115.0,0.8333333333333334,高位
20250313,fresh_breakout,0.75,5365,114,-1.0,11.0,117.2,0.8208955223880597,高位
20250314,fresh_breakout,0.75,5366,113,-1.0,-7.0,115.8,0.8088235294117647,高位
20250317,fresh_breakout,0.75,5361,96,-17.0,-28.0,110.2,0.7391304347826086,高位
20250318,fresh_breakout,0.75,5368,88,-8.0,-25.0,105.2,0.7,高位
20250319,fresh_breakout,0.75,5364,81,-7.0,-34.0,98.4,0.6901408450704225,高位
20250320,fresh_breakout,0.75,5366,80,-1.0,-34.0,91.6,0.6805555555555556,高位
20250321,fresh_breakout,0.75,5368,58,-22.0,-55.0,80.6,0.6164383561643836,中位
20250324,fresh_breakout,0.75,5367,61,3.0,-35.0,73.6,0.6216216216216216,中位
20250325,fresh_breakout,0.75,5369,77,16.0,-11.0,71.4,0.68,高位
20250326,fresh_breakout,0.75,5370,89,12.0,8.0,73.0,0.7236842105263158,高位
20250327,fresh_breakout,0.75,5369,83,-6.0,3.0,73.6,0.7012987012987013,高位
20250328,fresh_breakout,0.75,5369,58,-25.0,0.0,73.6,0.5897435897435898,中位
20250331,fresh_breakout,0.75,5371,44,-14.0,-17.0,70.2,0.5443037974683544,中位
20250401,fresh_breakout,0.75,5370,41,-3.0,-36.0,63.0,0.475,中位
20250402,fresh_breakout,0.75,5373,39,-2.0,-50.0,53.0,0.4567901234567901,中位
20250403,fresh_breakout,0.75,5372,46,7.0,-37.0,45.6,0.5609756097560976,中位
20250407,fresh_breakout,0.75,5370,34,-12.0,-24.0,40.8,0.42168674698795183,中位
20250408,fresh_breakout,0.75,5370,39,5.0,-5.0,39.8,0.4642857142857143,中位
20250409,fresh_breakout,0.75,5372,47,8.0,6.0,41.0,0.5764705882352941,中位
20250410,fresh_breakout,0.75,5374,63,16.0,24.0,45.8,0.6511627906976745,中位
20250411,fresh_breakout,0.75,5373,72,9.0,26.0,51.0,0.6781609195402298,高位
20250414,fresh_breakout,0.75,5372,79,7.0,45.0,60.0,0.7045454545454546,高位
20250415,fresh_breakout,0.75,5371,77,-2.0,38.0,67.6,0.6966292134831461,高位
20250416,fresh_breakout,0.75,5374,56,-21.0,9.0,69.4,0.5777777777777777,中位
20250417,fresh_breakout,0.75,5374,53,-3.0,-10.0,67.4,0.5714285714285714,中位
20250418,fresh_breakout,0.75,5373,43,-10.0,-29.0,61.6,0.4891304347826087,中位
20250421,fresh_breakout,0.75,5373,37,-6.0,-42.0,53.2,0.40860215053763443,中位
20250422,fresh_breakout,0.75,5371,33,-4.0,-44.0,44.4,0.3617021276595745,中位
20250423,fresh_breakout,0.75,5373,27,-6.0,-29.0,38.6,0.3157894736842105,低位
20250424,fresh_breakout,0.75,5371,40,13.0,-13.0,36.0,0.4479166666666667,中位
20250425,fresh_breakout,0.75,5369,40,0.0,-3.0,35.4,0.4536082474226804,中位
20250428,fresh_breakout,0.75,5363,33,-7.0,-4.0,34.6,0.3673469387755102,中位
20250429,fresh_breakout,0.75,5337,30,-3.0,-3.0,34.0,0.3434343434343434,中位
20250430,fresh_breakout,0.75,5336,21,-9.0,-6.0,32.8,0.21,低位
20250506,fresh_breakout,0.75,5362,24,3.0,-16.0,29.6,0.26732673267326734,低位
20250507,fresh_breakout,0.75,5364,19,-5.0,-21.0,25.4,0.18627450980392157,低位
20250508,fresh_breakout,0.75,5365,20,1.0,-13.0,22.8,0.1941747572815534,低位
20250509,fresh_breakout,0.75,5365,25,5.0,-5.0,21.8,0.28846153846153844,低位
20250512,fresh_breakout,0.75,5365,39,14.0,18.0,25.4,0.47619047619047616,中位
20250513,fresh_breakout,0.75,5366,38,-1.0,14.0,28.2,0.4528301886792453,中位
20250514,fresh_breakout,0.75,5366,41,3.0,22.0,32.6,0.5233644859813084,中位
20250515,fresh_breakout,0.75,5366,50,9.0,30.0,38.6,0.6296296296296297,中位
20250516,fresh_breakout,0.75,5367,64,14.0,39.0,46.4,0.6972477064220184,高位
20250519,fresh_breakout,0.75,5362,59,-5.0,20.0,50.4,0.6636363636363637,中位
20250520,fresh_breakout,0.75,5368,68,9.0,30.0,56.4,0.7027027027027027,高位
20250521,fresh_breakout,0.75,5364,74,6.0,33.0,63.0,0.7410714285714286,高位
20250522,fresh_breakout,0.75,5360,85,11.0,35.0,70.0,0.7964601769911505,高位
20250523,fresh_breakout,0.75,5364,82,-3.0,18.0,73.6,0.7807017543859649,高位
20250526,fresh_breakout,0.75,5361,71,-11.0,12.0,76.0,0.6956521739130435,高位
20250527,fresh_breakout,0.75,5361,64,-7.0,-4.0,75.2,0.6724137931034483,高位
20250528,fresh_breakout,0.75,5359,67,3.0,-7.0,73.8,0.6752136752136753,高位
20250529,fresh_breakout,0.75,5361,71,4.0,-14.0,71.0,0.7033898305084746,高位
20250530,fresh_breakout,0.75,5360,66,-5.0,-16.0,67.8,0.6638655462184874,中位
20250603,fresh_breakout,0.75,5357,70,4.0,-1.0,67.6,0.6833333333333333,高位
20250604,fresh_breakout,0.75,5364,79,9.0,15.0,70.6,0.768595041322314,高位
20250605,fresh_breakout,0.75,5365,85,6.0,18.0,74.2,0.8114754098360656,高位
20250606,fresh_breakout,0.75,5369,77,-8.0,6.0,75.4,0.7479674796747967,高位
20250609,fresh_breakout,0.75,5366,67,-10.0,1.0,75.6,0.6532258064516129,中位
20250610,fresh_breakout,0.75,5373,65,-2.0,-5.0,74.6,0.632,中位
20250611,fresh_breakout,0.75,5377,53,-12.0,-26.0,69.4,0.5555555555555556,中位
20250612,fresh_breakout,0.75,5377,62,9.0,-23.0,64.8,0.5984251968503937,中位
20250613,fresh_breakout,0.75,5377,50,-12.0,-27.0,59.4,0.5390625,中位
20250616,fresh_breakout,0.75,5379,48,-2.0,-19.0,55.6,0.5193798449612403,中位
20250617,fresh_breakout,0.75,5386,49,1.0,-16.0,52.4,0.5230769230769231,中位
20250618,fresh_breakout,0.75,5386,53,4.0,0.0,52.4,0.5648854961832062,中位
20250619,fresh_breakout,0.75,5385,44,-9.0,-18.0,48.8,0.48484848484848486,中位
20250620,fresh_breakout,0.75,5386,37,-7.0,-13.0,46.2,0.3609022556390977,中位
20250623,fresh_breakout,0.75,5382,42,5.0,-6.0,45.0,0.44776119402985076,中位
20250624,fresh_breakout,0.75,5386,46,4.0,-3.0,44.4,0.5037037037037037,中位
20250625,fresh_breakout,0.75,5388,43,-3.0,-10.0,42.4,0.4632352941176471,中位
20250626,fresh_breakout,0.75,5390,46,3.0,2.0,42.8,0.5109489051094891,中位
20250627,fresh_breakout,0.75,5386,64,18.0,27.0,48.2,0.6594202898550725,中位
20250630,fresh_breakout,0.75,5387,75,11.0,33.0,54.8,0.7553956834532374,高位
20250701,fresh_breakout,0.75,5386,83,8.0,37.0,62.2,0.8214285714285714,高位
20250702,fresh_breakout,0.75,5385,79,-4.0,36.0,69.4,0.7872340425531915,高位
20250703,fresh_breakout,0.75,5385,89,10.0,43.0,78.0,0.852112676056338,高位
20250704,fresh_breakout,0.75,5387,93,4.0,29.0,83.8,0.8531468531468531,高位
20250707,fresh_breakout,0.75,5385,100,7.0,25.0,88.8,0.8819444444444444,高位
20250708,fresh_breakout,0.75,5386,119,19.0,36.0,96.0,0.9379310344827586,高位
20250709,fresh_breakout,0.75,5390,160,41.0,81.0,112.2,0.9726027397260274,高位
20250710,fresh_breakout,0.75,5389,216,56.0,127.0,137.6,0.9931972789115646,高位
20250711,fresh_breakout,0.75,5392,241,25.0,148.0,167.2,1.0,高位
20250714,fresh_breakout,0.75,5391,269,28.0,169.0,201.0,1.0,高位
20250715,fresh_breakout,0.75,5391,219,-50.0,100.0,221.0,0.98,高位
20250716,fresh_breakout,0.75,5389,162,-57.0,2.0,221.4,0.9470198675496688,高位
20250717,fresh_breakout,0.75,5389,132,-30.0,-84.0,204.6,0.9144736842105263,高位
20250718,fresh_breakout,0.75,5388,109,-23.0,-132.0,178.2,0.8431372549019608,高位
20250721,fresh_breakout,0.75,5386,129,20.0,-140.0,150.2,0.9090909090909091,高位
20250722,fresh_breakout,0.75,5385,150,21.0,-69.0,136.4,0.9354838709677419,高位
20250723,fresh_breakout,0.75,5387,230,80.0,68.0,150.0,0.9871794871794872,高位
20250724,fresh_breakout,0.75,5386,312,82.0,180.0,186.0,1.0,高位
20250725,fresh_breakout,0.75,5390,339,27.0,230.0,232.0,1.0,高位
20250728,fresh_breakout,0.75,5393,321,-18.0,192.0,270.4,0.9937106918238994,高位
20250729,fresh_breakout,0.75,5397,304,-17.0,154.0,301.2,0.98125,高位
20250730,fresh_breakout,0.75,5396,282,-22.0,52.0,311.6,0.9751552795031055,高位
20250731,fresh_breakout,0.75,5392,231,-51.0,-81.0,295.4,0.9567901234567902,高位
20250801,fresh_breakout,0.75,5393,196,-35.0,-143.0,266.8,0.9202453987730062,高位
20250804,fresh_breakout,0.75,5390,172,-24.0,-149.0,237.0,0.9024390243902439,高位
20250805,fresh_breakout,0.75,5391,159,-13.0,-145.0,208.0,0.8848484848484849,高位
20250806,fresh_breakout,0.75,5392,152,-7.0,-130.0,182.0,0.8795180722891566,高位
20250807,fresh_breakout,0.75,5392,154,2.0,-77.0,166.6,0.8802395209580839,高位
20250808,fresh_breakout,0.75,5392,159,5.0,-37.0,159.2,0.8869047619047619,高位
20250811,fresh_breakout,0.75,5394,157,-2.0,-15.0,156.2,0.8757396449704142,高位
20250812,fresh_breakout,0.75,5396,150,-7.0,-9.0,154.4,0.8588235294117647,高位
20250813,fresh_breakout,0.75,5394,172,22.0,20.0,158.4,0.9064327485380117,高位
20250814,fresh_breakout,0.75,5394,155,-17.0,1.0,158.6,0.8662790697674418,高位
20250815,fresh_breakout,0.75,5393,157,2.0,-2.0,158.2,0.8728323699421965,高位
20250818,fresh_breakout,0.75,5392,169,12.0,12.0,160.6,0.896551724137931,高位
20250819,fresh_breakout,0.75,5396,179,10.0,29.0,166.4,0.9142857142857143,高位
20250820,fresh_breakout,0.75,5394,204,25.0,32.0,172.8,0.9318181818181818,高位
20250821,fresh_breakout,0.75,5397,225,21.0,70.0,186.8,0.9491525423728814,高位
20250822,fresh_breakout,0.75,5397,259,34.0,102.0,207.2,0.9662921348314607,高位
20250825,fresh_breakout,0.75,5397,269,10.0,100.0,227.2,0.9720670391061452,高位
20250826,fresh_breakout,0.75,5398,304,35.0,125.0,252.2,0.9833333333333333,高位
20250827,fresh_breakout,0.75,5399,297,-7.0,93.0,270.8,0.9723756906077348,高位
20250828,fresh_breakout,0.75,5400,265,-32.0,40.0,278.8,0.9505494505494505,高位
20250829,fresh_breakout,0.75,5397,234,-31.0,-25.0,273.8,0.9344262295081968,高位
20250901,fresh_breakout,0.75,5397,214,-20.0,-55.0,262.8,0.8967391304347826,高位
20250902,fresh_breakout,0.75,5398,181,-33.0,-123.0,238.2,0.8702702702702703,高位
20250903,fresh_breakout,0.75,5401,146,-35.0,-151.0,208.0,0.7741935483870968,高位
20250904,fresh_breakout,0.75,5400,126,-20.0,-139.0,180.2,0.7486631016042781,高位
20250905,fresh_breakout,0.75,5400,138,12.0,-96.0,161.0,0.7659574468085106,高位
20250908,fresh_breakout,0.75,5402,132,-6.0,-82.0,144.6,0.7566137566137566,高位
20250909,fresh_breakout,0.75,5403,152,20.0,-29.0,138.8,0.8,高位
20250910,fresh_breakout,0.75,5404,156,4.0,10.0,140.8,0.8115183246073299,高位
20250911,fresh_breakout,0.75,5403,139,-17.0,13.0,143.4,0.7604166666666666,高位
20250912,fresh_breakout,0.75,5406,137,-2.0,-1.0,143.2,0.7512953367875648,高位
20250915,fresh_breakout,0.75,5405,124,-13.0,-8.0,141.6,0.7216494845360825,高位
20250916,fresh_breakout,0.75,5405,107,-17.0,-45.0,132.6,0.6615384615384615,中位
20250917,fresh_breakout,0.75,5405,112,5.0,-44.0,123.8,0.6683673469387755,高位
20250918,fresh_breakout,0.75,5404,117,5.0,-22.0,119.4,0.700507614213198,高位
20250919,fresh_breakout,0.75,5405,110,-7.0,-27.0,114.0,0.6616161616161617,中位
20250922,fresh_breakout,0.75,5401,88,-22.0,-36.0,106.8,0.6030150753768844,中位
20250923,fresh_breakout,0.75,5407,77,-11.0,-30.0,100.8,0.545,中位
20250924,fresh_breakout,0.75,5405,68,-9.0,-44.0,92.0,0.48258706467661694,中位
20250925,fresh_breakout,0.75,5406,72,4.0,-45.0,83.0,0.5148514851485149,中位
20250926,fresh_breakout,0.75,5405,62,-10.0,-48.0,73.4,0.42857142857142855,中位
20250929,fresh_breakout,0.75,5399,49,-13.0,-39.0,65.6,0.36764705882352944,中位
20250930,fresh_breakout,0.75,5402,45,-4.0,-32.0,59.2,0.33170731707317075,低位
20251009,fresh_breakout,0.75,5398,38,-7.0,-30.0,53.2,0.24271844660194175,低位
20251010,fresh_breakout,0.75,5400,39,1.0,-33.0,46.6,0.2608695652173913,低位
20251013,fresh_breakout,0.75,5402,48,9.0,-14.0,43.8,0.3701923076923077,中位
20251014,fresh_breakout,0.75,5402,63,15.0,14.0,46.6,0.45454545454545453,中位
20251015,fresh_breakout,0.75,5403,79,16.0,34.0,53.4,0.580952380952381,中位
20251016,fresh_breakout,0.75,5407,92,13.0,54.0,64.2,0.6350710900473934,中位
20251017,fresh_breakout,0.75,5409,93,1.0,54.0,75.0,0.6415094339622641,中位
20251020,fresh_breakout,0.75,5408,87,-6.0,39.0,82.8,0.6103286384976526,中位
20251021,fresh_breakout,0.75,5407,86,-1.0,23.0,87.4,0.6074766355140186,中位
20251022,fresh_breakout,0.75,5407,87,1.0,8.0,89.0,0.6139534883720931,中位
20251023,fresh_breakout,0.75,5409,101,14.0,9.0,90.8,0.6712962962962963,高位
20251024,fresh_breakout,0.75,5411,109,8.0,16.0,94.0,0.6866359447004609,高位
20251027,fresh_breakout,0.75,5410,101,-8.0,14.0,96.8,0.6697247706422018,高位
20251028,fresh_breakout,0.75,5408,83,-18.0,-3.0,96.2,0.5844748858447488,中位
20251029,fresh_breakout,0.75,5408,91,8.0,4.0,97.0,0.6272727272727273,中位
20251030,fresh_breakout,0.75,5408,96,5.0,-5.0,96.0,0.6561085972850679,中位
20251031,fresh_breakout,0.75,5409,85,-11.0,-24.0,91.2,0.5900900900900901,中位
20251103,fresh_breakout,0.75,5410,80,-5.0,-21.0,87.0,0.5560538116591929,中位
20251104,fresh_breakout,0.75,5410,86,6.0,3.0,87.6,0.5982142857142857,中位
20251105,fresh_breakout,0.75,5410,114,28.0,23.0,92.2,0.7244444444444444,高位
20251106,fresh_breakout,0.75,5409,129,15.0,33.0,98.8,0.7699115044247787,高位
20251107,fresh_breakout,0.75,5410,140,11.0,55.0,109.8,0.7973568281938326,高位
20251110,fresh_breakout,0.75,5413,156,16.0,76.0,125.0,0.8421052631578947,高位
20251111,fresh_breakout,0.75,5413,182,26.0,96.0,144.2,0.8951965065502183,高位
20251112,fresh_breakout,0.75,5415,239,57.0,125.0,169.2,0.9478260869565217,高位
20251113,fresh_breakout,0.75,5415,259,20.0,130.0,195.2,0.9567099567099567,高位
20251114,fresh_breakout,0.75,5413,253,-6.0,113.0,217.8,0.9482758620689655,高位
20251117,fresh_breakout,0.75,5412,276,23.0,120.0,241.8,0.9699570815450643,高位
20251118,fresh_breakout,0.75,5412,246,-30.0,64.0,254.6,0.9401709401709402,高位
20251119,fresh_breakout,0.75,5414,175,-71.0,-64.0,241.8,0.8638297872340426,高位
20251120,fresh_breakout,0.75,5413,130,-45.0,-129.0,216.0,0.7415254237288136,高位
20251121,fresh_breakout,0.75,5416,78,-52.0,-175.0,181.0,0.5021097046413502,中位
20251124,fresh_breakout,0.75,5413,73,-5.0,-203.0,140.4,0.47058823529411764,中位
20251125,fresh_breakout,0.75,5410,72,-1.0,-174.0,105.6,0.4686192468619247,中位
20251126,fresh_breakout,0.75,5407,65,-7.0,-110.0,83.6,0.4166666666666667,中位
20251127,fresh_breakout,0.75,5406,57,-8.0,-73.0,69.0,0.36099585062240663,中位
20251128,fresh_breakout,0.75,5405,54,-3.0,-24.0,64.2,0.35537190082644626,中位
20251201,fresh_breakout,0.75,5404,48,-6.0,-25.0,59.2,0.32098765432098764,低位
20251202,fresh_breakout,0.75,5407,46,-2.0,-26.0,54.0,0.30327868852459017,低位
20251203,fresh_breakout,0.75,5412,39,-7.0,-26.0,48.8,0.22448979591836735,低位
20251204,fresh_breakout,0.75,5410,40,1.0,-17.0,45.4,0.23577235772357724,低位
20251205,fresh_breakout,0.75,5408,38,-2.0,-16.0,42.2,0.20647773279352227,低位
20251208,fresh_breakout,0.75,5410,36,-2.0,-12.0,39.8,0.18951612903225806,低位
20251209,fresh_breakout,0.75,5412,39,3.0,-7.0,38.4,0.23293172690763053,低位
20251210,fresh_breakout,0.75,5408,62,23.0,23.0,43.0,0.408,中位
20251211,fresh_breakout,0.75,5415,63,1.0,23.0,47.6,0.42231075697211157,中位
20251212,fresh_breakout,0.75,5418,60,-3.0,22.0,52.0,0.39285714285714285,中位
20251215,fresh_breakout,0.75,5417,60,0.0,24.0,56.8,0.3952569169960474,中位
20251216,fresh_breakout,0.75,5420,48,-12.0,9.0,58.6,0.3346456692913386,中位
20251217,fresh_breakout,0.75,5420,44,-4.0,-18.0,55.0,0.29411764705882354,低位
20251218,fresh_breakout,0.75,5423,42,-2.0,-21.0,50.8,0.265625,低位
20251219,fresh_breakout,0.75,5421,34,-8.0,-26.0,45.6,0.17509727626459143,低位
20251222,fresh_breakout,0.75,5417,36,2.0,-24.0,40.8,0.18992248062015504,低位
20251223,fresh_breakout,0.75,5419,41,5.0,-7.0,39.4,0.25868725868725867,低位
20251224,fresh_breakout,0.75,5421,51,10.0,7.0,40.8,0.36923076923076925,中位
20251225,fresh_breakout,0.75,5424,57,6.0,15.0,43.8,0.3946360153256705,中位
20251226,fresh_breakout,0.75,5423,80,23.0,46.0,53.0,0.5725190839694656,中位
20251229,fresh_breakout,0.75,5425,102,22.0,66.0,66.2,0.6806083650190115,高位
20251230,fresh_breakout,0.75,5425,97,-5.0,56.0,77.4,0.6628787878787878,中位
20251231,fresh_breakout,0.75,5424,104,7.0,53.0,88.0,0.6867924528301886,高位
20260105,fresh_breakout,0.75,5424,119,15.0,62.0,100.4,0.7443609022556391,高位
20260106,fresh_breakout,0.75,5425,151,32.0,71.0,114.6,0.8164794007490637,高位
20260107,fresh_breakout,0.75,5430,177,26.0,75.0,129.6,0.8805970149253731,高位
20260108,fresh_breakout,0.75,5429,235,58.0,138.0,157.2,0.9368029739776952,高位
20260109,fresh_breakout,0.75,5429,298,63.0,194.0,196.0,0.9814814814814815,高位
20260112,fresh_breakout,0.75,5429,366,68.0,247.0,245.4,1.0,高位
20260113,fresh_breakout,0.75,5423,394,28.0,243.0,294.0,1.0,高位
20260114,fresh_breakout,0.75,5425,422,28.0,245.0,343.0,1.0,高位
20260115,fresh_breakout,0.75,5428,410,-12.0,175.0,378.0,0.9963503649635036,高位
20260116,fresh_breakout,0.75,5431,381,-29.0,83.0,394.6,0.9890909090909091,高位
20260119,fresh_breakout,0.75,5434,309,-72.0,-57.0,383.2,0.9710144927536232,高位
20260120,fresh_breakout,0.75,5440,230,-79.0,-164.0,350.4,0.9025270758122743,高位
20260121,fresh_breakout,0.75,5437,211,-19.0,-211.0,308.2,0.8776978417266187,高位
20260122,fresh_breakout,0.75,5437,230,19.0,-180.0,272.2,0.9032258064516129,高位
20260123,fresh_breakout,0.75,5438,261,31.0,-120.0,248.2,0.9357142857142857,高位
20260126,fresh_breakout,0.75,5434,272,11.0,-37.0,240.8,0.9466192170818505,高位
20260127,fresh_breakout,0.75,5434,266,-6.0,36.0,248.0,0.9361702127659575,高位
20260128,fresh_breakout,0.75,5436,265,-1.0,54.0,258.8,0.9328621908127208,高位
20260129,fresh_breakout,0.75,5436,269,4.0,39.0,266.6,0.9436619718309859,高位
20260130,fresh_breakout,0.75,5432,260,-9.0,-1.0,266.4,0.9192982456140351,高位
20260202,fresh_breakout,0.75,5435,174,-86.0,-98.0,246.8,0.8216783216783217,高位
20260203,fresh_breakout,0.75,5435,124,-50.0,-142.0,218.4,0.7038327526132404,高位
20260204,fresh_breakout,0.75,5439,89,-35.0,-176.0,183.2,0.5798611111111112,中位
20260205,fresh_breakout,0.75,5437,76,-13.0,-193.0,144.6,0.4809688581314879,中位
20260206,fresh_breakout,0.75,5437,85,9.0,-175.0,109.6,0.5517241379310345,中位
20260209,fresh_breakout,0.75,5436,91,6.0,-83.0,93.0,0.5876288659793815,中位
20260210,fresh_breakout,0.75,5438,85,-6.0,-39.0,85.2,0.5513698630136986,中位
20260211,fresh_breakout,0.75,5438,80,-5.0,-9.0,83.4,0.5187713310580204,中位
20260212,fresh_breakout,0.75,5444,71,-9.0,-5.0,82.4,0.445578231292517,中位
20260213,fresh_breakout,0.75,5442,58,-13.0,-27.0,77.0,0.3593220338983051,中位
20260224,fresh_breakout,0.75,5443,56,-2.0,-35.0,70.0,0.34459459459459457,中位
20260225,fresh_breakout,0.75,5440,44,-12.0,-41.0,61.8,0.26936026936026936,低位
20260226,fresh_breakout,0.75,5439,47,3.0,-33.0,55.2,0.29194630872483224,低位
20260227,fresh_breakout,0.75,5440,54,7.0,-17.0,51.8,0.34448160535117056,中位
20260302,fresh_breakout,0.75,5439,61,7.0,3.0,52.4,0.38333333333333336,中位
20260303,fresh_breakout,0.75,5441,63,2.0,7.0,53.8,0.40863787375415284,中位
20260304,fresh_breakout,0.75,5442,74,11.0,30.0,59.8,0.48344370860927155,中位
20260305,fresh_breakout,0.75,5444,78,4.0,31.0,66.0,0.5082508250825083,中位
20260306,fresh_breakout,0.75,5445,68,-10.0,14.0,68.8,0.4407894736842105,中位
20260309,fresh_breakout,0.75,5449,54,-14.0,-7.0,67.4,0.34098360655737703,中位
20260310,fresh_breakout,0.75,5448,53,-1.0,-10.0,65.4,0.3333333333333333,低位
20260311,fresh_breakout,0.75,5451,71,18.0,-3.0,64.8,0.46254071661237783,中位
20260312,fresh_breakout,0.75,5454,85,14.0,7.0,66.2,0.5746753246753247,中位
20260313,fresh_breakout,0.75,5454,76,-9.0,8.0,67.8,0.49514563106796117,中位
20260316,fresh_breakout,0.75,5454,76,0.0,22.0,72.2,0.4967741935483871,中位
20260317,fresh_breakout,0.75,5452,68,-8.0,15.0,75.2,0.4405144694533762,中位
20260318,fresh_breakout,0.75,5452,61,-7.0,-10.0,73.2,0.3782051282051282,中位
20260319,fresh_breakout,0.75,5455,50,-11.0,-35.0,66.2,0.31309904153354634,低位
20260320,fresh_breakout,0.75,5458,40,-10.0,-36.0,59.0,0.20382165605095542,低位
20260323,fresh_breakout,0.75,5460,26,-14.0,-50.0,49.0,0.09841269841269841,低位
20260324,fresh_breakout,0.75,5459,33,7.0,-35.0,42.0,0.13924050632911392,低位
20260325,fresh_breakout,0.75,5458,40,7.0,-21.0,37.8,0.2113564668769716,低位
20260326,fresh_breakout,0.75,5457,46,6.0,-4.0,37.0,0.2830188679245283,低位
20260327,fresh_breakout,0.75,5453,50,4.0,10.0,39.0,0.32601880877742945,低位
20260330,fresh_breakout,0.75,5450,51,1.0,25.0,44.0,0.33125,低位
20260331,fresh_breakout,0.75,5453,40,-11.0,7.0,45.4,0.2118380062305296,低位
20260401,fresh_breakout,0.75,5455,41,1.0,1.0,45.6,0.2267080745341615,低位
20260402,fresh_breakout,0.75,5456,35,-6.0,-11.0,43.4,0.15170278637770898,低位
20260403,fresh_breakout,0.75,5458,27,-8.0,-23.0,38.8,0.11419753086419752,低位
20260407,fresh_breakout,0.75,5456,22,-5.0,-29.0,33.0,0.08,低位
20260408,fresh_breakout,0.75,5460,28,6.0,-12.0,30.6,0.12269938650306748,低位
20260409,fresh_breakout,0.75,5462,34,6.0,-7.0,29.2,0.1559633027522936,低位
20260410,fresh_breakout,0.75,5464,36,2.0,1.0,29.4,0.17378048780487804,低位
20260413,fresh_breakout,0.75,5462,37,1.0,10.0,31.4,0.182370820668693,低位
20260414,fresh_breakout,0.75,5464,37,0.0,15.0,34.4,0.18484848484848485,低位
20260415,fresh_breakout,0.75,5462,43,6.0,15.0,37.4,0.2688821752265861,低位
20260416,fresh_breakout,0.75,5465,59,16.0,25.0,42.4,0.4006024096385542,中位
20260417,fresh_breakout,0.75,5464,78,19.0,42.0,50.8,0.5495495495495496,中位
20260420,fresh_breakout,0.75,5460,81,3.0,44.0,59.6,0.5778443113772455,中位
20260421,fresh_breakout,0.75,5463,71,-10.0,34.0,66.4,0.4925373134328358,中位
20260422,fresh_breakout,0.75,5463,89,18.0,46.0,75.6,0.6369047619047619,中位
20260423,fresh_breakout,0.75,5460,84,-5.0,25.0,80.6,0.5905044510385756,中位
20260424,fresh_breakout,0.75,5461,70,-14.0,-8.0,79.0,0.47337278106508873,中位
20260427,fresh_breakout,0.75,5459,76,6.0,-5.0,78.0,0.528023598820059,中位
20260428,fresh_breakout,0.75,5452,83,7.0,12.0,80.4,0.5911764705882353,中位
20260429,fresh_breakout,0.75,5428,86,3.0,-3.0,79.8,0.6187683284457478,中位
20260430,fresh_breakout,0.75,5426,107,21.0,23.0,84.4,0.695906432748538,高位
20260506,fresh_breakout,0.75,5457,122,15.0,52.0,94.8,0.7434402332361516,高位
20260507,fresh_breakout,0.75,5459,119,-3.0,43.0,103.4,0.7383720930232558,高位
20260508,fresh_breakout,0.75,5457,151,32.0,68.0,117.0,0.8028985507246377,高位
20260511,fresh_breakout,0.75,5455,213,62.0,127.0,142.4,0.8815028901734104,高位
20260512,fresh_breakout,0.75,5455,236,23.0,129.0,168.2,0.9135446685878963,高位
20260513,fresh_breakout,0.75,5458,306,70.0,184.0,205.0,0.9741379310344828,高位
20260514,fresh_breakout,0.75,5458,380,74.0,261.0,257.2,0.9885386819484241,高位
20260515,fresh_breakout,0.75,5458,301,-79.0,150.0,287.2,0.9628571428571429,高位
20260518,fresh_breakout,0.75,5461,257,-44.0,44.0,296.0,0.9173789173789174,高位
20260519,fresh_breakout,0.75,5458,244,-13.0,8.0,297.6,0.9090909090909091,高位
20260520,fresh_breakout,0.75,5463,245,1.0,-61.0,285.4,0.9093484419263456,高位
20260521,fresh_breakout,0.75,5467,183,-62.0,-197.0,246.0,0.847457627118644,高位
20260522,fresh_breakout,0.75,5466,167,-16.0,-134.0,219.2,0.8169014084507042,高位
20260525,fresh_breakout,0.75,5466,106,-61.0,-151.0,189.0,0.6657303370786517,中位
20260526,fresh_breakout,0.75,5466,76,-30.0,-168.0,155.4,0.5042016806722689,中位
20260527,fresh_breakout,0.75,5466,61,-15.0,-184.0,118.6,0.388268156424581,中位
20260528,fresh_breakout,0.75,5466,61,0.0,-122.0,94.2,0.38997214484679665,中位
20260529,fresh_breakout,0.75,5465,45,-16.0,-122.0,69.8,0.26944444444444443,低位
20260601,fresh_breakout,0.75,5468,31,-14.0,-75.0,54.8,0.12465373961218837,低位
20260602,fresh_breakout,0.75,5467,29,-2.0,-47.0,45.4,0.11878453038674033,低位
20260603,fresh_breakout,0.75,5472,34,5.0,-27.0,40.0,0.1487603305785124,低位
20260604,fresh_breakout,0.75,5472,34,0.0,-27.0,34.6,0.1510989010989011,低位
20260605,fresh_breakout,0.75,5474,35,1.0,-10.0,32.6,0.1589041095890411,低位
20260608,fresh_breakout,0.75,5476,33,-2.0,2.0,33.0,0.1366120218579235,低位
20260609,fresh_breakout,0.75,5475,29,-4.0,0.0,33.0,0.11989100817438691,低位
20260610,fresh_breakout,0.75,5473,25,-4.0,-9.0,31.2,0.08695652173913043,低位
20260611,fresh_breakout,0.75,5472,23,-2.0,-11.0,29.0,0.07859078590785908,低位
20260612,fresh_breakout,0.75,5476,23,0.0,-12.0,26.6,0.08108108108108109,低位
20260615,fresh_breakout,0.75,5472,23,0.0,-10.0,24.6,0.08355795148247978,低位
20260616,fresh_breakout,0.75,5477,18,-5.0,-11.0,22.4,0.04838709677419355,低位
20260617,fresh_breakout,0.75,5473,22,4.0,-3.0,21.8,0.07506702412868632,低位
20260618,fresh_breakout,0.75,5471,26,4.0,3.0,22.4,0.10427807486631016,低位
20260622,fresh_breakout,0.75,5476,38,12.0,15.0,25.4,0.21066666666666667,低位
20260623,fresh_breakout,0.75,5479,36,-2.0,13.0,28.0,0.19148936170212766,低位
20260624,fresh_breakout,0.75,5480,38,2.0,20.0,32.0,0.21485411140583555,低位
20260625,fresh_breakout,0.75,5480,48,10.0,26.0,37.2,0.335978835978836,中位
20260626,fresh_breakout,0.75,5481,38,-10.0,12.0,39.6,0.21635883905013192,低位
20260629,fresh_breakout,0.75,5477,33,-5.0,-5.0,38.6,0.15526315789473685,低位
20260630,fresh_breakout,0.75,5476,38,5.0,2.0,39.0,0.2204724409448819,低位
20260701,fresh_breakout,0.75,5480,37,-1.0,-1.0,38.8,0.20418848167539266,低位
20260702,fresh_breakout,0.75,5485,40,3.0,-8.0,37.2,0.2558746736292428,低位
20260703,fresh_breakout,0.75,5487,40,0.0,2.0,37.6,0.2578125,低位
20260706,fresh_breakout,0.75,5488,32,-8.0,-1.0,37.4,0.14285714285714285,低位
20260707,fresh_breakout,0.75,5488,22,-10.0,-16.0,34.2,0.07512953367875648,低位
20260708,fresh_breakout,0.75,5490,20,-2.0,-17.0,30.8,0.056847545219638244,低位
20260709,fresh_breakout,0.75,5492,16,-4.0,-24.0,26.0,0.03608247422680412,低位
20260710,fresh_breakout,0.75,5491,12,-4.0,-28.0,20.4,0.02570694087403599,低位
20260713,fresh_breakout,0.75,5495,14,2.0,-18.0,16.8,0.028205128205128206,低位
20260714,fresh_breakout,0.75,5496,16,2.0,-6.0,15.6,0.043478260869565216,低位
20260715,fresh_breakout,0.75,5497,17,1.0,-3.0,15.0,0.05357142857142857,低位
20260716,fresh_breakout,0.75,5496,17,0.0,1.0,15.2,0.05597964376590331,低位
20260717,fresh_breakout,0.75,5494,13,-4.0,1.0,15.4,0.027918781725888325,低位
20260720,fresh_breakout,0.75,5498,13,0.0,-1.0,15.2,0.030379746835443037,低位
20260721,fresh_breakout,0.75,5498,9,-4.0,-7.0,13.8,0.007575757575757576,低位
20260722,fresh_breakout,0.75,5498,8,-1.0,-9.0,12.0,0.005037783375314861,低位
20260723,fresh_breakout,0.75,5498,7,-1.0,-10.0,10.0,0.002512562814070352,低位
20260724,fresh_breakout,0.75,5499,4,-3.0,-9.0,8.2,0.002506265664160401,低位
20260727,fresh_breakout,0.75,5496,4,0.0,-9.0,6.4,0.005,低位
20260728,fresh_breakout,0.75,5497,5,1.0,-4.0,5.6,0.007481296758104738,低位
20260729,fresh_breakout,0.75,5496,6,1.0,-2.0,5.2,0.009950248756218905,低位
20241202,healthy_uptrend,0.75,5323,3682,,,3682.0,1.0,高位
20241203,healthy_uptrend,0.75,5323,3758,76.0,,3720.0,1.0,高位
20241204,healthy_uptrend,0.75,5323,3830,72.0,,3756.6666666666665,1.0,高位
20241205,healthy_uptrend,0.75,5325,3830,0.0,,3775.0,1.0,高位
20241206,healthy_uptrend,0.75,5323,3795,-35.0,,3779.0,0.6,中位
20241209,healthy_uptrend,0.75,5321,3828,33.0,146.0,3808.2,0.6666666666666666,高位
20241210,healthy_uptrend,0.75,5324,3978,150.0,220.0,3852.2,1.0,高位
20241211,healthy_uptrend,0.75,5324,3997,19.0,167.0,3885.6,1.0,高位
20241212,healthy_uptrend,0.75,5325,4061,64.0,231.0,3931.8,1.0,高位
20241213,healthy_uptrend,0.75,5324,4023,-38.0,228.0,3977.4,0.9,高位
20241216,healthy_uptrend,0.75,5329,4037,14.0,209.0,4019.2,0.9090909090909091,高位
20241217,healthy_uptrend,0.75,5326,3905,-132.0,-73.0,4004.6,0.5833333333333334,中位
20241218,healthy_uptrend,0.75,5327,3701,-204.0,-296.0,3945.4,0.15384615384615385,低位
20241219,healthy_uptrend,0.75,5327,3437,-264.0,-624.0,3820.6,0.07142857142857142,低位
20241220,healthy_uptrend,0.75,5331,3211,-226.0,-812.0,3658.2,0.06666666666666667,低位
20241223,healthy_uptrend,0.75,5329,2885,-326.0,-1152.0,3427.8,0.0625,低位
20241224,healthy_uptrend,0.75,5329,2692,-193.0,-1213.0,3185.2,0.058823529411764705,低位
20241225,healthy_uptrend,0.75,5326,2459,-233.0,-1242.0,2936.8,0.05555555555555555,低位
20241226,healthy_uptrend,0.75,5330,2186,-273.0,-1251.0,2686.6,0.05263157894736842,低位
20241227,healthy_uptrend,0.75,5329,1919,-267.0,-1292.0,2428.2,0.05,低位
20241230,healthy_uptrend,0.75,5325,1634,-285.0,-1251.0,2178.0,0.047619047619047616,低位
20241231,healthy_uptrend,0.75,5328,1421,-213.0,-1271.0,1923.8,0.045454545454545456,低位
20250102,healthy_uptrend,0.75,5328,1178,-243.0,-1281.0,1667.6,0.043478260869565216,低位
20250103,healthy_uptrend,0.75,5330,946,-232.0,-1240.0,1419.6,0.041666666666666664,低位
20250106,healthy_uptrend,0.75,5328,779,-167.0,-1140.0,1191.6,0.04,低位
20250107,healthy_uptrend,0.75,5331,672,-107.0,-962.0,999.2,0.038461538461538464,低位
20250108,healthy_uptrend,0.75,5331,592,-80.0,-829.0,833.4,0.037037037037037035,低位
20250109,healthy_uptrend,0.75,5332,539,-53.0,-639.0,705.6,0.03571428571428571,低位
20250110,healthy_uptrend,0.75,5332,498,-41.0,-448.0,616.0,0.034482758620689655,低位
20250113,healthy_uptrend,0.75,5331,460,-38.0,-319.0,552.2,0.03333333333333333,低位
20250114,healthy_uptrend,0.75,5335,435,-25.0,-237.0,504.8,0.03225806451612903,低位
20250115,healthy_uptrend,0.75,5335,419,-16.0,-173.0,470.2,0.03125,低位
20250116,healthy_uptrend,0.75,5335,413,-6.0,-126.0,445.0,0.030303030303030304,低位
20250117,healthy_uptrend,0.75,5335,407,-6.0,-91.0,426.8,0.029411764705882353,低位
20250120,healthy_uptrend,0.75,5334,406,-1.0,-54.0,416.0,0.02857142857142857,低位
20250121,healthy_uptrend,0.75,5336,392,-14.0,-43.0,407.4,0.027777777777777776,低位
20250122,healthy_uptrend,0.75,5339,367,-25.0,-52.0,397.0,0.02702702702702703,低位
20250123,healthy_uptrend,0.75,5341,372,5.0,-41.0,388.8,0.05263157894736842,低位
20250124,healthy_uptrend,0.75,5338,369,-3.0,-38.0,381.2,0.05128205128205128,低位
20250127,healthy_uptrend,0.75,5338,336,-33.0,-70.0,367.2,0.025,低位
20250205,healthy_uptrend,0.75,5340,315,-21.0,-77.0,351.8,0.024390243902439025,低位
20250206,healthy_uptrend,0.75,5340,322,7.0,-45.0,342.8,0.047619047619047616,低位
20250207,healthy_uptrend,0.75,5341,309,-13.0,-63.0,330.2,0.023255813953488372,低位
20250210,healthy_uptrend,0.75,5344,302,-7.0,-67.0,316.8,0.022727272727272728,低位
20250211,healthy_uptrend,0.75,5343,289,-13.0,-47.0,307.4,0.022222222222222223,低位
20250212,healthy_uptrend,0.75,5343,280,-9.0,-35.0,300.4,0.021739130434782608,低位
20250213,healthy_uptrend,0.75,5345,269,-11.0,-53.0,289.8,0.02127659574468085,低位
20250214,healthy_uptrend,0.75,5345,247,-22.0,-62.0,277.4,0.020833333333333332,低位
20250217,healthy_uptrend,0.75,5349,244,-3.0,-58.0,265.8,0.02040816326530612,低位
20250218,healthy_uptrend,0.75,5348,242,-2.0,-47.0,256.4,0.02,低位
20250219,healthy_uptrend,0.75,5348,243,1.0,-37.0,249.0,0.0392156862745098,低位
20250220,healthy_uptrend,0.75,5347,249,6.0,-20.0,245.0,0.09615384615384616,低位
20250221,healthy_uptrend,0.75,5351,252,3.0,5.0,246.0,0.11320754716981132,低位
20250224,healthy_uptrend,0.75,5349,259,7.0,15.0,249.0,0.12962962962962962,低位
20250225,healthy_uptrend,0.75,5347,261,2.0,19.0,252.8,0.14545454545454545,低位
20250226,healthy_uptrend,0.75,5350,279,18.0,36.0,260.0,0.17857142857142858,低位
20250227,healthy_uptrend,0.75,5348,285,6.0,36.0,267.2,0.21052631578947367,低位
20250228,healthy_uptrend,0.75,5350,287,2.0,35.0,274.2,0.22413793103448276,低位
20250303,healthy_uptrend,0.75,5347,281,-6.0,22.0,278.6,0.2033898305084746,低位
20250304,healthy_uptrend,0.75,5347,294,13.0,33.0,285.2,0.26666666666666666,低位
20250305,healthy_uptrend,0.75,5346,297,3.0,18.0,288.8,0.2786885245901639,低位
20250306,healthy_uptrend,0.75,5344,301,4.0,16.0,292.0,0.2903225806451613,低位
20250307,healthy_uptrend,0.75,5347,317,16.0,30.0,298.0,0.3492063492063492,中位
20250310,healthy_uptrend,0.75,5347,350,33.0,69.0,311.8,0.390625,中位
20250311,healthy_uptrend,0.75,5349,371,21.0,77.0,327.2,0.4307692307692308,中位
20250312,healthy_uptrend,0.75,5348,405,34.0,108.0,348.8,0.4696969696969697,中位
20250313,healthy_uptrend,0.75,5350,421,16.0,120.0,372.8,0.5373134328358209,中位
20250314,healthy_uptrend,0.75,5350,451,30.0,134.0,399.6,0.5588235294117647,中位
20250317,healthy_uptrend,0.75,5345,474,23.0,124.0,424.4,0.5797101449275363,中位
20250318,healthy_uptrend,0.75,5351,488,14.0,117.0,447.8,0.5857142857142857,中位
20250319,healthy_uptrend,0.75,5348,499,11.0,94.0,466.6,0.6056338028169014,中位
20250320,healthy_uptrend,0.75,5350,522,23.0,101.0,486.8,0.6111111111111112,中位
20250321,healthy_uptrend,0.75,5350,531,9.0,80.0,502.8,0.6164383561643836,中位
20250324,healthy_uptrend,0.75,5350,542,11.0,68.0,516.4,0.6351351351351351,中位
20250325,healthy_uptrend,0.75,5352,517,-25.0,29.0,522.2,0.5866666666666667,中位
20250326,healthy_uptrend,0.75,5354,510,-7.0,11.0,524.4,0.5789473684210527,中位
20250327,healthy_uptrend,0.75,5353,497,-13.0,-25.0,519.4,0.5454545454545454,中位
20250328,healthy_uptrend,0.75,5351,493,-4.0,-38.0,511.8,0.5384615384615384,中位
20250331,healthy_uptrend,0.75,5355,486,-7.0,-56.0,500.6,0.5189873417721519,中位
20250401,healthy_uptrend,0.75,5354,460,-26.0,-57.0,489.2,0.5,中位
20250402,healthy_uptrend,0.75,5355,468,8.0,-42.0,480.8,0.5061728395061729,中位
20250403,healthy_uptrend,0.75,5355,457,-11.0,-40.0,472.8,0.47560975609756095,中位
20250407,healthy_uptrend,0.75,5355,364,-93.0,-129.0,447.0,0.3132530120481928,低位
20250408,healthy_uptrend,0.75,5355,303,-61.0,-183.0,410.4,0.23809523809523808,低位
20250409,healthy_uptrend,0.75,5357,270,-33.0,-190.0,372.4,0.11764705882352941,低位
20250410,healthy_uptrend,0.75,5357,261,-9.0,-207.0,331.0,0.10465116279069768,低位
20250411,healthy_uptrend,0.75,5356,281,20.0,-176.0,295.8,0.1724137931034483,低位
20250414,healthy_uptrend,0.75,5356,318,37.0,-46.0,286.6,0.3068181818181818,低位
20250415,healthy_uptrend,0.75,5353,356,38.0,53.0,297.2,0.34831460674157305,中位
20250416,healthy_uptrend,0.75,5356,388,32.0,118.0,320.8,0.4111111111111111,中位
20250417,healthy_uptrend,0.75,5355,429,41.0,168.0,354.4,0.4945054945054945,中位
20250418,healthy_uptrend,0.75,5355,452,23.0,171.0,388.6,0.5217391304347826,中位
20250421,healthy_uptrend,0.75,5355,460,8.0,142.0,417.0,0.5591397849462365,中位
20250422,healthy_uptrend,0.75,5355,471,11.0,115.0,440.0,0.574468085106383,中位
20250423,healthy_uptrend,0.75,5357,499,28.0,111.0,462.2,0.6526315789473685,中位
20250424,healthy_uptrend,0.75,5356,513,14.0,84.0,479.0,0.6666666666666666,高位
20250425,healthy_uptrend,0.75,5354,549,36.0,97.0,498.4,0.7216494845360825,高位
20250428,healthy_uptrend,0.75,5349,530,-19.0,70.0,512.4,0.6836734693877551,高位
20250429,healthy_uptrend,0.75,5323,529,-1.0,58.0,524.0,0.6767676767676768,高位
20250430,healthy_uptrend,0.75,5323,503,-26.0,4.0,524.8,0.63,中位
20250506,healthy_uptrend,0.75,5349,503,0.0,-10.0,522.8,0.6336633663366337,中位
20250507,healthy_uptrend,0.75,5352,514,11.0,-35.0,515.8,0.6568627450980392,中位
20250508,healthy_uptrend,0.75,5355,512,-2.0,-18.0,512.2,0.6407766990291263,中位
20250509,healthy_uptrend,0.75,5355,500,-12.0,-29.0,506.4,0.6057692307692307,中位
20250512,healthy_uptrend,0.75,5355,475,-25.0,-28.0,500.8,0.5333333333333333,中位
20250513,healthy_uptrend,0.75,5356,454,-21.0,-49.0,491.0,0.46226415094339623,中位
20250514,healthy_uptrend,0.75,5356,441,-13.0,-73.0,476.4,0.4392523364485981,中位
20250515,healthy_uptrend,0.75,5357,421,-20.0,-91.0,458.2,0.4166666666666667,中位
20250516,healthy_uptrend,0.75,5356,415,-6.0,-85.0,441.2,0.3944954128440367,中位
20250519,healthy_uptrend,0.75,5351,406,-9.0,-69.0,427.4,0.37272727272727274,中位
20250520,healthy_uptrend,0.75,5359,427,21.0,-27.0,422.0,0.43243243243243246,中位
20250521,healthy_uptrend,0.75,5355,437,10.0,-4.0,421.2,0.45535714285714285,中位
20250522,healthy_uptrend,0.75,5351,444,7.0,23.0,425.8,0.4690265486725664,中位
20250523,healthy_uptrend,0.75,5353,447,3.0,32.0,432.2,0.47368421052631576,中位
20250526,healthy_uptrend,0.75,5350,442,-5.0,36.0,439.4,0.4608695652173913,中位
20250527,healthy_uptrend,0.75,5352,451,9.0,24.0,444.2,0.49137931034482757,中位
20250528,healthy_uptrend,0.75,5351,447,-4.0,10.0,446.2,0.47863247863247865,中位
20250529,healthy_uptrend,0.75,5353,448,1.0,4.0,447.0,0.4830508474576271,中位
20250530,healthy_uptrend,0.75,5353,445,-3.0,-2.0,446.6,0.46218487394957986,中位
20250603,healthy_uptrend,0.75,5349,447,2.0,5.0,447.6,0.48333333333333334,中位
20250604,healthy_uptrend,0.75,5356,464,17.0,13.0,450.2,0.5619834710743802,中位
20250605,healthy_uptrend,0.75,5356,480,16.0,33.0,456.8,0.5983606557377049,中位
20250606,healthy_uptrend,0.75,5359,498,18.0,50.0,466.8,0.6422764227642277,中位
20250609,healthy_uptrend,0.75,5355,503,5.0,58.0,478.4,0.6854838709677419,高位
20250610,healthy_uptrend,0.75,5362,518,15.0,71.0,492.6,0.728,高位
20250611,healthy_uptrend,0.75,5364,538,20.0,74.0,507.4,0.7619047619047619,高位
20250612,healthy_uptrend,0.75,5363,590,52.0,110.0,529.4,0.7874015748031497,高位
20250613,healthy_uptrend,0.75,5363,592,2.0,94.0,548.2,0.796875,高位
20250616,healthy_uptrend,0.75,5365,584,-8.0,81.0,564.4,0.7751937984496124,高位
20250617,healthy_uptrend,0.75,5371,581,-3.0,63.0,577.0,0.7692307692307693,高位
20250618,healthy_uptrend,0.75,5371,574,-7.0,36.0,584.2,0.7633587786259542,高位
20250619,healthy_uptrend,0.75,5370,543,-31.0,-47.0,574.8,0.75,高位
20250620,healthy_uptrend,0.75,5370,531,-12.0,-61.0,562.6,0.7218045112781954,高位
20250623,healthy_uptrend,0.75,5365,518,-13.0,-66.0,549.4,0.6865671641791045,高位
20250624,healthy_uptrend,0.75,5369,511,-7.0,-70.0,535.4,0.6444444444444445,中位
20250625,healthy_uptrend,0.75,5370,515,4.0,-59.0,523.6,0.6691176470588235,高位
20250626,healthy_uptrend,0.75,5372,528,13.0,-15.0,520.6,0.7007299270072993,高位
20250627,healthy_uptrend,0.75,5368,535,7.0,4.0,521.4,0.7318840579710145,高位
20250630,healthy_uptrend,0.75,5370,538,3.0,20.0,525.4,0.7410071942446043,高位
20250701,healthy_uptrend,0.75,5368,545,7.0,34.0,532.2,0.7642857142857142,高位
20250702,healthy_uptrend,0.75,5367,546,1.0,31.0,538.4,0.7659574468085106,高位
20250703,healthy_uptrend,0.75,5367,569,23.0,41.0,546.6,0.7746478873239436,高位
20250704,healthy_uptrend,0.75,5369,589,20.0,54.0,557.4,0.7972027972027972,高位
20250707,healthy_uptrend,0.75,5369,639,50.0,101.0,577.6,0.8194444444444444,高位
20250708,healthy_uptrend,0.75,5368,700,61.0,155.0,608.6,0.8275862068965517,高位
20250709,healthy_uptrend,0.75,5371,773,73.0,227.0,654.0,0.8287671232876712,高位
20250710,healthy_uptrend,0.75,5370,809,36.0,240.0,702.0,0.8367346938775511,高位
20250711,healthy_uptrend,0.75,5373,894,85.0,305.0,763.0,0.8378378378378378,高位
20250714,healthy_uptrend,0.75,5373,964,70.0,325.0,828.0,0.8456375838926175,高位
20250715,healthy_uptrend,0.75,5374,1027,63.0,327.0,893.4,0.8466666666666667,高位
20250716,healthy_uptrend,0.75,5373,1082,55.0,309.0,955.2,0.847682119205298,高位
20250717,healthy_uptrend,0.75,5374,1231,149.0,422.0,1039.6,0.8552631578947368,高位
20250718,healthy_uptrend,0.75,5374,1333,102.0,439.0,1127.4,0.8562091503267973,高位
20250721,healthy_uptrend,0.75,5373,1374,41.0,410.0,1209.4,0.8571428571428571,高位
20250722,healthy_uptrend,0.75,5371,1381,7.0,354.0,1280.2,0.8580645161290322,高位
20250723,healthy_uptrend,0.75,5375,1527,146.0,445.0,1369.2,0.8653846153846154,高位
20250724,healthy_uptrend,0.75,5375,1698,171.0,467.0,1462.6,0.8726114649681529,高位
20250725,healthy_uptrend,0.75,5377,1898,200.0,565.0,1575.6,0.8734177215189873,高位
20250728,healthy_uptrend,0.75,5378,1961,63.0,587.0,1693.0,0.8805031446540881,高位
20250729,healthy_uptrend,0.75,5383,2036,75.0,655.0,1824.0,0.88125,高位
20250730,healthy_uptrend,0.75,5382,2101,65.0,574.0,1938.8,0.8819875776397516,高位
20250731,healthy_uptrend,0.75,5378,2173,72.0,475.0,2033.8,0.8827160493827161,高位
20250801,healthy_uptrend,0.75,5380,2209,36.0,311.0,2096.0,0.8895705521472392,高位
20250804,healthy_uptrend,0.75,5378,2233,24.0,272.0,2150.4,0.8902439024390244,高位
20250805,healthy_uptrend,0.75,5379,2252,19.0,216.0,2193.6,0.8909090909090909,高位
20250806,healthy_uptrend,0.75,5381,2281,29.0,180.0,2229.6,0.891566265060241,高位
20250807,healthy_uptrend,0.75,5380,2337,56.0,164.0,2262.4,0.8922155688622755,高位
20250808,healthy_uptrend,0.75,5381,2365,28.0,156.0,2293.6,0.8928571428571429,高位
20250811,healthy_uptrend,0.75,5384,2419,54.0,186.0,2330.8,0.893491124260355,高位
20250812,healthy_uptrend,0.75,5387,2463,44.0,211.0,2373.0,0.9,高位
20250813,healthy_uptrend,0.75,5383,2504,41.0,223.0,2417.6,0.9005847953216374,高位
20250814,healthy_uptrend,0.75,5383,2519,15.0,182.0,2454.0,0.9011627906976745,高位
20250815,healthy_uptrend,0.75,5382,2525,6.0,160.0,2486.0,0.9017341040462428,高位
20250818,healthy_uptrend,0.75,5380,2535,10.0,116.0,2509.2,0.9022988505747126,高位
20250819,healthy_uptrend,0.75,5385,2551,16.0,88.0,2526.8,0.9028571428571428,高位
20250820,healthy_uptrend,0.75,5383,2589,38.0,85.0,2543.8,0.9034090909090909,高位
20250821,healthy_uptrend,0.75,5386,2674,85.0,155.0,2574.8,0.903954802259887,高位
20250822,healthy_uptrend,0.75,5386,2702,28.0,177.0,2610.2,0.9101123595505618,高位
20250825,healthy_uptrend,0.75,5386,2740,38.0,205.0,2651.2,0.9106145251396648,高位
20250826,healthy_uptrend,0.75,5387,2774,34.0,223.0,2695.8,0.9111111111111111,高位
20250827,healthy_uptrend,0.75,5388,2826,52.0,237.0,2743.2,0.9116022099447514,高位
20250828,healthy_uptrend,0.75,5387,2812,-14.0,138.0,2770.8,0.9065934065934066,高位
20250829,healthy_uptrend,0.75,5384,2794,-18.0,92.0,2789.2,0.9016393442622951,高位
20250901,healthy_uptrend,0.75,5384,2761,-33.0,21.0,2793.4,0.8913043478260869,高位
20250902,healthy_uptrend,0.75,5386,2695,-66.0,-79.0,2777.6,0.8756756756756757,高位
20250903,healthy_uptrend,0.75,5388,2617,-78.0,-209.0,2735.8,0.8602150537634409,高位
20250904,healthy_uptrend,0.75,5387,2534,-83.0,-278.0,2680.2,0.839572192513369,高位
20250905,healthy_uptrend,0.75,5389,2437,-97.0,-357.0,2608.8,0.8085106382978723,高位
20250908,healthy_uptrend,0.75,5392,2374,-63.0,-387.0,2531.4,0.798941798941799,高位
20250909,healthy_uptrend,0.75,5393,2328,-46.0,-367.0,2458.0,0.7842105263157895,高位
20250910,healthy_uptrend,0.75,5394,2311,-17.0,-306.0,2396.8,0.7801047120418848,高位
20250911,healthy_uptrend,0.75,5393,2321,10.0,-213.0,2354.2,0.78125,高位
20250912,healthy_uptrend,0.75,5396,2318,-3.0,-119.0,2330.4,0.7772020725388601,高位
20250915,healthy_uptrend,0.75,5394,2278,-40.0,-96.0,2311.2,0.7628865979381443,高位
20250916,healthy_uptrend,0.75,5394,2296,18.0,-32.0,2304.8,0.7692307692307693,高位
20250917,healthy_uptrend,0.75,5393,2292,-4.0,-19.0,2301.0,0.7653061224489796,高位
20250918,healthy_uptrend,0.75,5393,2256,-36.0,-65.0,2288.0,0.751269035532995,高位
20250919,healthy_uptrend,0.75,5394,2245,-11.0,-73.0,2273.4,0.7424242424242424,高位
20250922,healthy_uptrend,0.75,5390,2228,-17.0,-50.0,2263.4,0.7336683417085427,高位
20250923,healthy_uptrend,0.75,5395,2190,-38.0,-106.0,2242.2,0.725,高位
20250924,healthy_uptrend,0.75,5395,2166,-24.0,-126.0,2217.0,0.7114427860696517,高位
20250925,healthy_uptrend,0.75,5396,2124,-42.0,-132.0,2190.6,0.7079207920792079,高位
20250926,healthy_uptrend,0.75,5395,2040,-84.0,-205.0,2149.6,0.6995073891625616,高位
20250929,healthy_uptrend,0.75,5390,1977,-63.0,-251.0,2099.4,0.6911764705882353,高位
20250930,healthy_uptrend,0.75,5392,1919,-58.0,-271.0,2045.2,0.6829268292682927,高位
20251009,healthy_uptrend,0.75,5389,1862,-57.0,-304.0,1984.4,0.6699029126213593,高位
20251010,healthy_uptrend,0.75,5391,1822,-40.0,-302.0,1924.0,0.6666666666666666,高位
20251013,healthy_uptrend,0.75,5393,1731,-91.0,-309.0,1862.2,0.6634615384615384,中位
20251014,healthy_uptrend,0.75,5393,1635,-96.0,-342.0,1793.8,0.6555023923444976,中位
20251015,healthy_uptrend,0.75,5393,1585,-50.0,-334.0,1727.0,0.6476190476190476,中位
20251016,healthy_uptrend,0.75,5396,1526,-59.0,-336.0,1659.8,0.6398104265402843,中位
20251017,healthy_uptrend,0.75,5400,1411,-115.0,-411.0,1577.6,0.6320754716981132,中位
20251020,healthy_uptrend,0.75,5399,1327,-84.0,-404.0,1496.8,0.6150234741784038,中位
20251021,healthy_uptrend,0.75,5398,1285,-42.0,-350.0,1426.8,0.6121495327102804,中位
20251022,healthy_uptrend,0.75,5397,1227,-58.0,-358.0,1355.2,0.6046511627906976,中位
20251023,healthy_uptrend,0.75,5400,1206,-21.0,-320.0,1291.2,0.6018518518518519,中位
20251024,healthy_uptrend,0.75,5400,1171,-35.0,-240.0,1243.2,0.5944700460829493,中位
20251027,healthy_uptrend,0.75,5399,1145,-26.0,-182.0,1206.8,0.591743119266055,中位
20251028,healthy_uptrend,0.75,5397,1118,-27.0,-167.0,1173.4,0.589041095890411,中位
20251029,healthy_uptrend,0.75,5397,1101,-17.0,-126.0,1148.2,0.5863636363636363,中位
20251030,healthy_uptrend,0.75,5396,1109,8.0,-97.0,1128.8,0.5882352941176471,中位
20251031,healthy_uptrend,0.75,5397,1065,-44.0,-106.0,1107.6,0.5765765765765766,中位
20251103,healthy_uptrend,0.75,5398,1050,-15.0,-95.0,1088.6,0.5739910313901345,中位
20251104,healthy_uptrend,0.75,5399,1030,-20.0,-88.0,1071.0,0.5714285714285714,中位
20251105,healthy_uptrend,0.75,5398,1032,2.0,-69.0,1057.2,0.5733333333333334,中位
20251106,healthy_uptrend,0.75,5398,1006,-26.0,-103.0,1036.6,0.5619469026548672,中位
20251107,healthy_uptrend,0.75,5398,970,-36.0,-95.0,1017.6,0.5594713656387665,中位
20251110,healthy_uptrend,0.75,5401,954,-16.0,-96.0,998.4,0.5526315789473685,中位
20251111,healthy_uptrend,0.75,5401,944,-10.0,-86.0,981.2,0.5458515283842795,中位
20251112,healthy_uptrend,0.75,5404,918,-26.0,-114.0,958.4,0.5434782608695652,中位
20251113,healthy_uptrend,0.75,5403,911,-7.0,-95.0,939.4,0.5411255411255411,中位
20251114,healthy_uptrend,0.75,5401,874,-37.0,-96.0,920.2,0.5344827586206896,中位
20251117,healthy_uptrend,0.75,5400,844,-30.0,-110.0,898.2,0.5321888412017167,中位
20251118,healthy_uptrend,0.75,5400,825,-19.0,-119.0,874.4,0.5299145299145299,中位
20251119,healthy_uptrend,0.75,5404,810,-15.0,-108.0,852.8,0.5276595744680851,中位
20251120,healthy_uptrend,0.75,5403,781,-29.0,-130.0,826.8,0.5211864406779662,中位
20251121,healthy_uptrend,0.75,5405,716,-65.0,-158.0,795.2,0.510548523206751,中位
20251124,healthy_uptrend,0.75,5401,650,-66.0,-194.0,756.4,0.5,中位
20251125,healthy_uptrend,0.75,5398,597,-53.0,-228.0,710.8,0.49372384937238495,中位
20251126,healthy_uptrend,0.75,5395,562,-35.0,-248.0,661.2,0.4583333333333333,中位
20251127,healthy_uptrend,0.75,5395,543,-19.0,-238.0,613.6,0.44398340248962653,中位
20251128,healthy_uptrend,0.75,5394,532,-11.0,-184.0,576.8,0.41735537190082644,中位
20251201,healthy_uptrend,0.75,5393,524,-8.0,-126.0,551.6,0.3950617283950617,中位
20251202,healthy_uptrend,0.75,5396,510,-14.0,-87.0,534.2,0.35655737704918034,中位
20251203,healthy_uptrend,0.75,5402,499,-11.0,-63.0,521.6,0.3346938775510204,中位
20251204,healthy_uptrend,0.75,5400,508,9.0,-35.0,514.6,0.35365853658536583,中位
20251205,healthy_uptrend,0.75,5399,501,-7.0,-31.0,508.4,0.340080971659919,中位
20251208,healthy_uptrend,0.75,5401,513,12.0,-11.0,506.2,0.3790322580645161,中位
20251209,healthy_uptrend,0.75,5403,528,15.0,18.0,509.8,0.41365461847389556,中位
20251210,healthy_uptrend,0.75,5399,544,16.0,45.0,518.8,0.464,中位
20251211,healthy_uptrend,0.75,5404,551,7.0,43.0,527.4,0.47808764940239046,中位
20251212,healthy_uptrend,0.75,5406,542,-9.0,41.0,535.6,0.4523809523809524,中位
20251215,healthy_uptrend,0.75,5405,536,-6.0,23.0,540.2,0.43478260869565216,中位
20251216,healthy_uptrend,0.75,5406,517,-19.0,-11.0,538.0,0.3858267716535433,中位
20251217,healthy_uptrend,0.75,5407,513,-4.0,-31.0,531.8,0.37254901960784315,中位
20251218,healthy_uptrend,0.75,5409,509,-4.0,-42.0,523.4,0.34765625,中位
20251219,healthy_uptrend,0.75,5408,500,-9.0,-42.0,515.0,0.32684824902723736,低位
20251222,healthy_uptrend,0.75,5404,492,-8.0,-44.0,506.2,0.29457364341085274,低位
20251223,healthy_uptrend,0.75,5406,482,-10.0,-35.0,499.2,0.2857142857142857,低位
20251224,healthy_uptrend,0.75,5407,483,1.0,-30.0,493.2,0.28846153846153844,低位
20251225,healthy_uptrend,0.75,5410,472,-11.0,-37.0,485.8,0.2720306513409962,低位
20251226,healthy_uptrend,0.75,5409,447,-25.0,-53.0,475.2,0.22519083969465647,低位
20251229,healthy_uptrend,0.75,5411,435,-12.0,-57.0,463.8,0.19391634980988592,低位
20251230,healthy_uptrend,0.75,5410,453,18.0,-29.0,458.0,0.24621212121212122,低位
20251231,healthy_uptrend,0.75,5409,459,6.0,-24.0,453.2,0.25660377358490566,低位
20260105,healthy_uptrend,0.75,5408,449,-10.0,-23.0,448.6,0.23308270676691728,低位
20260106,healthy_uptrend,0.75,5410,461,12.0,14.0,451.4,0.27340823970037453,低位
20260107,healthy_uptrend,0.75,5412,465,4.0,30.0,457.4,0.2798507462686567,低位
20260108,healthy_uptrend,0.75,5411,463,-2.0,10.0,459.4,0.275092936802974,低位
20260109,healthy_uptrend,0.75,5412,478,15.0,19.0,463.2,0.3037037037037037,低位
20260112,healthy_uptrend,0.75,5412,496,18.0,47.0,472.6,0.33210332103321033,低位
20260113,healthy_uptrend,0.75,5405,517,21.0,56.0,483.8,0.4264705882352941,中位
20260114,healthy_uptrend,0.75,5407,535,18.0,70.0,497.8,0.4725274725274725,中位
20260115,healthy_uptrend,0.75,5409,548,13.0,85.0,514.8,0.5145985401459854,中位
20260116,healthy_uptrend,0.75,5411,567,19.0,89.0,532.6,0.5272727272727272,中位
20260119,healthy_uptrend,0.75,5412,585,18.0,89.0,550.4,0.5434782608695652,中位
20260120,healthy_uptrend,0.75,5419,610,25.0,93.0,569.0,0.5631768953068592,中位
20260121,healthy_uptrend,0.75,5416,624,14.0,89.0,586.8,0.564748201438849,中位
20260122,healthy_uptrend,0.75,5417,648,24.0,100.0,606.8,0.5698924731182796,中位
20260123,healthy_uptrend,0.75,5418,668,20.0,101.0,627.0,0.575,中位
20260126,healthy_uptrend,0.75,5417,682,14.0,97.0,646.4,0.5800711743772242,中位
20260127,healthy_uptrend,0.75,5418,694,12.0,84.0,663.2,0.5815602836879432,中位
20260128,healthy_uptrend,0.75,5417,705,11.0,81.0,679.4,0.5865724381625441,中位
20260129,healthy_uptrend,0.75,5419,714,9.0,66.0,692.6,0.5880281690140845,中位
20260130,healthy_uptrend,0.75,5415,725,11.0,57.0,704.0,0.5929824561403508,中位
20260202,healthy_uptrend,0.75,5418,731,6.0,49.0,713.8,0.5944055944055944,中位
20260203,healthy_uptrend,0.75,5418,730,-1.0,36.0,721.0,0.5923344947735192,中位
20260204,healthy_uptrend,0.75,5421,751,21.0,46.0,730.2,0.5972222222222222,中位
20260205,healthy_uptrend,0.75,5419,759,8.0,45.0,739.2,0.5986159169550173,中位
20260206,healthy_uptrend,0.75,5419,785,26.0,60.0,751.2,0.6103448275862069,中位
20260209,healthy_uptrend,0.75,5419,826,41.0,95.0,770.2,0.6219931271477663,中位
20260210,healthy_uptrend,0.75,5421,846,20.0,116.0,793.4,0.6267123287671232,中位
20260211,healthy_uptrend,0.75,5420,885,39.0,134.0,820.2,0.6313993174061433,中位
20260212,healthy_uptrend,0.75,5426,923,38.0,164.0,853.0,0.6428571428571429,中位
20260213,healthy_uptrend,0.75,5424,955,32.0,170.0,887.0,0.6542372881355932,中位
20260224,healthy_uptrend,0.75,5425,973,18.0,147.0,916.4,0.6621621621621622,中位
20260225,healthy_uptrend,0.75,5422,1013,40.0,167.0,949.8,0.6666666666666666,高位
20260226,healthy_uptrend,0.75,5425,1066,53.0,181.0,986.0,0.6845637583892618,高位
20260227,healthy_uptrend,0.75,5425,1148,82.0,225.0,1031.0,0.7023411371237458,高位
20260302,healthy_uptrend,0.75,5424,1215,67.0,260.0,1083.0,0.7133333333333334,高位
20260303,healthy_uptrend,0.75,5426,1186,-29.0,213.0,1125.6,0.707641196013289,高位
20260304,healthy_uptrend,0.75,5428,1177,-9.0,164.0,1158.4,0.7019867549668874,高位
20260305,healthy_uptrend,0.75,5429,1156,-21.0,90.0,1176.4,0.6963696369636964,高位
20260306,healthy_uptrend,0.75,5430,1141,-15.0,-7.0,1175.0,0.6875,高位
20260309,healthy_uptrend,0.75,5434,1148,7.0,-67.0,1161.6,0.6950819672131148,高位
20260310,healthy_uptrend,0.75,5434,1164,16.0,-22.0,1157.2,0.6993464052287581,高位
20260311,healthy_uptrend,0.75,5437,1195,31.0,18.0,1160.8,0.7133550488599348,高位
20260312,healthy_uptrend,0.75,5437,1204,9.0,48.0,1170.4,0.7142857142857143,高位
20260313,healthy_uptrend,0.75,5436,1192,-12.0,51.0,1180.6,0.7087378640776699,高位
20260316,healthy_uptrend,0.75,5435,1173,-19.0,25.0,1185.6,0.6967741935483871,高位
20260317,healthy_uptrend,0.75,5433,1127,-46.0,-37.0,1178.2,0.6720257234726688,高位
20260318,healthy_uptrend,0.75,5433,1118,-9.0,-77.0,1162.8,0.6698717948717948,高位
20260319,healthy_uptrend,0.75,5436,1101,-17.0,-103.0,1142.2,0.6613418530351438,中位
20260320,healthy_uptrend,0.75,5437,1025,-76.0,-167.0,1108.8,0.6337579617834395,中位
20260323,healthy_uptrend,0.75,5439,895,-130.0,-278.0,1053.2,0.5936507936507937,中位
20260324,healthy_uptrend,0.75,5438,833,-62.0,-294.0,994.4,0.5759493670886076,中位
20260325,healthy_uptrend,0.75,5437,773,-60.0,-345.0,925.4,0.5520504731861199,中位
20260326,healthy_uptrend,0.75,5437,704,-69.0,-397.0,846.0,0.5220125786163522,中位
20260327,healthy_uptrend,0.75,5433,683,-21.0,-342.0,777.6,0.5141065830721003,中位
20260330,healthy_uptrend,0.75,5431,682,-1.0,-213.0,735.0,0.5125,中位
20260331,healthy_uptrend,0.75,5434,661,-21.0,-172.0,700.6,0.5015576323987538,中位
20260401,healthy_uptrend,0.75,5436,644,-17.0,-129.0,674.8,0.4937888198757764,中位
20260402,healthy_uptrend,0.75,5437,622,-22.0,-82.0,658.4,0.48606811145510836,中位
20260403,healthy_uptrend,0.75,5439,592,-30.0,-91.0,640.2,0.4783950617283951,中位
20260407,healthy_uptrend,0.75,5437,556,-36.0,-126.0,615.0,0.4430769230769231,中位
20260408,healthy_uptrend,0.75,5442,560,4.0,-101.0,594.8,0.4447852760736196,中位
20260409,healthy_uptrend,0.75,5443,559,-1.0,-85.0,577.8,0.4434250764525994,中位
20260410,healthy_uptrend,0.75,5444,571,12.0,-51.0,567.6,0.4573170731707317,中位
20260413,healthy_uptrend,0.75,5443,588,17.0,-4.0,566.8,0.47112462006079026,中位
20260414,healthy_uptrend,0.75,5445,579,-9.0,23.0,571.4,0.46060606060606063,中位
20260415,healthy_uptrend,0.75,5443,560,-19.0,0.0,571.4,0.44410876132930516,中位
20260416,healthy_uptrend,0.75,5444,541,-19.0,-18.0,567.8,0.4036144578313253,中位
20260417,healthy_uptrend,0.75,5443,518,-23.0,-53.0,557.2,0.35735735735735735,中位
20260420,healthy_uptrend,0.75,5439,499,-19.0,-89.0,539.4,0.2904191616766467,低位
20260421,healthy_uptrend,0.75,5443,489,-10.0,-90.0,521.4,0.2626865671641791,低位
20260422,healthy_uptrend,0.75,5443,482,-7.0,-78.0,505.8,0.25297619047619047,低位
20260423,healthy_uptrend,0.75,5440,463,-19.0,-78.0,490.2,0.22255192878338279,低位
20260424,healthy_uptrend,0.75,5443,441,-22.0,-77.0,474.8,0.15976331360946747,低位
20260427,healthy_uptrend,0.75,5442,431,-10.0,-68.0,461.2,0.14749262536873156,低位
20260428,healthy_uptrend,0.75,5436,402,-29.0,-87.0,443.8,0.11470588235294117,低位
20260429,healthy_uptrend,0.75,5409,393,-9.0,-89.0,426.0,0.11436950146627566,低位
20260430,healthy_uptrend,0.75,5406,389,-4.0,-74.0,411.2,0.1111111111111111,低位
20260506,healthy_uptrend,0.75,5439,382,-7.0,-59.0,399.4,0.10787172011661808,低位
20260507,healthy_uptrend,0.75,5443,377,-5.0,-54.0,388.6,0.10755813953488372,低位
20260508,healthy_uptrend,0.75,5441,381,4.0,-21.0,384.4,0.11014492753623188,低位
20260511,healthy_uptrend,0.75,5440,385,4.0,-8.0,382.8,0.11560693641618497,低位
20260512,healthy_uptrend,0.75,5439,391,6.0,2.0,383.2,0.1239193083573487,低位
20260513,healthy_uptrend,0.75,5442,396,5.0,14.0,386.0,0.13218390804597702,低位
20260514,healthy_uptrend,0.75,5442,416,20.0,39.0,393.8,0.15472779369627507,低位
20260515,healthy_uptrend,0.75,5442,417,1.0,36.0,401.0,0.15714285714285714,低位
20260518,healthy_uptrend,0.75,5444,441,24.0,56.0,412.2,0.1908831908831909,低位
20260519,healthy_uptrend,0.75,5440,460,19.0,69.0,426.0,0.2471590909090909,低位
20260520,healthy_uptrend,0.75,5445,482,22.0,86.0,443.2,0.28895184135977336,低位
20260521,healthy_uptrend,0.75,5449,490,8.0,74.0,458.0,0.3022598870056497,低位
20260522,healthy_uptrend,0.75,5448,515,25.0,98.0,477.6,0.38028169014084506,中位
20260525,healthy_uptrend,0.75,5448,517,2.0,76.0,492.8,0.3904494382022472,中位
20260526,healthy_uptrend,0.75,5449,525,8.0,65.0,505.8,0.4061624649859944,中位
20260527,healthy_uptrend,0.75,5450,536,11.0,54.0,516.6,0.43575418994413406,中位
20260528,healthy_uptrend,0.75,5450,555,19.0,65.0,529.6,0.4763231197771588,中位
20260529,healthy_uptrend,0.75,5449,542,-13.0,27.0,535.0,0.4527777777777778,中位
20260601,healthy_uptrend,0.75,5451,536,-6.0,19.0,538.8,0.43490304709141275,中位
20260602,healthy_uptrend,0.75,5452,538,2.0,13.0,541.4,0.4419889502762431,中位
20260603,healthy_uptrend,0.75,5457,555,17.0,19.0,545.2,0.4820936639118457,中位
20260604,healthy_uptrend,0.75,5458,559,4.0,4.0,546.0,0.489010989010989,中位
20260605,healthy_uptrend,0.75,5460,566,7.0,24.0,550.8,0.4986301369863014,中位
20260608,healthy_uptrend,0.75,5461,545,-21.0,9.0,552.6,0.4644808743169399,中位
20260609,healthy_uptrend,0.75,5460,542,-3.0,4.0,553.4,0.45231607629427795,中位
20260610,healthy_uptrend,0.75,5458,536,-6.0,-19.0,549.6,0.42934782608695654,中位
20260611,healthy_uptrend,0.75,5456,529,-7.0,-30.0,543.6,0.4037940379403794,中位
20260612,healthy_uptrend,0.75,5457,520,-9.0,-46.0,534.4,0.3864864864864865,中位
20260615,healthy_uptrend,0.75,5455,528,8.0,-17.0,531.0,0.40161725067385445,中位
20260616,healthy_uptrend,0.75,5461,555,27.0,13.0,533.6,0.489247311827957,中位
20260617,healthy_uptrend,0.75,5458,559,4.0,23.0,538.2,0.49865951742627346,中位
20260618,healthy_uptrend,0.75,5456,589,30.0,60.0,550.2,0.5374331550802139,中位
20260622,healthy_uptrend,0.75,5459,625,36.0,105.0,571.2,0.56,中位
20260623,healthy_uptrend,0.75,5462,651,26.0,123.0,595.8,0.5718085106382979,中位
20260624,healthy_uptrend,0.75,5461,672,21.0,117.0,619.2,0.5809018567639257,中位
20260625,healthy_uptrend,0.75,5460,689,17.0,130.0,645.2,0.58994708994709,中位
20260626,healthy_uptrend,0.75,5461,682,-7.0,93.0,663.8,0.5857519788918206,中位
20260629,healthy_uptrend,0.75,5457,677,-5.0,52.0,674.2,0.5789473684210527,中位
20260630,healthy_uptrend,0.75,5455,683,6.0,32.0,680.6,0.5905511811023622,中位
20260701,healthy_uptrend,0.75,5459,671,-12.0,-1.0,680.4,0.5706806282722513,中位
20260702,healthy_uptrend,0.75,5464,663,-8.0,-26.0,675.2,0.566579634464752,中位
20260703,healthy_uptrend,0.75,5464,658,-5.0,-24.0,670.4,0.5625,中位
20260706,healthy_uptrend,0.75,5465,640,-18.0,-37.0,663.0,0.5506493506493506,中位
20260707,healthy_uptrend,0.75,5465,602,-38.0,-81.0,646.8,0.5362694300518135,中位
20260708,healthy_uptrend,0.75,5465,568,-34.0,-103.0,626.2,0.49612403100775193,中位
20260709,healthy_uptrend,0.75,5466,552,-16.0,-111.0,604.0,0.4639175257731959,中位
20260710,healthy_uptrend,0.75,5465,521,-31.0,-137.0,576.6,0.37017994858611825,中位
20260713,healthy_uptrend,0.75,5468,473,-48.0,-167.0,543.2,0.24615384615384617,低位
20260714,healthy_uptrend,0.75,5469,443,-30.0,-159.0,511.4,0.17647058823529413,低位
20260715,healthy_uptrend,0.75,5470,416,-27.0,-152.0,481.0,0.14030612244897958,低位
20260716,healthy_uptrend,0.75,5469,367,-49.0,-185.0,444.0,0.08651399491094147,低位
20260717,healthy_uptrend,0.75,5467,305,-62.0,-216.0,400.8,0.06091370558375635,低位
20260720,healthy_uptrend,0.75,5469,251,-54.0,-222.0,356.4,0.015189873417721518,低位
20260721,healthy_uptrend,0.75,5471,207,-44.0,-236.0,309.2,0.0025252525252525255,低位
20260722,healthy_uptrend,0.75,5471,177,-30.0,-239.0,261.4,0.0025188916876574307,低位
20260723,healthy_uptrend,0.75,5472,153,-24.0,-214.0,218.6,0.002512562814070352,低位
20260724,healthy_uptrend,0.75,5472,136,-17.0,-169.0,184.8,0.002506265664160401,低位
20260727,healthy_uptrend,0.75,5470,123,-13.0,-128.0,159.2,0.0025,低位
20260728,healthy_uptrend,0.75,5472,109,-14.0,-98.0,139.6,0.0024937655860349127,低位
20260729,healthy_uptrend,0.75,5471,105,-4.0,-72.0,125.2,0.0024875621890547263,低位
20241202,parabolic_uptrend,0.75,5305,573,,,573.0,1.0,高位
20241203,parabolic_uptrend,0.75,5305,667,94.0,,620.0,1.0,高位
20241204,parabolic_uptrend,0.75,5304,762,95.0,,667.3333333333334,1.0,高位
20241205,parabolic_uptrend,0.75,5307,857,95.0,,714.75,1.0,高位
20241206,parabolic_uptrend,0.75,5305,974,117.0,,766.6,1.0,高位
20241209,parabolic_uptrend,0.75,5304,1096,122.0,523.0,871.2,1.0,高位
20241210,parabolic_uptrend,0.75,5307,1247,151.0,580.0,987.2,1.0,高位
20241211,parabolic_uptrend,0.75,5307,1361,114.0,599.0,1107.0,1.0,高位
20241212,parabolic_uptrend,0.75,5307,1493,132.0,636.0,1234.2,1.0,高位
20241213,parabolic_uptrend,0.75,5306,1632,139.0,658.0,1365.8,1.0,高位
20241216,parabolic_uptrend,0.75,5310,1740,108.0,644.0,1494.6,1.0,高位
20241217,parabolic_uptrend,0.75,5307,1814,74.0,567.0,1608.0,1.0,高位
20241218,parabolic_uptrend,0.75,5308,1899,85.0,538.0,1715.6,1.0,高位
20241219,parabolic_uptrend,0.75,5307,1991,92.0,498.0,1815.2,1.0,高位
20241220,parabolic_uptrend,0.75,5310,2076,85.0,444.0,1904.0,1.0,高位
20241223,parabolic_uptrend,0.75,5308,2138,62.0,398.0,1983.6,1.0,高位
20241224,parabolic_uptrend,0.75,5307,2201,63.0,387.0,2061.0,1.0,高位
20241225,parabolic_uptrend,0.75,5304,2265,64.0,366.0,2134.2,1.0,高位
20241226,parabolic_uptrend,0.75,5307,2327,62.0,336.0,2201.4,1.0,高位
20241227,parabolic_uptrend,0.75,5305,2417,90.0,341.0,2269.6,1.0,高位
20241230,parabolic_uptrend,0.75,5302,2506,89.0,368.0,2343.2,1.0,高位
20241231,parabolic_uptrend,0.75,5305,2602,96.0,401.0,2423.4,1.0,高位
20250102,parabolic_uptrend,0.75,5304,2671,69.0,406.0,2504.6,1.0,高位
20250103,parabolic_uptrend,0.75,5305,2681,10.0,354.0,2575.4,1.0,高位
20250106,parabolic_uptrend,0.75,5303,2691,10.0,274.0,2630.2,1.0,高位
20250107,parabolic_uptrend,0.75,5306,2687,-4.0,181.0,2666.4,0.9615384615384616,高位
20250108,parabolic_uptrend,0.75,5306,2674,-13.0,72.0,2680.8,0.8888888888888888,高位
20250109,parabolic_uptrend,0.75,5307,2686,12.0,15.0,2683.8,0.9285714285714286,高位
20250110,parabolic_uptrend,0.75,5306,2689,3.0,8.0,2685.4,0.9655172413793104,高位
20250113,parabolic_uptrend,0.75,5305,2690,1.0,-1.0,2685.2,0.9666666666666667,高位
20250114,parabolic_uptrend,0.75,5308,2753,63.0,66.0,2698.4,1.0,高位
20250115,parabolic_uptrend,0.75,5308,2755,2.0,81.0,2714.6,1.0,高位
20250116,parabolic_uptrend,0.75,5308,2753,-2.0,67.0,2728.0,0.9696969696969697,高位
20250117,parabolic_uptrend,0.75,5307,2748,-5.0,59.0,2739.8,0.9117647058823529,高位
20250120,parabolic_uptrend,0.75,5306,2735,-13.0,45.0,2748.8,0.8857142857142857,高位
20250121,parabolic_uptrend,0.75,5309,2711,-24.0,-42.0,2740.4,0.8611111111111112,高位
20250122,parabolic_uptrend,0.75,5311,2648,-63.0,-107.0,2719.0,0.6216216216216216,中位
20250123,parabolic_uptrend,0.75,5311,2601,-47.0,-152.0,2688.6,0.5789473684210527,中位
20250124,parabolic_uptrend,0.75,5308,2518,-83.0,-230.0,2642.6,0.5641025641025641,中位
20250127,parabolic_uptrend,0.75,5308,2402,-116.0,-333.0,2576.0,0.5,中位
20250205,parabolic_uptrend,0.75,5310,2274,-128.0,-437.0,2488.6,0.4634146341463415,中位
20250206,parabolic_uptrend,0.75,5311,2178,-96.0,-470.0,2394.6,0.40476190476190477,中位
20250207,parabolic_uptrend,0.75,5312,2111,-67.0,-490.0,2296.6,0.37209302325581395,中位
20250210,parabolic_uptrend,0.75,5314,2051,-60.0,-467.0,2203.2,0.3409090909090909,中位
20250211,parabolic_uptrend,0.75,5313,2002,-49.0,-400.0,2123.2,0.3333333333333333,低位
20250212,parabolic_uptrend,0.75,5313,1928,-74.0,-346.0,2054.0,0.30434782608695654,低位
20250213,parabolic_uptrend,0.75,5314,1841,-87.0,-337.0,1986.6,0.2765957446808511,低位
20250214,parabolic_uptrend,0.75,5313,1746,-95.0,-365.0,1913.6,0.25,低位
20250217,parabolic_uptrend,0.75,5317,1668,-78.0,-383.0,1837.0,0.22448979591836735,低位
20250218,parabolic_uptrend,0.75,5317,1566,-102.0,-436.0,1749.8,0.2,低位
20250219,parabolic_uptrend,0.75,5317,1463,-103.0,-465.0,1656.8,0.17647058823529413,低位
20250220,parabolic_uptrend,0.75,5316,1391,-72.0,-450.0,1566.8,0.17307692307692307,低位
20250221,parabolic_uptrend,0.75,5318,1333,-58.0,-413.0,1484.2,0.1509433962264151,低位
20250224,parabolic_uptrend,0.75,5317,1265,-68.0,-403.0,1403.6,0.14814814814814814,低位
20250225,parabolic_uptrend,0.75,5315,1209,-56.0,-357.0,1332.2,0.12727272727272726,低位
20250226,parabolic_uptrend,0.75,5316,1178,-31.0,-285.0,1275.2,0.125,低位
20250227,parabolic_uptrend,0.75,5314,1177,-1.0,-214.0,1232.4,0.12280701754385964,低位
20250228,parabolic_uptrend,0.75,5314,1138,-39.0,-195.0,1193.4,0.1206896551724138,低位
20250303,parabolic_uptrend,0.75,5312,1099,-39.0,-166.0,1160.2,0.11864406779661017,低位
20250304,parabolic_uptrend,0.75,5312,1072,-27.0,-137.0,1132.8,0.1,低位
20250305,parabolic_uptrend,0.75,5312,1034,-38.0,-144.0,1104.0,0.09836065573770492,低位
20250306,parabolic_uptrend,0.75,5310,1010,-24.0,-167.0,1070.6,0.0967741935483871,低位
20250307,parabolic_uptrend,0.75,5311,1009,-1.0,-129.0,1044.8,0.09523809523809523,低位
20250310,parabolic_uptrend,0.75,5313,980,-29.0,-119.0,1021.0,0.09375,低位
20250311,parabolic_uptrend,0.75,5314,962,-18.0,-110.0,999.0,0.07692307692307693,低位
20250312,parabolic_uptrend,0.75,5313,942,-20.0,-92.0,980.6,0.07575757575757576,低位
20250313,parabolic_uptrend,0.75,5315,932,-10.0,-78.0,965.0,0.07462686567164178,低位
20250314,parabolic_uptrend,0.75,5315,929,-3.0,-80.0,949.0,0.07352941176470588,低位
20250317,parabolic_uptrend,0.75,5310,914,-15.0,-66.0,935.8,0.07246376811594203,低位
20250318,parabolic_uptrend,0.75,5316,922,8.0,-40.0,927.8,0.08571428571428572,低位
20250319,parabolic_uptrend,0.75,5312,922,0.0,-20.0,923.8,0.09859154929577464,低位
20250320,parabolic_uptrend,0.75,5314,923,1.0,-9.0,922.0,0.1111111111111111,低位
20250321,parabolic_uptrend,0.75,5314,907,-16.0,-22.0,917.6,0.0684931506849315,低位
20250324,parabolic_uptrend,0.75,5312,905,-2.0,-9.0,915.8,0.06756756756756757,低位
20250325,parabolic_uptrend,0.75,5314,888,-17.0,-34.0,909.0,0.06666666666666667,低位
20250326,parabolic_uptrend,0.75,5316,880,-8.0,-42.0,900.6,0.06578947368421052,低位
20250327,parabolic_uptrend,0.75,5315,868,-12.0,-55.0,889.6,0.06493506493506493,低位
20250328,parabolic_uptrend,0.75,5313,855,-13.0,-52.0,879.2,0.05128205128205128,低位
20250331,parabolic_uptrend,0.75,5316,842,-13.0,-63.0,866.6,0.05063291139240506,低位
20250401,parabolic_uptrend,0.75,5316,822,-20.0,-66.0,853.4,0.05,低位
20250402,parabolic_uptrend,0.75,5317,794,-28.0,-86.0,836.2,0.04938271604938271,低位
20250403,parabolic_uptrend,0.75,5316,761,-33.0,-107.0,814.8,0.036585365853658534,低位
20250407,parabolic_uptrend,0.75,5315,680,-81.0,-175.0,779.8,0.03614457831325301,低位
20250408,parabolic_uptrend,0.75,5315,589,-91.0,-253.0,729.2,0.023809523809523808,低位
20250409,parabolic_uptrend,0.75,5317,523,-66.0,-299.0,669.4,0.011764705882352941,低位
20250410,parabolic_uptrend,0.75,5317,473,-50.0,-321.0,605.2,0.011627906976744186,低位
20250411,parabolic_uptrend,0.75,5315,449,-24.0,-312.0,542.8,0.011494252873563218,低位
20250414,parabolic_uptrend,0.75,5314,428,-21.0,-252.0,492.4,0.011363636363636364,低位
20250415,parabolic_uptrend,0.75,5312,423,-5.0,-166.0,459.2,0.011235955056179775,低位
20250416,parabolic_uptrend,0.75,5315,405,-18.0,-118.0,435.6,0.011111111111111112,低位
20250417,parabolic_uptrend,0.75,5315,387,-18.0,-86.0,418.4,0.01098901098901099,低位
20250418,parabolic_uptrend,0.75,5314,374,-13.0,-75.0,403.4,0.010869565217391304,低位
20250421,parabolic_uptrend,0.75,5314,369,-5.0,-59.0,391.6,0.010752688172043012,低位
20250422,parabolic_uptrend,0.75,5313,359,-10.0,-64.0,378.8,0.010638297872340425,低位
20250423,parabolic_uptrend,0.75,5316,356,-3.0,-49.0,369.0,0.010526315789473684,低位
20250424,parabolic_uptrend,0.75,5314,350,-6.0,-37.0,361.6,0.010416666666666666,低位
20250425,parabolic_uptrend,0.75,5313,340,-10.0,-34.0,354.8,0.010309278350515464,低位
20250428,parabolic_uptrend,0.75,5307,334,-6.0,-35.0,347.8,0.01020408163265306,低位
20250429,parabolic_uptrend,0.75,5282,322,-12.0,-37.0,340.4,0.010101010101010102,低位
20250430,parabolic_uptrend,0.75,5282,317,-5.0,-39.0,332.6,0.01,低位
20250506,parabolic_uptrend,0.75,5308,317,0.0,-33.0,326.0,0.019801980198019802,低位
20250507,parabolic_uptrend,0.75,5310,319,2.0,-21.0,321.8,0.029411764705882353,低位
20250508,parabolic_uptrend,0.75,5313,326,7.0,-8.0,320.2,0.04854368932038835,低位
20250509,parabolic_uptrend,0.75,5314,322,-4.0,0.0,320.2,0.04807692307692308,低位
20250512,parabolic_uptrend,0.75,5314,315,-7.0,-2.0,319.8,0.009523809523809525,低位
20250513,parabolic_uptrend,0.75,5315,317,2.0,0.0,319.8,0.03773584905660377,低位
20250514,parabolic_uptrend,0.75,5315,330,13.0,11.0,322.0,0.08411214953271028,低位
20250515,parabolic_uptrend,0.75,5314,327,-3.0,1.0,322.2,0.08333333333333333,低位
20250516,parabolic_uptrend,0.75,5314,328,1.0,6.0,323.4,0.09174311926605505,低位
20250519,parabolic_uptrend,0.75,5309,331,3.0,16.0,326.6,0.10909090909090909,低位
20250520,parabolic_uptrend,0.75,5316,352,21.0,35.0,333.6,0.14414414414414414,低位
20250521,parabolic_uptrend,0.75,5312,360,8.0,30.0,339.6,0.16964285714285715,低位
20250522,parabolic_uptrend,0.75,5308,365,5.0,38.0,347.2,0.17699115044247787,低位
20250523,parabolic_uptrend,0.75,5311,372,7.0,44.0,356.0,0.19298245614035087,低位
20250526,parabolic_uptrend,0.75,5308,371,-1.0,40.0,364.0,0.19130434782608696,低位
20250527,parabolic_uptrend,0.75,5308,375,4.0,23.0,368.6,0.21551724137931033,低位
20250528,parabolic_uptrend,0.75,5307,381,6.0,21.0,372.8,0.2222222222222222,低位
20250529,parabolic_uptrend,0.75,5311,388,7.0,23.0,377.4,0.23728813559322035,低位
20250530,parabolic_uptrend,0.75,5309,387,-1.0,15.0,380.4,0.23529411764705882,低位
20250603,parabolic_uptrend,0.75,5306,390,3.0,19.0,384.2,0.25,低位
20250604,parabolic_uptrend,0.75,5312,381,-9.0,6.0,385.4,0.2231404958677686,低位
20250605,parabolic_uptrend,0.75,5312,390,9.0,9.0,387.2,0.26229508196721313,低位
20250606,parabolic_uptrend,0.75,5315,393,3.0,5.0,388.2,0.2682926829268293,低位
20250609,parabolic_uptrend,0.75,5313,398,5.0,11.0,390.4,0.27419354838709675,低位
20250610,parabolic_uptrend,0.75,5320,399,1.0,9.0,392.2,0.28,低位
20250611,parabolic_uptrend,0.75,5322,404,5.0,23.0,396.8,0.2857142857142857,低位
20250612,parabolic_uptrend,0.75,5322,403,-1.0,13.0,399.4,0.28346456692913385,低位
20250613,parabolic_uptrend,0.75,5323,401,-2.0,8.0,401.0,0.28125,低位
20250616,parabolic_uptrend,0.75,5325,397,-4.0,-1.0,400.8,0.26356589147286824,低位
20250617,parabolic_uptrend,0.75,5331,400,3.0,1.0,401.0,0.2846153846153846,低位
20250618,parabolic_uptrend,0.75,5331,406,6.0,2.0,401.4,0.32061068702290074,低位
20250619,parabolic_uptrend,0.75,5330,418,12.0,15.0,404.4,0.32575757575757575,低位
20250620,parabolic_uptrend,0.75,5332,419,1.0,18.0,408.0,0.3308270676691729,低位
20250623,parabolic_uptrend,0.75,5327,416,-3.0,19.0,411.8,0.3208955223880597,低位
20250624,parabolic_uptrend,0.75,5331,418,2.0,18.0,415.4,0.3333333333333333,低位
20250625,parabolic_uptrend,0.75,5334,434,16.0,28.0,421.0,0.3602941176470588,中位
20250626,parabolic_uptrend,0.75,5336,446,12.0,28.0,426.6,0.36496350364963503,中位
20250627,parabolic_uptrend,0.75,5333,458,12.0,39.0,434.4,0.37681159420289856,中位
20250630,parabolic_uptrend,0.75,5333,476,18.0,60.0,446.4,0.38848920863309355,中位
20250701,parabolic_uptrend,0.75,5331,484,8.0,66.0,459.6,0.39285714285714285,中位
20250702,parabolic_uptrend,0.75,5330,494,10.0,60.0,471.6,0.3971631205673759,中位
20250703,parabolic_uptrend,0.75,5330,498,4.0,52.0,482.0,0.4014084507042254,中位
20250704,parabolic_uptrend,0.75,5334,505,7.0,47.0,491.4,0.40559440559440557,中位
20250707,parabolic_uptrend,0.75,5333,519,14.0,43.0,500.0,0.4097222222222222,中位
20250708,parabolic_uptrend,0.75,5333,537,18.0,53.0,510.6,0.4206896551724138,中位
20250709,parabolic_uptrend,0.75,5336,575,38.0,81.0,526.8,0.4315068493150685,中位
20250710,parabolic_uptrend,0.75,5335,600,25.0,102.0,547.2,0.4421768707482993,中位
20250711,parabolic_uptrend,0.75,5338,637,37.0,132.0,573.6,0.44594594594594594,中位
20250714,parabolic_uptrend,0.75,5337,668,31.0,149.0,603.4,0.4563758389261745,中位
20250715,parabolic_uptrend,0.75,5337,692,24.0,155.0,634.4,0.4666666666666667,中位
20250716,parabolic_uptrend,0.75,5336,712,20.0,137.0,661.8,0.47019867549668876,中位
20250717,parabolic_uptrend,0.75,5337,747,35.0,147.0,691.2,0.47368421052631576,中位
20250718,parabolic_uptrend,0.75,5336,772,25.0,135.0,718.2,0.49019607843137253,中位
20250721,parabolic_uptrend,0.75,5335,797,25.0,129.0,744.0,0.5,中位
20250722,parabolic_uptrend,0.75,5333,832,35.0,140.0,772.0,0.5096774193548387,中位
20250723,parabolic_uptrend,0.75,5336,859,27.0,147.0,801.4,0.532051282051282,中位
20250724,parabolic_uptrend,0.75,5335,896,37.0,149.0,831.2,0.554140127388535,中位
20250725,parabolic_uptrend,0.75,5337,916,20.0,144.0,860.0,0.5759493670886076,中位
20250728,parabolic_uptrend,0.75,5340,941,25.0,144.0,888.8,0.610062893081761,中位
20250729,parabolic_uptrend,0.75,5344,973,32.0,141.0,917.0,0.625,中位
20250730,parabolic_uptrend,0.75,5343,1017,44.0,158.0,948.6,0.6521739130434783,中位
20250731,parabolic_uptrend,0.75,5340,1036,19.0,140.0,976.6,0.6604938271604939,中位
20250801,parabolic_uptrend,0.75,5343,1079,43.0,163.0,1009.2,0.6687116564417178,高位
20250804,parabolic_uptrend,0.75,5340,1101,22.0,160.0,1041.2,0.6829268292682927,高位
20250805,parabolic_uptrend,0.75,5341,1149,48.0,176.0,1076.4,0.6909090909090909,高位
20250806,parabolic_uptrend,0.75,5342,1192,43.0,175.0,1111.4,0.7048192771084337,高位
20250807,parabolic_uptrend,0.75,5342,1232,40.0,196.0,1150.6,0.7125748502994012,高位
20250808,parabolic_uptrend,0.75,5343,1272,40.0,193.0,1189.2,0.7261904761904762,高位
20250811,parabolic_uptrend,0.75,5345,1316,44.0,215.0,1232.2,0.727810650887574,高位
20250812,parabolic_uptrend,0.75,5347,1373,57.0,224.0,1277.0,0.7411764705882353,高位
20250813,parabolic_uptrend,0.75,5343,1432,59.0,240.0,1325.0,0.7485380116959064,高位
20250814,parabolic_uptrend,0.75,5344,1474,42.0,242.0,1373.4,0.7558139534883721,高位
20250815,parabolic_uptrend,0.75,5343,1499,25.0,227.0,1418.8,0.7630057803468208,高位
20250818,parabolic_uptrend,0.75,5343,1518,19.0,202.0,1459.2,0.764367816091954,高位
20250819,parabolic_uptrend,0.75,5346,1535,17.0,162.0,1491.6,0.7657142857142857,高位
20250820,parabolic_uptrend,0.75,5344,1535,0.0,103.0,1512.2,0.7670454545454546,高位
20250821,parabolic_uptrend,0.75,5347,1541,6.0,67.0,1525.6,0.768361581920904,高位
20250822,parabolic_uptrend,0.75,5348,1541,0.0,42.0,1534.0,0.7696629213483146,高位
20250825,parabolic_uptrend,0.75,5348,1566,25.0,48.0,1543.6,0.776536312849162,高位
20250826,parabolic_uptrend,0.75,5350,1596,30.0,61.0,1555.8,0.7777777777777778,高位
20250827,parabolic_uptrend,0.75,5351,1597,1.0,62.0,1568.2,0.7790055248618785,高位
20250828,parabolic_uptrend,0.75,5351,1592,-5.0,51.0,1578.4,0.7692307692307693,高位
20250829,parabolic_uptrend,0.75,5350,1594,2.0,53.0,1589.0,0.7704918032786885,高位
20250901,parabolic_uptrend,0.75,5350,1612,18.0,46.0,1598.2,0.782608695652174,高位
20250902,parabolic_uptrend,0.75,5351,1619,7.0,23.0,1602.8,0.7837837837837838,高位
20250903,parabolic_uptrend,0.75,5353,1604,-15.0,7.0,1604.2,0.7741935483870968,高位
20250904,parabolic_uptrend,0.75,5352,1583,-21.0,-9.0,1602.4,0.7486631016042781,高位
20250905,parabolic_uptrend,0.75,5354,1582,-1.0,-12.0,1600.0,0.7446808510638298,高位
20250908,parabolic_uptrend,0.75,5355,1587,5.0,-25.0,1595.0,0.7513227513227513,高位
20250909,parabolic_uptrend,0.75,5356,1598,11.0,-21.0,1590.8,0.7736842105263158,高位
20250910,parabolic_uptrend,0.75,5359,1611,13.0,7.0,1592.2,0.7801047120418848,高位
20250911,parabolic_uptrend,0.75,5358,1630,19.0,47.0,1601.6,0.7916666666666666,高位
20250912,parabolic_uptrend,0.75,5361,1645,15.0,63.0,1614.2,0.7979274611398963,高位
20250915,parabolic_uptrend,0.75,5359,1660,15.0,73.0,1628.8,0.7989690721649485,高位
20250916,parabolic_uptrend,0.75,5359,1678,18.0,80.0,1644.8,0.8051282051282052,高位
20250917,parabolic_uptrend,0.75,5360,1690,12.0,79.0,1660.6,0.8061224489795918,高位
20250918,parabolic_uptrend,0.75,5360,1686,-4.0,56.0,1671.8,0.8020304568527918,高位
20250919,parabolic_uptrend,0.75,5361,1688,2.0,43.0,1680.4,0.803030303030303,高位
20250922,parabolic_uptrend,0.75,5359,1701,13.0,41.0,1688.6,0.8090452261306532,高位
20250923,parabolic_uptrend,0.75,5364,1693,-8.0,15.0,1691.6,0.805,高位
20250924,parabolic_uptrend,0.75,5363,1702,9.0,12.0,1694.0,0.8109452736318408,高位
20250925,parabolic_uptrend,0.75,5364,1704,2.0,18.0,1697.6,0.8118811881188119,高位
20250926,parabolic_uptrend,0.75,5363,1716,12.0,28.0,1703.2,0.812807881773399,高位
20250929,parabolic_uptrend,0.75,5357,1745,29.0,44.0,1712.0,0.8186274509803921,高位
20250930,parabolic_uptrend,0.75,5358,1809,64.0,116.0,1735.2,0.824390243902439,高位
20251009,parabolic_uptrend,0.75,5354,1857,48.0,155.0,1766.2,0.8349514563106796,高位
20251010,parabolic_uptrend,0.75,5356,1908,51.0,204.0,1807.0,0.8405797101449275,高位
20251013,parabolic_uptrend,0.75,5358,1931,23.0,215.0,1850.0,0.8461538461538461,高位
20251014,parabolic_uptrend,0.75,5358,1956,25.0,211.0,1892.2,0.84688995215311,高位
20251015,parabolic_uptrend,0.75,5358,1974,18.0,165.0,1925.2,0.8476190476190476,高位
20251016,parabolic_uptrend,0.75,5361,1977,3.0,120.0,1949.2,0.8483412322274881,高位
20251017,parabolic_uptrend,0.75,5363,1967,-10.0,59.0,1961.0,0.839622641509434,高位
20251020,parabolic_uptrend,0.75,5363,1980,13.0,49.0,1970.8,0.8497652582159625,高位
20251021,parabolic_uptrend,0.75,5362,1997,17.0,41.0,1979.0,0.8551401869158879,高位
20251022,parabolic_uptrend,0.75,5361,2008,11.0,34.0,1985.8,0.8604651162790697,高位
20251023,parabolic_uptrend,0.75,5363,2020,12.0,43.0,1994.4,0.8611111111111112,高位
20251024,parabolic_uptrend,0.75,5363,2059,39.0,92.0,2012.8,0.8663594470046083,高位
20251027,parabolic_uptrend,0.75,5363,2076,17.0,96.0,2032.0,0.8715596330275229,高位
20251028,parabolic_uptrend,0.75,5362,2084,8.0,87.0,2049.4,0.8721461187214612,高位
20251029,parabolic_uptrend,0.75,5362,2103,19.0,95.0,2068.4,0.8727272727272727,高位
20251030,parabolic_uptrend,0.75,5361,2093,-10.0,73.0,2083.0,0.8687782805429864,高位
20251031,parabolic_uptrend,0.75,5362,2100,7.0,41.0,2091.2,0.8693693693693694,高位
20251103,parabolic_uptrend,0.75,5362,2107,7.0,31.0,2097.4,0.874439461883408,高位
20251104,parabolic_uptrend,0.75,5364,2113,6.0,29.0,2103.2,0.8794642857142857,高位
20251105,parabolic_uptrend,0.75,5363,2104,-9.0,1.0,2103.4,0.8666666666666667,高位
20251106,parabolic_uptrend,0.75,5362,2102,-2.0,9.0,2105.2,0.8584070796460177,高位
20251107,parabolic_uptrend,0.75,5362,2089,-13.0,-11.0,2103.0,0.8458149779735683,高位
20251110,parabolic_uptrend,0.75,5365,2055,-34.0,-52.0,2092.6,0.8245614035087719,高位
20251111,parabolic_uptrend,0.75,5366,2020,-35.0,-93.0,2074.0,0.8165938864628821,高位
20251112,parabolic_uptrend,0.75,5369,1986,-34.0,-118.0,2050.4,0.7913043478260869,高位
20251113,parabolic_uptrend,0.75,5369,1950,-36.0,-152.0,2020.0,0.7662337662337663,高位
20251114,parabolic_uptrend,0.75,5368,1898,-52.0,-191.0,1981.8,0.7456896551724138,高位
20251117,parabolic_uptrend,0.75,5368,1844,-54.0,-211.0,1939.6,0.7381974248927039,高位
20251118,parabolic_uptrend,0.75,5369,1789,-55.0,-231.0,1893.4,0.7222222222222222,高位
20251119,parabolic_uptrend,0.75,5371,1754,-35.0,-232.0,1847.0,0.7191489361702128,高位
20251120,parabolic_uptrend,0.75,5372,1698,-56.0,-252.0,1796.6,0.6864406779661016,高位
20251121,parabolic_uptrend,0.75,5375,1629,-69.0,-269.0,1742.8,0.6413502109704642,中位
20251124,parabolic_uptrend,0.75,5371,1576,-53.0,-268.0,1689.2,0.5882352941176471,中位
20251125,parabolic_uptrend,0.75,5368,1550,-26.0,-239.0,1641.4,0.5774058577405857,中位
20251126,parabolic_uptrend,0.75,5365,1525,-25.0,-229.0,1595.6,0.5583333333333333,中位
20251127,parabolic_uptrend,0.75,5364,1500,-25.0,-198.0,1556.0,0.5518672199170125,中位
20251128,parabolic_uptrend,0.75,5363,1471,-29.0,-158.0,1524.4,0.5371900826446281,中位
20251201,parabolic_uptrend,0.75,5363,1449,-22.0,-127.0,1499.0,0.5308641975308642,中位
20251202,parabolic_uptrend,0.75,5367,1419,-30.0,-131.0,1472.8,0.5245901639344263,中位
20251203,parabolic_uptrend,0.75,5372,1391,-28.0,-134.0,1446.0,0.5224489795918368,中位
20251204,parabolic_uptrend,0.75,5371,1349,-42.0,-151.0,1415.8,0.508130081300813,中位
20251205,parabolic_uptrend,0.75,5368,1335,-14.0,-136.0,1388.6,0.5060728744939271,中位
20251208,parabolic_uptrend,0.75,5371,1340,5.0,-109.0,1366.8,0.5080645161290323,中位
20251209,parabolic_uptrend,0.75,5373,1314,-26.0,-105.0,1345.8,0.4939759036144578,中位
20251210,parabolic_uptrend,0.75,5370,1298,-16.0,-93.0,1327.2,0.492,中位
20251211,parabolic_uptrend,0.75,5374,1286,-12.0,-63.0,1314.6,0.4900398406374502,中位
20251212,parabolic_uptrend,0.75,5376,1275,-11.0,-60.0,1302.6,0.4880952380952381,中位
20251215,parabolic_uptrend,0.75,5375,1256,-19.0,-84.0,1285.8,0.4782608695652174,中位
20251216,parabolic_uptrend,0.75,5376,1242,-14.0,-72.0,1271.4,0.47244094488188976,中位
20251217,parabolic_uptrend,0.75,5378,1212,-30.0,-86.0,1254.2,0.4666666666666667,中位
20251218,parabolic_uptrend,0.75,5381,1181,-31.0,-105.0,1233.2,0.45703125,中位
20251219,parabolic_uptrend,0.75,5379,1155,-26.0,-120.0,1209.2,0.4474708171206226,中位
20251222,parabolic_uptrend,0.75,5375,1129,-26.0,-127.0,1183.8,0.437984496124031,中位
20251223,parabolic_uptrend,0.75,5377,1120,-9.0,-122.0,1159.4,0.4362934362934363,中位
20251224,parabolic_uptrend,0.75,5378,1102,-18.0,-110.0,1137.4,0.4346153846153846,中位
20251225,parabolic_uptrend,0.75,5380,1089,-13.0,-92.0,1119.0,0.421455938697318,中位
20251226,parabolic_uptrend,0.75,5379,1075,-14.0,-80.0,1103.0,0.41603053435114506,中位
20251229,parabolic_uptrend,0.75,5381,1051,-24.0,-78.0,1087.4,0.41064638783269963,中位
20251230,parabolic_uptrend,0.75,5380,1021,-30.0,-99.0,1067.6,0.4015151515151515,中位
20251231,parabolic_uptrend,0.75,5380,1004,-17.0,-98.0,1048.0,0.3886792452830189,中位
20260105,parabolic_uptrend,0.75,5379,994,-10.0,-95.0,1029.0,0.38721804511278196,中位
20260106,parabolic_uptrend,0.75,5380,962,-32.0,-113.0,1006.4,0.37453183520599254,中位
20260107,parabolic_uptrend,0.75,5383,950,-12.0,-101.0,986.2,0.3694029850746269,中位
20260108,parabolic_uptrend,0.75,5383,937,-13.0,-84.0,969.4,0.36059479553903345,中位
20260109,parabolic_uptrend,0.75,5383,938,1.0,-66.0,956.2,0.362962962962963,中位
20260112,parabolic_uptrend,0.75,5383,945,7.0,-49.0,946.4,0.3726937269372694,中位
20260113,parabolic_uptrend,0.75,5376,948,3.0,-14.0,943.6,0.375,中位
20260114,parabolic_uptrend,0.75,5378,944,-4.0,-6.0,942.4,0.36996336996337,中位
20260115,parabolic_uptrend,0.75,5380,944,0.0,7.0,943.8,0.3722627737226277,中位
20260116,parabolic_uptrend,0.75,5382,943,-1.0,5.0,944.8,0.36727272727272725,中位
20260119,parabolic_uptrend,0.75,5383,953,10.0,8.0,946.4,0.38768115942028986,中位
20260120,parabolic_uptrend,0.75,5390,959,6.0,11.0,948.6,0.3898916967509025,中位
20260121,parabolic_uptrend,0.75,5387,963,4.0,19.0,952.4,0.39928057553956836,中位
20260122,parabolic_uptrend,0.75,5388,955,-8.0,11.0,954.6,0.3870967741935484,中位
20260123,parabolic_uptrend,0.75,5389,955,0.0,12.0,957.0,0.3892857142857143,中位
20260126,parabolic_uptrend,0.75,5387,942,-13.0,-11.0,954.8,0.3594306049822064,中位
20260127,parabolic_uptrend,0.75,5387,925,-17.0,-34.0,948.0,0.33687943262411346,中位
20260128,parabolic_uptrend,0.75,5386,914,-11.0,-49.0,938.2,0.3215547703180212,低位
20260129,parabolic_uptrend,0.75,5387,898,-16.0,-57.0,926.8,0.30985915492957744,低位
20260130,parabolic_uptrend,0.75,5384,892,-6.0,-63.0,914.2,0.30526315789473685,低位
20260202,parabolic_uptrend,0.75,5387,868,-24.0,-74.0,899.4,0.2972027972027972,低位
20260203,parabolic_uptrend,0.75,5387,855,-13.0,-70.0,885.4,0.2857142857142857,低位
20260204,parabolic_uptrend,0.75,5390,854,-1.0,-60.0,873.4,0.28125,低位
20260205,parabolic_uptrend,0.75,5388,854,0.0,-44.0,864.6,0.2837370242214533,低位
20260206,parabolic_uptrend,0.75,5387,871,17.0,-21.0,860.4,0.30689655172413793,低位
20260209,parabolic_uptrend,0.75,5387,884,13.0,16.0,863.6,0.3127147766323024,低位
20260210,parabolic_uptrend,0.75,5391,905,21.0,50.0,873.6,0.3321917808219178,低位
20260211,parabolic_uptrend,0.75,5390,915,10.0,61.0,885.8,0.3447098976109215,中位
20260212,parabolic_uptrend,0.75,5395,928,13.0,74.0,900.6,0.36394557823129253,中位
20260213,parabolic_uptrend,0.75,5393,934,6.0,63.0,913.2,0.3728813559322034,中位
20260224,parabolic_uptrend,0.75,5394,945,11.0,61.0,925.4,0.40540540540540543,中位
20260225,parabolic_uptrend,0.75,5391,948,3.0,43.0,934.0,0.4107744107744108,中位
20260226,parabolic_uptrend,0.75,5390,942,-6.0,27.0,939.4,0.38926174496644295,中位
20260227,parabolic_uptrend,0.75,5391,953,11.0,25.0,944.4,0.4214046822742475,中位
20260302,parabolic_uptrend,0.75,5390,951,-2.0,17.0,947.8,0.4166666666666667,中位
20260303,parabolic_uptrend,0.75,5391,940,-11.0,-5.0,946.8,0.3754152823920266,中位
20260304,parabolic_uptrend,0.75,5392,920,-20.0,-28.0,941.2,0.34105960264900664,中位
20260305,parabolic_uptrend,0.75,5393,920,0.0,-22.0,936.8,0.3432343234323432,中位
20260306,parabolic_uptrend,0.75,5394,928,8.0,-25.0,931.8,0.3618421052631579,中位
20260309,parabolic_uptrend,0.75,5397,928,0.0,-23.0,927.2,0.3639344262295082,中位
20260310,parabolic_uptrend,0.75,5396,930,2.0,-10.0,925.2,0.369281045751634,中位
20260311,parabolic_uptrend,0.75,5399,938,8.0,18.0,928.8,0.38436482084690554,中位
20260312,parabolic_uptrend,0.75,5399,945,7.0,25.0,933.8,0.41883116883116883,中位
20260313,parabolic_uptrend,0.75,5398,962,17.0,34.0,940.6,0.4563106796116505,中位
20260316,parabolic_uptrend,0.75,5398,964,2.0,36.0,947.8,0.4612903225806452,中位
20260317,parabolic_uptrend,0.75,5396,954,-10.0,24.0,952.6,0.43729903536977494,中位
20260318,parabolic_uptrend,0.75,5396,959,5.0,21.0,956.8,0.44871794871794873,中位
20260319,parabolic_uptrend,0.75,5396,952,-7.0,7.0,958.2,0.4281150159744409,中位
20260320,parabolic_uptrend,0.75,5397,931,-21.0,-31.0,952.0,0.3630573248407643,中位
20260323,parabolic_uptrend,0.75,5401,883,-48.0,-81.0,935.8,0.28888888888888886,低位
20260324,parabolic_uptrend,0.75,5399,875,-8.0,-79.0,920.0,0.2848101265822785,低位
20260325,parabolic_uptrend,0.75,5398,864,-11.0,-95.0,901.0,0.2744479495268139,低位
20260326,parabolic_uptrend,0.75,5397,852,-12.0,-100.0,881.0,0.25471698113207547,低位
20260327,parabolic_uptrend,0.75,5393,851,-1.0,-80.0,865.0,0.25391849529780564,低位
20260330,parabolic_uptrend,0.75,5391,851,0.0,-32.0,858.6,0.25625,低位
20260331,parabolic_uptrend,0.75,5395,858,7.0,-17.0,855.2,0.2772585669781931,低位
20260401,parabolic_uptrend,0.75,5397,861,3.0,-3.0,854.6,0.2826086956521739,低位
20260402,parabolic_uptrend,0.75,5397,849,-12.0,-3.0,854.0,0.25077399380804954,低位
20260403,parabolic_uptrend,0.75,5398,853,4.0,2.0,854.4,0.2623456790123457,低位
20260407,parabolic_uptrend,0.75,5397,854,1.0,3.0,855.0,0.27076923076923076,低位
20260408,parabolic_uptrend,0.75,5401,865,11.0,7.0,856.4,0.294478527607362,低位
20260409,parabolic_uptrend,0.75,5404,870,5.0,9.0,858.2,0.30275229357798167,低位
20260410,parabolic_uptrend,0.75,5405,881,11.0,32.0,864.6,0.31402439024390244,低位
20260413,parabolic_uptrend,0.75,5404,891,10.0,38.0,872.2,0.3252279635258359,低位
20260414,parabolic_uptrend,0.75,5406,889,-2.0,35.0,879.2,0.3242424242424242,低位
20260415,parabolic_uptrend,0.75,5405,882,-7.0,17.0,882.6,0.31419939577039274,低位
20260416,parabolic_uptrend,0.75,5406,879,-3.0,9.0,884.4,0.3072289156626506,低位
20260417,parabolic_uptrend,0.75,5404,868,-11.0,-13.0,881.8,0.2972972972972973,低位
20260420,parabolic_uptrend,0.75,5399,876,8.0,-15.0,878.8,0.3083832335329341,低位
20260421,parabolic_uptrend,0.75,5403,879,3.0,-10.0,876.8,0.31343283582089554,低位
20260422,parabolic_uptrend,0.75,5402,873,-6.0,-9.0,875.0,0.30357142857142855,低位
20260423,parabolic_uptrend,0.75,5400,847,-26.0,-32.0,868.6,0.2403560830860534,低位
20260424,parabolic_uptrend,0.75,5400,844,-3.0,-24.0,863.8,0.23964497041420119,低位
20260427,parabolic_uptrend,0.75,5398,839,-5.0,-37.0,856.4,0.2359882005899705,低位
20260428,parabolic_uptrend,0.75,5391,823,-16.0,-56.0,845.2,0.2323529411764706,低位
20260429,parabolic_uptrend,0.75,5365,819,-4.0,-54.0,834.4,0.2287390029325513,低位
20260430,parabolic_uptrend,0.75,5362,807,-12.0,-40.0,826.4,0.22807017543859648,低位
20260506,parabolic_uptrend,0.75,5392,802,-5.0,-42.0,818.0,0.22740524781341107,低位
20260507,parabolic_uptrend,0.75,5394,796,-6.0,-43.0,809.4,0.2238372093023256,低位
20260508,parabolic_uptrend,0.75,5392,784,-12.0,-39.0,801.6,0.22028985507246376,低位
20260511,parabolic_uptrend,0.75,5390,775,-9.0,-44.0,792.8,0.21965317919075145,低位
20260512,parabolic_uptrend,0.75,5390,759,-16.0,-48.0,783.2,0.21037463976945245,低位
20260513,parabolic_uptrend,0.75,5394,749,-10.0,-53.0,772.6,0.20977011494252873,低位
20260514,parabolic_uptrend,0.75,5394,742,-7.0,-54.0,761.8,0.20630372492836677,低位
20260515,parabolic_uptrend,0.75,5395,736,-6.0,-48.0,752.2,0.2057142857142857,低位
20260518,parabolic_uptrend,0.75,5397,727,-9.0,-48.0,742.6,0.20512820512820512,低位
20260519,parabolic_uptrend,0.75,5393,705,-22.0,-54.0,731.8,0.20170454545454544,低位
20260520,parabolic_uptrend,0.75,5397,692,-13.0,-57.0,720.4,0.20113314447592068,低位
20260521,parabolic_uptrend,0.75,5400,678,-14.0,-64.0,707.6,0.19491525423728814,低位
20260522,parabolic_uptrend,0.75,5399,670,-8.0,-66.0,694.4,0.19436619718309858,低位
20260525,parabolic_uptrend,0.75,5399,665,-5.0,-62.0,682.0,0.18820224719101122,低位
20260526,parabolic_uptrend,0.75,5400,656,-9.0,-49.0,672.2,0.1876750700280112,低位
20260527,parabolic_uptrend,0.75,5400,655,-1.0,-37.0,664.8,0.1871508379888268,低位
20260528,parabolic_uptrend,0.75,5401,658,3.0,-20.0,660.8,0.19220055710306408,低位
20260529,parabolic_uptrend,0.75,5400,650,-8.0,-20.0,656.8,0.18611111111111112,低位
20260601,parabolic_uptrend,0.75,5405,638,-12.0,-27.0,651.4,0.18559556786703602,低位
20260602,parabolic_uptrend,0.75,5405,631,-7.0,-25.0,646.4,0.18232044198895028,低位
20260603,parabolic_uptrend,0.75,5409,625,-6.0,-30.0,640.4,0.18181818181818182,低位
20260604,parabolic_uptrend,0.75,5410,624,-1.0,-34.0,633.6,0.1813186813186813,低位
20260605,parabolic_uptrend,0.75,5412,622,-2.0,-28.0,628.0,0.18082191780821918,低位
20260608,parabolic_uptrend,0.75,5413,621,-1.0,-17.0,624.6,0.18032786885245902,低位
20260609,parabolic_uptrend,0.75,5412,621,0.0,-10.0,622.6,0.18256130790190736,低位
20260610,parabolic_uptrend,0.75,5409,623,2.0,-2.0,622.2,0.1875,低位
20260611,parabolic_uptrend,0.75,5407,622,-1.0,-2.0,621.8,0.18699186991869918,低位
20260612,parabolic_uptrend,0.75,5409,614,-8.0,-8.0,620.2,0.1783783783783784,低位
20260615,parabolic_uptrend,0.75,5405,614,0.0,-7.0,618.8,0.18059299191374664,低位
20260616,parabolic_uptrend,0.75,5410,632,18.0,11.0,621.0,0.20430107526881722,低位
20260617,parabolic_uptrend,0.75,5406,634,2.0,11.0,623.2,0.2064343163538874,低位
20260618,parabolic_uptrend,0.75,5406,645,11.0,23.0,627.8,0.21390374331550802,低位
20260622,parabolic_uptrend,0.75,5409,656,11.0,42.0,636.2,0.224,低位
20260623,parabolic_uptrend,0.75,5413,670,14.0,56.0,647.4,0.2393617021276596,低位
20260624,parabolic_uptrend,0.75,5411,680,10.0,48.0,657.0,0.246684350132626,低位
20260625,parabolic_uptrend,0.75,5414,691,11.0,57.0,668.4,0.24867724867724866,低位
20260626,parabolic_uptrend,0.75,5415,690,-1.0,45.0,677.4,0.24802110817941952,低位
20260629,parabolic_uptrend,0.75,5411,687,-3.0,31.0,683.6,0.24736842105263157,低位
20260630,parabolic_uptrend,0.75,5408,691,4.0,21.0,687.8,0.2545931758530184,低位
20260701,parabolic_uptrend,0.75,5412,679,-12.0,-1.0,687.6,0.24083769633507854,低位
20260702,parabolic_uptrend,0.75,5416,675,-4.0,-16.0,684.4,0.23759791122715404,低位
20260703,parabolic_uptrend,0.75,5416,660,-15.0,-30.0,678.4,0.22395833333333334,低位
20260706,parabolic_uptrend,0.75,5418,652,-8.0,-35.0,671.4,0.21298701298701297,低位
20260707,parabolic_uptrend,0.75,5420,634,-18.0,-57.0,660.0,0.20207253886010362,低位
20260708,parabolic_uptrend,0.75,5420,624,-10.0,-55.0,649.0,0.19121447028423771,低位
20260709,parabolic_uptrend,0.75,5421,610,-14.0,-65.0,636.0,0.17010309278350516,低位
20260710,parabolic_uptrend,0.75,5420,604,-6.0,-56.0,624.8,0.16966580976863754,低位
20260713,parabolic_uptrend,0.75,5423,583,-21.0,-69.0,611.0,0.1641025641025641,低位
20260714,parabolic_uptrend,0.75,5423,576,-7.0,-58.0,599.4,0.1636828644501279,低位
20260715,parabolic_uptrend,0.75,5424,556,-20.0,-68.0,585.8,0.15816326530612246,低位
20260716,parabolic_uptrend,0.75,5425,546,-10.0,-64.0,573.0,0.15776081424936386,低位
20260717,parabolic_uptrend,0.75,5423,535,-11.0,-69.0,559.2,0.1548223350253807,低位
20260720,parabolic_uptrend,0.75,5425,506,-29.0,-77.0,543.8,0.14936708860759493,低位
20260721,parabolic_uptrend,0.75,5426,480,-26.0,-96.0,524.6,0.1388888888888889,低位
20260722,parabolic_uptrend,0.75,5426,459,-21.0,-97.0,505.2,0.13350125944584382,低位
20260723,parabolic_uptrend,0.75,5427,442,-17.0,-104.0,484.4,0.12562814070351758,低位
20260724,parabolic_uptrend,0.75,5426,424,-18.0,-111.0,462.2,0.12030075187969924,低位
20260727,parabolic_uptrend,0.75,5422,411,-13.0,-95.0,443.2,0.1075,低位
20260728,parabolic_uptrend,0.75,5423,390,-21.0,-90.0,425.2,0.08229426433915212,低位
20260729,parabolic_uptrend,0.75,5422,377,-13.0,-82.0,408.8,0.06467661691542288,低位
20241202,pullback_strengthening,0.75,5334,2800,,,2800.0,1.0,高位
20241203,pullback_strengthening,0.75,5334,2655,-145.0,,2727.5,0.5,中位
20241204,pullback_strengthening,0.75,5333,2440,-215.0,,2631.6666666666665,0.3333333333333333,低位
20241205,pullback_strengthening,0.75,5336,2194,-246.0,,2522.25,0.25,低位
20241206,pullback_strengthening,0.75,5334,2049,-145.0,,2427.6,0.2,低位
20241209,pullback_strengthening,0.75,5333,1842,-207.0,-958.0,2236.0,0.16666666666666666,低位
20241210,pullback_strengthening,0.75,5336,1673,-169.0,-982.0,2039.6,0.14285714285714285,低位
20241211,pullback_strengthening,0.75,5336,1524,-149.0,-916.0,1856.4,0.125,低位
20241212,pullback_strengthening,0.75,5337,1405,-119.0,-789.0,1698.6,0.1111111111111111,低位
20241213,pullback_strengthening,0.75,5336,1312,-93.0,-737.0,1551.2,0.1,低位
20241216,pullback_strengthening,0.75,5340,1261,-51.0,-581.0,1435.0,0.09090909090909091,低位
20241217,pullback_strengthening,0.75,5338,1107,-154.0,-566.0,1321.8,0.08333333333333333,低位
20241218,pullback_strengthening,0.75,5341,1047,-60.0,-477.0,1226.4,0.07692307692307693,低位
20241219,pullback_strengthening,0.75,5340,996,-51.0,-409.0,1144.6,0.07142857142857142,低位
20241220,pullback_strengthening,0.75,5344,979,-17.0,-333.0,1078.0,0.06666666666666667,低位
20241223,pullback_strengthening,0.75,5342,920,-59.0,-341.0,1009.8,0.0625,低位
20241224,pullback_strengthening,0.75,5341,1037,117.0,-70.0,995.8,0.23529411764705882,低位
20241225,pullback_strengthening,0.75,5338,927,-110.0,-120.0,971.8,0.1111111111111111,低位
20241226,pullback_strengthening,0.75,5343,851,-76.0,-145.0,942.8,0.05263157894736842,低位
20241227,pullback_strengthening,0.75,5341,799,-52.0,-180.0,906.8,0.05,低位
20241230,pullback_strengthening,0.75,5337,742,-57.0,-178.0,871.2,0.047619047619047616,低位
20241231,pullback_strengthening,0.75,5341,668,-74.0,-369.0,797.4,0.045454545454545456,低位
20250102,pullback_strengthening,0.75,5340,625,-43.0,-302.0,737.0,0.043478260869565216,低位
20250103,pullback_strengthening,0.75,5341,540,-85.0,-311.0,674.8,0.041666666666666664,低位
20250106,pullback_strengthening,0.75,5339,439,-101.0,-360.0,602.8,0.04,低位
20250107,pullback_strengthening,0.75,5342,406,-33.0,-336.0,535.6,0.038461538461538464,低位
20250108,pullback_strengthening,0.75,5342,377,-29.0,-291.0,477.4,0.037037037037037035,低位
20250109,pullback_strengthening,0.75,5345,336,-41.0,-289.0,419.6,0.03571428571428571,低位
20250110,pullback_strengthening,0.75,5345,308,-28.0,-232.0,373.2,0.034482758620689655,低位
20250113,pullback_strengthening,0.75,5344,274,-34.0,-165.0,340.2,0.03333333333333333,低位
20250114,pullback_strengthening,0.75,5349,256,-18.0,-150.0,310.2,0.03225806451612903,低位
20250115,pullback_strengthening,0.75,5349,251,-5.0,-126.0,285.0,0.03125,低位
20250116,pullback_strengthening,0.75,5351,231,-20.0,-105.0,264.0,0.030303030303030304,低位
20250117,pullback_strengthening,0.75,5350,214,-17.0,-94.0,245.2,0.029411764705882353,低位
20250120,pullback_strengthening,0.75,5349,199,-15.0,-75.0,230.2,0.02857142857142857,低位
20250121,pullback_strengthening,0.75,5351,193,-6.0,-63.0,217.6,0.027777777777777776,低位
20250122,pullback_strengthening,0.75,5353,191,-2.0,-60.0,205.6,0.02702702702702703,低位
20250123,pullback_strengthening,0.75,5355,175,-16.0,-56.0,194.4,0.02631578947368421,低位
20250124,pullback_strengthening,0.75,5352,175,0.0,-39.0,186.6,0.05128205128205128,低位
20250127,pullback_strengthening,0.75,5352,170,-5.0,-29.0,180.8,0.025,低位
20250205,pullback_strengthening,0.75,5354,170,0.0,-23.0,176.2,0.04878048780487805,低位
20250206,pullback_strengthening,0.75,5354,168,-2.0,-23.0,171.6,0.023809523809523808,低位
20250207,pullback_strengthening,0.75,5355,166,-2.0,-9.0,169.8,0.023255813953488372,低位
20250210,pullback_strengthening,0.75,5356,166,0.0,-9.0,168.0,0.045454545454545456,低位
20250211,pullback_strengthening,0.75,5355,164,-2.0,-6.0,166.8,0.022222222222222223,低位
20250212,pullback_strengthening,0.75,5356,167,3.0,-3.0,166.2,0.08695652173913043,低位
20250213,pullback_strengthening,0.75,5358,161,-6.0,-7.0,164.8,0.02127659574468085,低位
20250214,pullback_strengthening,0.75,5357,157,-4.0,-9.0,163.0,0.020833333333333332,低位
20250217,pullback_strengthening,0.75,5362,162,5.0,-4.0,162.2,0.061224489795918366,低位
20250218,pullback_strengthening,0.75,5361,163,1.0,-1.0,162.0,0.08,低位
20250219,pullback_strengthening,0.75,5362,173,10.0,6.0,163.2,0.23529411764705882,低位
20250220,pullback_strengthening,0.75,5361,180,7.0,19.0,167.0,0.28846153846153844,低位
20250221,pullback_strengthening,0.75,5363,184,4.0,27.0,172.4,0.3018867924528302,低位
20250224,pullback_strengthening,0.75,5362,187,3.0,25.0,177.4,0.3148148148148148,低位
20250225,pullback_strengthening,0.75,5360,191,4.0,28.0,183.0,0.34545454545454546,中位
20250226,pullback_strengthening,0.75,5361,203,12.0,30.0,189.0,0.39285714285714285,中位
20250227,pullback_strengthening,0.75,5360,216,13.0,36.0,196.2,0.42105263157894735,中位
20250228,pullback_strengthening,0.75,5362,219,3.0,35.0,203.2,0.43103448275862066,中位
20250303,pullback_strengthening,0.75,5359,232,13.0,45.0,212.2,0.4576271186440678,中位
20250304,pullback_strengthening,0.75,5359,270,38.0,79.0,228.0,0.5,中位
20250305,pullback_strengthening,0.75,5358,321,51.0,118.0,251.6,0.5409836065573771,中位
20250306,pullback_strengthening,0.75,5357,392,71.0,176.0,286.8,0.5806451612903226,中位
20250307,pullback_strengthening,0.75,5359,486,94.0,267.0,340.2,0.6190476190476191,中位
20250310,pullback_strengthening,0.75,5359,586,100.0,354.0,411.0,0.640625,中位
20250311,pullback_strengthening,0.75,5360,725,139.0,455.0,502.0,0.676923076923077,高位
20250312,pullback_strengthening,0.75,5359,928,203.0,607.0,623.4,0.7575757575757576,高位
20250313,pullback_strengthening,0.75,5362,1030,102.0,638.0,751.0,0.7910447761194029,高位
20250314,pullback_strengthening,0.75,5362,1169,139.0,683.0,887.6,0.8382352941176471,高位
20250317,pullback_strengthening,0.75,5359,1373,204.0,787.0,1045.0,0.8695652173913043,高位
20250318,pullback_strengthening,0.75,5365,1675,302.0,950.0,1235.0,0.9142857142857143,高位
20250319,pullback_strengthening,0.75,5362,1780,105.0,852.0,1405.4,0.9154929577464789,高位
20250320,pullback_strengthening,0.75,5363,1924,144.0,894.0,1584.2,0.9305555555555556,高位
20250321,pullback_strengthening,0.75,5364,1948,24.0,779.0,1740.0,0.9315068493150684,高位
20250324,pullback_strengthening,0.75,5363,2008,60.0,635.0,1867.0,0.9324324324324325,高位
20250325,pullback_strengthening,0.75,5366,2076,68.0,401.0,1947.2,0.9466666666666667,高位
20250326,pullback_strengthening,0.75,5367,2127,51.0,347.0,2016.6,0.9473684210526315,高位
20250327,pullback_strengthening,0.75,5367,2098,-29.0,174.0,2051.4,0.935064935064935,高位
20250328,pullback_strengthening,0.75,5367,1938,-160.0,-10.0,2049.4,0.8717948717948718,高位
20250331,pullback_strengthening,0.75,5369,1747,-191.0,-261.0,1997.2,0.8227848101265823,高位
20250401,pullback_strengthening,0.75,5368,1644,-103.0,-432.0,1910.8,0.7875,高位
20250402,pullback_strengthening,0.75,5369,1547,-97.0,-580.0,1794.8,0.7777777777777778,高位
20250403,pullback_strengthening,0.75,5368,1439,-108.0,-659.0,1663.0,0.7560975609756098,高位
20250407,pullback_strengthening,0.75,5368,912,-527.0,-1026.0,1457.8,0.5783132530120482,中位
20250408,pullback_strengthening,0.75,5368,664,-248.0,-1083.0,1241.2,0.5119047619047619,中位
20250409,pullback_strengthening,0.75,5370,596,-68.0,-1048.0,1031.6,0.49411764705882355,中位
20250410,pullback_strengthening,0.75,5372,543,-53.0,-1004.0,830.8,0.47674418604651164,中位
20250411,pullback_strengthening,0.75,5370,498,-45.0,-941.0,642.6,0.45977011494252873,中位
20250414,pullback_strengthening,0.75,5369,477,-21.0,-435.0,555.6,0.4431818181818182,中位
20250415,pullback_strengthening,0.75,5366,448,-29.0,-216.0,512.4,0.43820224719101125,中位
20250416,pullback_strengthening,0.75,5369,422,-26.0,-174.0,477.6,0.4222222222222222,中位
20250417,pullback_strengthening,0.75,5370,398,-24.0,-145.0,448.6,0.4065934065934066,中位
20250418,pullback_strengthening,0.75,5370,337,-61.0,-161.0,416.4,0.3804347826086957,中位
20250421,pullback_strengthening,0.75,5370,324,-13.0,-153.0,385.8,0.3655913978494624,中位
20250422,pullback_strengthening,0.75,5370,314,-10.0,-134.0,359.0,0.35106382978723405,中位
20250423,pullback_strengthening,0.75,5372,310,-4.0,-112.0,336.6,0.3473684210526316,中位
20250424,pullback_strengthening,0.75,5371,278,-32.0,-120.0,312.6,0.3333333333333333,低位
20250425,pullback_strengthening,0.75,5369,274,-4.0,-63.0,300.0,0.32989690721649484,低位
20250428,pullback_strengthening,0.75,5363,255,-19.0,-69.0,286.2,0.29591836734693877,低位
20250429,pullback_strengthening,0.75,5337,252,-3.0,-62.0,273.8,0.29292929292929293,低位
20250430,pullback_strengthening,0.75,5336,255,3.0,-55.0,262.8,0.31,低位
20250506,pullback_strengthening,0.75,5362,259,4.0,-19.0,259.0,0.32673267326732675,低位
20250507,pullback_strengthening,0.75,5364,254,-5.0,-20.0,255.0,0.29411764705882354,低位
20250508,pullback_strengthening,0.75,5365,270,16.0,15.0,258.0,0.34951456310679613,中位
20250509,pullback_strengthening,0.75,5365,277,7.0,25.0,263.0,0.375,中位
20250512,pullback_strengthening,0.75,5365,277,0.0,22.0,267.4,0.38095238095238093,中位
20250513,pullback_strengthening,0.75,5366,269,-8.0,10.0,269.4,0.330188679245283,低位
20250514,pullback_strengthening,0.75,5366,261,-8.0,7.0,270.8,0.32710280373831774,低位
20250515,pullback_strengthening,0.75,5365,261,0.0,-9.0,269.0,0.3333333333333333,低位
20250516,pullback_strengthening,0.75,5364,276,15.0,-1.0,268.8,0.3853211009174312,中位
20250519,pullback_strengthening,0.75,5359,284,8.0,7.0,270.2,0.41818181818181815,中位
20250520,pullback_strengthening,0.75,5365,285,1.0,16.0,273.4,0.42342342342342343,中位
20250521,pullback_strengthening,0.75,5361,283,-2.0,22.0,277.8,0.4107142857142857,中位
20250522,pullback_strengthening,0.75,5358,275,-8.0,14.0,280.6,0.37168141592920356,中位
20250523,pullback_strengthening,0.75,5362,282,7.0,6.0,281.8,0.41228070175438597,中位
20250526,pullback_strengthening,0.75,5359,283,1.0,-1.0,281.6,0.4260869565217391,中位
20250527,pullback_strengthening,0.75,5359,288,5.0,3.0,282.2,0.4482758620689655,中位
20250528,pullback_strengthening,0.75,5357,306,18.0,23.0,286.8,0.452991452991453,中位
20250529,pullback_strengthening,0.75,5359,314,8.0,39.0,294.6,0.4830508474576271,中位
20250530,pullback_strengthening,0.75,5359,351,37.0,69.0,308.4,0.5210084033613446,中位
20250603,pullback_strengthening,0.75,5355,378,27.0,95.0,327.4,0.5333333333333333,中位
20250604,pullback_strengthening,0.75,5361,414,36.0,126.0,352.6,0.5619834710743802,中位
20250605,pullback_strengthening,0.75,5361,438,24.0,132.0,379.0,0.5737704918032787,中位
20250606,pullback_strengthening,0.75,5364,459,21.0,145.0,408.0,0.5934959349593496,中位
20250609,pullback_strengthening,0.75,5361,522,63.0,171.0,442.2,0.6209677419354839,中位
20250610,pullback_strengthening,0.75,5369,608,86.0,230.0,488.2,0.656,中位
20250611,pullback_strengthening,0.75,5372,713,105.0,299.0,548.0,0.6825396825396826,高位
20250612,pullback_strengthening,0.75,5372,808,95.0,370.0,622.0,0.7086614173228346,高位
20250613,pullback_strengthening,0.75,5373,871,63.0,412.0,704.4,0.71875,高位
20250616,pullback_strengthening,0.75,5376,939,68.0,417.0,787.8,0.751937984496124,高位
20250617,pullback_strengthening,0.75,5382,1056,117.0,448.0,877.4,0.7923076923076923,高位
20250618,pullback_strengthening,0.75,5384,1085,29.0,372.0,951.8,0.7938931297709924,高位
20250619,pullback_strengthening,0.75,5384,1077,-8.0,269.0,1005.6,0.7878787878787878,高位
20250620,pullback_strengthening,0.75,5384,1105,28.0,234.0,1052.4,0.7969924812030075,高位
20250623,pullback_strengthening,0.75,5379,1131,26.0,192.0,1090.8,0.8059701492537313,高位
20250624,pullback_strengthening,0.75,5384,1271,140.0,215.0,1133.8,0.8222222222222222,高位
20250625,pullback_strengthening,0.75,5385,1410,139.0,325.0,1198.8,0.8455882352941176,高位
20250626,pullback_strengthening,0.75,5387,1426,16.0,349.0,1268.6,0.8467153284671532,高位
20250627,pullback_strengthening,0.75,5383,1356,-70.0,251.0,1318.8,0.8188405797101449,高位
20250630,pullback_strengthening,0.75,5384,1355,-1.0,224.0,1363.6,0.8129496402877698,高位
20250701,pullback_strengthening,0.75,5382,1344,-11.0,73.0,1378.2,0.8071428571428572,高位
20250702,pullback_strengthening,0.75,5382,1305,-39.0,-105.0,1357.2,0.7943262411347518,高位
20250703,pullback_strengthening,0.75,5382,1260,-45.0,-166.0,1324.0,0.7746478873239436,高位
20250704,pullback_strengthening,0.75,5385,1234,-26.0,-122.0,1299.6,0.7692307692307693,高位
20250707,pullback_strengthening,0.75,5384,1226,-8.0,-129.0,1273.8,0.7638888888888888,高位
20250708,pullback_strengthening,0.75,5384,1207,-19.0,-137.0,1246.4,0.7586206896551724,高位
20250709,pullback_strengthening,0.75,5387,1184,-23.0,-121.0,1222.2,0.7534246575342466,高位
20250710,pullback_strengthening,0.75,5386,1157,-27.0,-103.0,1201.6,0.7414965986394558,高位
20250711,pullback_strengthening,0.75,5389,1156,-1.0,-78.0,1186.0,0.7364864864864865,高位
20250714,pullback_strengthening,0.75,5388,1160,4.0,-66.0,1172.8,0.7449664429530202,高位
20250715,pullback_strengthening,0.75,5390,1146,-14.0,-61.0,1160.6,0.7266666666666667,高位
20250716,pullback_strengthening,0.75,5389,1118,-28.0,-66.0,1147.4,0.7152317880794702,高位
20250717,pullback_strengthening,0.75,5389,1116,-2.0,-41.0,1139.2,0.7105263157894737,高位
20250718,pullback_strengthening,0.75,5388,1141,25.0,-15.0,1136.2,0.7254901960784313,高位
20250721,pullback_strengthening,0.75,5386,1194,53.0,34.0,1143.0,0.7662337662337663,高位
20250722,pullback_strengthening,0.75,5384,1234,40.0,88.0,1160.6,0.7870967741935484,高位
20250723,pullback_strengthening,0.75,5386,1236,2.0,118.0,1184.2,0.7884615384615384,高位
20250724,pullback_strengthening,0.75,5385,1275,39.0,159.0,1216.0,0.8089171974522293,高位
20250725,pullback_strengthening,0.75,5387,1420,145.0,279.0,1271.8,0.8607594936708861,高位
20250728,pullback_strengthening,0.75,5388,1522,102.0,328.0,1337.4,0.8742138364779874,高位
20250729,pullback_strengthening,0.75,5393,1666,144.0,432.0,1423.8,0.89375,高位
20250730,pullback_strengthening,0.75,5392,1749,83.0,513.0,1526.4,0.9130434782608695,高位
20250731,pullback_strengthening,0.75,5388,1755,6.0,480.0,1622.4,0.9135802469135802,高位
20250801,pullback_strengthening,0.75,5391,1830,75.0,410.0,1704.4,0.9202453987730062,高位
20250804,pullback_strengthening,0.75,5390,1922,92.0,400.0,1784.4,0.926829268292683,高位
20250805,pullback_strengthening,0.75,5391,2009,87.0,343.0,1853.0,0.9515151515151515,高位
20250806,pullback_strengthening,0.75,5392,2122,113.0,373.0,1927.6,0.9698795180722891,高位
20250807,pullback_strengthening,0.75,5391,2201,79.0,446.0,2016.8,0.9820359281437125,高位
20250808,pullback_strengthening,0.75,5391,2253,52.0,423.0,2101.4,0.9821428571428571,高位
20250811,pullback_strengthening,0.75,5393,2304,51.0,382.0,2177.8,0.9822485207100592,高位
20250812,pullback_strengthening,0.75,5395,2347,43.0,338.0,2245.4,0.9823529411764705,高位
20250813,pullback_strengthening,0.75,5391,2273,-74.0,151.0,2275.6,0.9707602339181286,高位
20250814,pullback_strengthening,0.75,5392,2255,-18.0,54.0,2286.4,0.9651162790697675,高位
20250815,pullback_strengthening,0.75,5391,2275,20.0,22.0,2290.8,0.9710982658959537,高位
20250818,pullback_strengthening,0.75,5389,2291,16.0,-13.0,2288.2,0.9712643678160919,高位
20250819,pullback_strengthening,0.75,5392,2298,7.0,-49.0,2278.4,0.9714285714285714,高位
20250820,pullback_strengthening,0.75,5391,2316,18.0,43.0,2287.0,0.9772727272727273,高位
20250821,pullback_strengthening,0.75,5394,2358,42.0,103.0,2307.6,0.9830508474576272,高位
20250822,pullback_strengthening,0.75,5394,2429,71.0,154.0,2338.4,0.9831460674157303,高位
20250825,pullback_strengthening,0.75,5395,2477,48.0,186.0,2375.6,0.9888268156424581,高位
20250826,pullback_strengthening,0.75,5397,2446,-31.0,148.0,2405.2,0.9833333333333333,高位
20250827,pullback_strengthening,0.75,5399,2296,-150.0,-20.0,2401.2,0.9392265193370166,高位
20250828,pullback_strengthening,0.75,5398,2221,-75.0,-137.0,2373.8,0.9065934065934066,高位
20250829,pullback_strengthening,0.75,5395,2200,-21.0,-229.0,2328.0,0.8961748633879781,高位
20250901,pullback_strengthening,0.75,5395,2158,-42.0,-319.0,2264.2,0.8858695652173914,高位
20250902,pullback_strengthening,0.75,5396,2105,-53.0,-341.0,2196.0,0.8702702702702703,高位
20250903,pullback_strengthening,0.75,5398,1925,-180.0,-371.0,2121.8,0.8279569892473119,高位
20250904,pullback_strengthening,0.75,5399,1799,-126.0,-422.0,2037.4,0.8021390374331551,高位
20250905,pullback_strengthening,0.75,5399,1889,90.0,-311.0,1975.2,0.8138297872340425,高位
20250908,pullback_strengthening,0.75,5400,1965,76.0,-193.0,1936.6,0.8412698412698413,高位
20250909,pullback_strengthening,0.75,5401,1892,-73.0,-213.0,1894.0,0.8105263157894737,高位
20250910,pullback_strengthening,0.75,5403,1819,-73.0,-106.0,1872.8,0.7905759162303665,高位
20250911,pullback_strengthening,0.75,5402,1851,32.0,52.0,1883.2,0.8020833333333334,高位
20250912,pullback_strengthening,0.75,5405,1845,-6.0,-44.0,1874.4,0.7979274611398963,高位
20250915,pullback_strengthening,0.75,5404,1825,-20.0,-140.0,1846.4,0.7835051546391752,高位
20250916,pullback_strengthening,0.75,5404,1758,-67.0,-134.0,1819.6,0.764102564102564,高位
20250917,pullback_strengthening,0.75,5403,1715,-43.0,-104.0,1798.8,0.7448979591836735,高位
20250918,pullback_strengthening,0.75,5402,1667,-48.0,-184.0,1762.0,0.7309644670050761,高位
20250919,pullback_strengthening,0.75,5403,1631,-36.0,-214.0,1719.2,0.7171717171717171,高位
20250922,pullback_strengthening,0.75,5400,1572,-59.0,-253.0,1668.6,0.7135678391959799,高位
20250923,pullback_strengthening,0.75,5405,1462,-110.0,-296.0,1609.4,0.695,高位
20250924,pullback_strengthening,0.75,5404,1400,-62.0,-315.0,1546.4,0.6666666666666666,高位
20250925,pullback_strengthening,0.75,5405,1339,-61.0,-328.0,1480.8,0.6435643564356436,中位
20250926,pullback_strengthening,0.75,5404,1279,-60.0,-352.0,1410.4,0.6305418719211823,中位
20250929,pullback_strengthening,0.75,5398,1189,-90.0,-383.0,1333.8,0.5784313725490197,中位
20250930,pullback_strengthening,0.75,5400,1128,-61.0,-334.0,1267.0,0.5365853658536586,中位
20251009,pullback_strengthening,0.75,5396,1063,-65.0,-337.0,1199.6,0.5048543689320388,中位
20251010,pullback_strengthening,0.75,5398,1030,-33.0,-309.0,1137.8,0.48792270531400966,中位
20251013,pullback_strengthening,0.75,5400,996,-34.0,-283.0,1081.2,0.4807692307692308,中位
20251014,pullback_strengthening,0.75,5400,912,-84.0,-277.0,1025.8,0.44976076555023925,中位
20251015,pullback_strengthening,0.75,5402,874,-38.0,-254.0,975.0,0.44285714285714284,中位
20251016,pullback_strengthening,0.75,5405,821,-53.0,-242.0,926.6,0.4312796208530806,中位
20251017,pullback_strengthening,0.75,5407,768,-53.0,-262.0,874.2,0.419811320754717,中位
20251020,pullback_strengthening,0.75,5406,749,-19.0,-247.0,824.8,0.41784037558685444,中位
20251021,pullback_strengthening,0.75,5405,737,-12.0,-175.0,789.8,0.411214953271028,中位
20251022,pullback_strengthening,0.75,5405,702,-35.0,-172.0,755.4,0.4,中位
20251023,pullback_strengthening,0.75,5408,682,-20.0,-139.0,727.6,0.39814814814814814,中位
20251024,pullback_strengthening,0.75,5408,679,-3.0,-89.0,709.8,0.39631336405529954,中位
20251027,pullback_strengthening,0.75,5407,650,-29.0,-99.0,690.0,0.3853211009174312,中位
20251028,pullback_strengthening,0.75,5404,626,-24.0,-111.0,667.8,0.3835616438356164,中位
20251029,pullback_strengthening,0.75,5405,609,-17.0,-93.0,649.2,0.37727272727272726,中位
20251030,pullback_strengthening,0.75,5404,573,-36.0,-109.0,627.4,0.36199095022624433,中位
20251031,pullback_strengthening,0.75,5407,540,-33.0,-139.0,599.6,0.35585585585585583,中位
20251103,pullback_strengthening,0.75,5408,541,1.0,-109.0,577.8,0.35874439461883406,中位
20251104,pullback_strengthening,0.75,5409,540,-1.0,-86.0,560.6,0.35714285714285715,中位
20251105,pullback_strengthening,0.75,5408,524,-16.0,-85.0,543.6,0.3466666666666667,中位
20251106,pullback_strengthening,0.75,5408,530,6.0,-43.0,535.0,0.3495575221238938,中位
20251107,pullback_strengthening,0.75,5408,522,-8.0,-18.0,531.4,0.3436123348017621,中位
20251110,pullback_strengthening,0.75,5411,533,11.0,-8.0,529.8,0.35526315789473684,中位
20251111,pullback_strengthening,0.75,5411,544,11.0,4.0,530.6,0.3799126637554585,中位
20251112,pullback_strengthening,0.75,5414,536,-8.0,12.0,533.0,0.3565217391304348,中位
20251113,pullback_strengthening,0.75,5413,547,11.0,17.0,536.4,0.3852813852813853,中位
20251114,pullback_strengthening,0.75,5412,569,22.0,47.0,545.8,0.3879310344827586,中位
20251117,pullback_strengthening,0.75,5411,582,13.0,49.0,555.6,0.3948497854077253,中位
20251118,pullback_strengthening,0.75,5411,611,29.0,67.0,569.0,0.41452991452991456,中位
20251119,pullback_strengthening,0.75,5413,644,33.0,108.0,590.6,0.425531914893617,中位
20251120,pullback_strengthening,0.75,5413,656,12.0,109.0,612.4,0.4322033898305085,中位
20251121,pullback_strengthening,0.75,5415,610,-46.0,41.0,620.6,0.4092827004219409,中位
20251124,pullback_strengthening,0.75,5411,606,-4.0,24.0,625.4,0.39915966386554624,中位
20251125,pullback_strengthening,0.75,5408,651,45.0,40.0,633.4,0.4351464435146444,中位
20251126,pullback_strengthening,0.75,5404,650,-1.0,6.0,634.6,0.43333333333333335,中位
20251127,pullback_strengthening,0.75,5403,661,11.0,5.0,635.6,0.44398340248962653,中位
20251128,pullback_strengthening,0.75,5403,709,48.0,99.0,655.4,0.4669421487603306,中位
20251201,pullback_strengthening,0.75,5403,737,28.0,131.0,681.6,0.48148148148148145,中位
20251202,pullback_strengthening,0.75,5406,778,41.0,127.0,707.0,0.4959016393442623,中位
20251203,pullback_strengthening,0.75,5412,790,12.0,140.0,735.0,0.49795918367346936,中位
20251204,pullback_strengthening,0.75,5410,748,-42.0,87.0,752.4,0.483739837398374,中位
20251205,pullback_strengthening,0.75,5407,741,-7.0,32.0,758.8,0.4777327935222672,中位
20251208,pullback_strengthening,0.75,5409,774,33.0,37.0,766.2,0.4959677419354839,中位
20251209,pullback_strengthening,0.75,5410,745,-29.0,-33.0,759.6,0.4819277108433735,中位
20251210,pullback_strengthening,0.75,5406,708,-37.0,-82.0,743.2,0.452,中位
20251211,pullback_strengthening,0.75,5410,666,-42.0,-82.0,726.8,0.4342629482071713,中位
20251212,pullback_strengthening,0.75,5413,589,-77.0,-152.0,696.4,0.373015873015873,中位
20251215,pullback_strengthening,0.75,5412,552,-37.0,-222.0,652.0,0.3557312252964427,中位
20251216,pullback_strengthening,0.75,5414,479,-73.0,-266.0,598.8,0.2952755905511811,低位
20251217,pullback_strengthening,0.75,5414,412,-67.0,-296.0,539.6,0.26666666666666666,低位
20251218,pullback_strengthening,0.75,5419,383,-29.0,-283.0,483.0,0.25390625,低位
20251219,pullback_strengthening,0.75,5418,371,-12.0,-218.0,439.4,0.245136186770428,低位
20251222,pullback_strengthening,0.75,5414,347,-24.0,-205.0,398.4,0.24031007751937986,低位
20251223,pullback_strengthening,0.75,5418,329,-18.0,-150.0,368.4,0.23166023166023167,低位
20251224,pullback_strengthening,0.75,5419,314,-15.0,-98.0,348.8,0.2230769230769231,低位
20251225,pullback_strengthening,0.75,5422,318,4.0,-65.0,335.8,0.2260536398467433,低位
20251226,pullback_strengthening,0.75,5421,297,-21.0,-74.0,321.0,0.20229007633587787,低位
20251229,pullback_strengthening,0.75,5423,315,18.0,-32.0,314.6,0.22813688212927757,低位
20251230,pullback_strengthening,0.75,5422,304,-11.0,-25.0,309.6,0.20454545454545456,低位
20251231,pullback_strengthening,0.75,5422,306,2.0,-8.0,308.0,0.21132075471698114,低位
20260105,pullback_strengthening,0.75,5422,317,11.0,-1.0,307.8,0.23684210526315788,低位
20260106,pullback_strengthening,0.75,5423,332,15.0,35.0,314.8,0.2546816479400749,低位
20260107,pullback_strengthening,0.75,5424,342,10.0,27.0,320.2,0.26492537313432835,低位
20260108,pullback_strengthening,0.75,5424,350,8.0,46.0,329.4,0.27137546468401486,低位
20260109,pullback_strengthening,0.75,5424,369,19.0,63.0,342.0,0.2777777777777778,低位
20260112,pullback_strengthening,0.75,5425,377,8.0,60.0,354.0,0.2878228782287823,低位
20260113,pullback_strengthening,0.75,5418,382,5.0,50.0,364.0,0.29411764705882354,低位
20260114,pullback_strengthening,0.75,5424,383,1.0,41.0,372.2,0.30036630036630035,低位
20260115,pullback_strengthening,0.75,5426,387,4.0,37.0,379.6,0.3029197080291971,低位
20260116,pullback_strengthening,0.75,5428,416,29.0,47.0,389.0,0.3236363636363636,低位
20260119,pullback_strengthening,0.75,5429,460,44.0,83.0,405.6,0.3442028985507246,中位
20260120,pullback_strengthening,0.75,5436,507,47.0,125.0,430.6,0.36101083032490977,中位
20260121,pullback_strengthening,0.75,5433,539,32.0,156.0,461.8,0.38489208633093525,中位
20260122,pullback_strengthening,0.75,5434,588,49.0,201.0,502.0,0.43010752688172044,中位
20260123,pullback_strengthening,0.75,5436,667,79.0,251.0,552.2,0.4928571428571429,中位
20260126,pullback_strengthening,0.75,5434,766,99.0,306.0,613.4,0.5480427046263345,中位
20260127,pullback_strengthening,0.75,5434,858,92.0,351.0,683.6,0.5780141843971631,中位
20260128,pullback_strengthening,0.75,5433,945,87.0,406.0,764.8,0.607773851590106,中位
20260129,pullback_strengthening,0.75,5433,1041,96.0,453.0,855.4,0.6302816901408451,中位
20260130,pullback_strengthening,0.75,5429,1109,68.0,442.0,943.8,0.656140350877193,中位
20260202,pullback_strengthening,0.75,5431,1182,73.0,416.0,1027.0,0.6923076923076923,高位
20260203,pullback_strengthening,0.75,5431,1318,136.0,460.0,1119.0,0.7456445993031359,高位
20260204,pullback_strengthening,0.75,5437,1492,174.0,547.0,1228.4,0.7881944444444444,高位
20260205,pullback_strengthening,0.75,5435,1666,174.0,625.0,1353.4,0.8131487889273357,高位
20260206,pullback_strengthening,0.75,5434,1810,144.0,701.0,1493.6,0.8482758620689655,高位
20260209,pullback_strengthening,0.75,5434,1981,171.0,799.0,1653.4,0.8969072164948454,高位
20260210,pullback_strengthening,0.75,5436,2020,39.0,702.0,1793.8,0.9041095890410958,高位
20260211,pullback_strengthening,0.75,5436,2013,-7.0,521.0,1898.0,0.9010238907849829,高位
20260212,pullback_strengthening,0.75,5441,2019,6.0,353.0,1968.6,0.9013605442176871,高位
20260213,pullback_strengthening,0.75,5440,1948,-71.0,138.0,1996.2,0.8813559322033898,高位
20260224,pullback_strengthening,0.75,5440,1929,-19.0,-52.0,1985.8,0.8716216216216216,高位
20260225,pullback_strengthening,0.75,5437,1932,3.0,-88.0,1968.2,0.8720538720538721,高位
20260226,pullback_strengthening,0.75,5437,1890,-42.0,-123.0,1943.6,0.8523489932885906,高位
20260227,pullback_strengthening,0.75,5438,1885,-5.0,-134.0,1916.8,0.8461538461538461,高位
20260302,pullback_strengthening,0.75,5437,1833,-52.0,-115.0,1893.8,0.8333333333333334,高位
20260303,pullback_strengthening,0.75,5440,1652,-181.0,-277.0,1838.4,0.7774086378737541,高位
20260304,pullback_strengthening,0.75,5441,1503,-149.0,-429.0,1752.6,0.7549668874172185,高位
20260305,pullback_strengthening,0.75,5442,1413,-90.0,-477.0,1657.2,0.735973597359736,高位
20260306,pullback_strengthening,0.75,5443,1324,-89.0,-561.0,1545.0,0.7072368421052632,高位
20260309,pullback_strengthening,0.75,5446,1256,-68.0,-577.0,1429.6,0.6786885245901639,高位
20260310,pullback_strengthening,0.75,5444,1203,-53.0,-449.0,1339.8,0.6601307189542484,中位
20260311,pullback_strengthening,0.75,5447,1119,-84.0,-384.0,1263.0,0.6188925081433225,中位
20260312,pullback_strengthening,0.75,5448,1061,-58.0,-352.0,1192.6,0.5909090909090909,中位
20260313,pullback_strengthening,0.75,5448,995,-66.0,-329.0,1126.8,0.5631067961165048,中位
20260316,pullback_strengthening,0.75,5448,937,-58.0,-319.0,1063.0,0.5516129032258065,中位
20260317,pullback_strengthening,0.75,5447,872,-65.0,-331.0,996.8,0.5305466237942122,中位
20260318,pullback_strengthening,0.75,5447,832,-40.0,-287.0,939.4,0.5192307692307693,中位
20260319,pullback_strengthening,0.75,5450,772,-60.0,-289.0,881.6,0.4984025559105431,中位
20260320,pullback_strengthening,0.75,5452,683,-89.0,-312.0,819.2,0.45222929936305734,中位
20260323,pullback_strengthening,0.75,5455,559,-124.0,-378.0,743.6,0.3682539682539683,中位
20260324,pullback_strengthening,0.75,5453,531,-28.0,-341.0,675.4,0.3322784810126582,低位
20260325,pullback_strengthening,0.75,5452,547,16.0,-285.0,618.4,0.3659305993690852,中位
20260326,pullback_strengthening,0.75,5454,547,0.0,-225.0,573.4,0.36792452830188677,中位
20260327,pullback_strengthening,0.75,5452,530,-17.0,-153.0,542.8,0.329153605015674,低位
20260330,pullback_strengthening,0.75,5449,499,-31.0,-60.0,530.8,0.3125,低位
20260331,pullback_strengthening,0.75,5453,486,-13.0,-45.0,521.8,0.308411214953271,低位
20260401,pullback_strengthening,0.75,5455,480,-6.0,-67.0,508.4,0.30434782608695654,低位
20260402,pullback_strengthening,0.75,5455,435,-45.0,-112.0,486.0,0.28173374613003094,低位
20260403,pullback_strengthening,0.75,5456,374,-61.0,-156.0,454.8,0.23765432098765432,低位
20260407,pullback_strengthening,0.75,5454,353,-21.0,-146.0,425.6,0.23076923076923078,低位
20260408,pullback_strengthening,0.75,5458,361,8.0,-125.0,400.6,0.2331288343558282,低位
20260409,pullback_strengthening,0.75,5459,335,-26.0,-145.0,371.6,0.21100917431192662,低位
20260410,pullback_strengthening,0.75,5461,318,-17.0,-117.0,348.2,0.19817073170731708,低位
20260413,pullback_strengthening,0.75,5460,306,-12.0,-68.0,334.6,0.17325227963525835,低位
20260414,pullback_strengthening,0.75,5462,282,-24.0,-71.0,320.4,0.14545454545454545,低位
20260415,pullback_strengthening,0.75,5460,286,4.0,-75.0,305.4,0.16012084592145015,低位
20260416,pullback_strengthening,0.75,5462,270,-16.0,-65.0,292.4,0.12048192771084337,低位
20260417,pullback_strengthening,0.75,5461,257,-13.0,-61.0,280.2,0.1021021021021021,低位
20260420,pullback_strengthening,0.75,5456,242,-15.0,-64.0,267.4,0.08383233532934131,低位
20260421,pullback_strengthening,0.75,5459,232,-10.0,-50.0,257.4,0.08358208955223881,低位
20260422,pullback_strengthening,0.75,5458,220,-12.0,-66.0,244.2,0.07738095238095238,低位
20260423,pullback_strengthening,0.75,5457,211,-9.0,-59.0,232.4,0.06824925816023739,低位
20260424,pullback_strengthening,0.75,5458,216,5.0,-41.0,224.2,0.07692307692307693,低位
20260427,pullback_strengthening,0.75,5457,215,-1.0,-27.0,218.8,0.07374631268436578,低位
20260428,pullback_strengthening,0.75,5450,219,4.0,-13.0,216.2,0.08529411764705883,低位
20260429,pullback_strengthening,0.75,5424,225,6.0,5.0,217.2,0.09090909090909091,低位
20260430,pullback_strengthening,0.75,5421,232,7.0,21.0,221.4,0.1023391812865497,低位
20260506,pullback_strengthening,0.75,5452,237,5.0,21.0,225.6,0.10495626822157435,低位
20260507,pullback_strengthening,0.75,5454,257,20.0,42.0,234.0,0.1308139534883721,低位
20260508,pullback_strengthening,0.75,5452,275,18.0,56.0,245.2,0.16231884057971013,低位
20260511,pullback_strengthening,0.75,5453,301,26.0,76.0,260.4,0.2023121387283237,低位
20260512,pullback_strengthening,0.75,5453,326,25.0,94.0,279.2,0.2478386167146974,低位
20260513,pullback_strengthening,0.75,5457,369,43.0,132.0,305.6,0.28448275862068967,低位
20260514,pullback_strengthening,0.75,5457,397,28.0,140.0,333.6,0.3151862464183381,低位
20260515,pullback_strengthening,0.75,5457,423,26.0,148.0,363.2,0.3342857142857143,中位
20260518,pullback_strengthening,0.75,5459,467,44.0,166.0,396.4,0.35327635327635326,中位
20260519,pullback_strengthening,0.75,5456,519,52.0,193.0,435.0,0.3778409090909091,中位
20260520,pullback_strengthening,0.75,5460,554,35.0,185.0,472.0,0.43342776203966005,中位
20260521,pullback_strengthening,0.75,5463,626,72.0,229.0,517.8,0.4774011299435028,中位
20260522,pullback_strengthening,0.75,5462,709,83.0,286.0,575.0,0.523943661971831,中位
20260525,pullback_strengthening,0.75,5463,743,34.0,276.0,630.2,0.5421348314606742,中位
20260526,pullback_strengthening,0.75,5464,784,41.0,265.0,683.2,0.5658263305322129,中位
20260527,pullback_strengthening,0.75,5465,802,18.0,248.0,732.8,0.5726256983240223,中位
20260528,pullback_strengthening,0.75,5466,867,65.0,241.0,781.0,0.5877437325905293,中位
20260529,pullback_strengthening,0.75,5465,890,23.0,181.0,817.2,0.5972222222222222,中位
20260601,pullback_strengthening,0.75,5467,958,68.0,215.0,860.2,0.6204986149584487,中位
20260602,pullback_strengthening,0.75,5466,997,39.0,213.0,902.8,0.6325966850828729,中位
20260603,pullback_strengthening,0.75,5470,1015,18.0,213.0,945.4,0.6336088154269972,中位
20260604,pullback_strengthening,0.75,5470,1045,30.0,178.0,981.0,0.6456043956043956,中位
20260605,pullback_strengthening,0.75,5472,1087,42.0,197.0,1020.4,0.663013698630137,中位
20260608,pullback_strengthening,0.75,5473,1046,-41.0,88.0,1038.0,0.644808743169399,中位
20260609,pullback_strengthening,0.75,5472,1038,-8.0,41.0,1046.2,0.6376021798365122,中位
20260610,pullback_strengthening,0.75,5470,998,-40.0,-17.0,1042.8,0.625,中位
20260611,pullback_strengthening,0.75,5468,924,-74.0,-121.0,1018.6,0.5934959349593496,中位
20260612,pullback_strengthening,0.75,5469,860,-64.0,-227.0,973.2,0.5702702702702702,中位
20260615,pullback_strengthening,0.75,5466,814,-46.0,-232.0,926.8,0.5579514824797843,中位
20260616,pullback_strengthening,0.75,5471,766,-48.0,-272.0,872.4,0.532258064516129,中位
20260617,pullback_strengthening,0.75,5468,722,-44.0,-276.0,817.2,0.5040214477211796,中位
20260618,pullback_strengthening,0.75,5467,676,-46.0,-248.0,767.6,0.48128342245989303,中位
20260622,pullback_strengthening,0.75,5473,619,-57.0,-241.0,719.4,0.44533333333333336,中位
20260623,pullback_strengthening,0.75,5477,571,-48.0,-243.0,670.8,0.4148936170212766,中位
20260624,pullback_strengthening,0.75,5475,515,-56.0,-251.0,620.6,0.35278514588859416,中位
20260625,pullback_strengthening,0.75,5474,460,-55.0,-262.0,568.2,0.328042328042328,低位
20260626,pullback_strengthening,0.75,5475,407,-53.0,-269.0,514.4,0.29815303430079154,低位
20260629,pullback_strengthening,0.75,5473,384,-23.0,-235.0,467.4,0.28421052631578947,低位
20260630,pullback_strengthening,0.75,5470,367,-17.0,-204.0,426.6,0.2572178477690289,低位
20260701,pullback_strengthening,0.75,5476,350,-17.0,-165.0,393.6,0.2486910994764398,低位
20260702,pullback_strengthening,0.75,5481,338,-12.0,-122.0,369.2,0.2402088772845953,低位
20260703,pullback_strengthening,0.75,5480,324,-14.0,-83.0,352.6,0.22395833333333334,低位
20260706,pullback_strengthening,0.75,5481,316,-8.0,-68.0,339.0,0.21038961038961038,低位
20260707,pullback_strengthening,0.75,5483,303,-13.0,-64.0,326.2,0.18393782383419688,低位
20260708,pullback_strengthening,0.75,5484,291,-12.0,-59.0,314.4,0.17829457364341086,低位
20260709,pullback_strengthening,0.75,5486,294,3.0,-44.0,305.6,0.18041237113402062,低位
20260710,pullback_strengthening,0.75,5488,296,2.0,-28.0,300.0,0.18251928020565553,低位
20260713,pullback_strengthening,0.75,5491,286,-10.0,-30.0,294.0,0.17435897435897435,低位
20260714,pullback_strengthening,0.75,5491,283,-3.0,-20.0,290.0,0.16624040920716113,低位
20260715,pullback_strengthening,0.75,5494,272,-11.0,-19.0,286.2,0.13520408163265307,低位
20260716,pullback_strengthening,0.75,5493,253,-19.0,-41.0,278.0,0.10178117048346055,低位
20260717,pullback_strengthening,0.75,5491,221,-32.0,-75.0,263.0,0.07868020304568528,低位
20260720,pullback_strengthening,0.75,5494,175,-46.0,-111.0,240.8,0.0379746835443038,低位
20260721,pullback_strengthening,0.75,5495,155,-20.0,-128.0,215.2,0.0025252525252525255,低位
20260722,pullback_strengthening,0.75,5495,141,-14.0,-131.0,189.0,0.0025188916876574307,低位
20260723,pullback_strengthening,0.75,5496,131,-10.0,-122.0,164.6,0.002512562814070352,低位
20260724,pullback_strengthening,0.75,5495,121,-10.0,-100.0,144.6,0.002506265664160401,低位
20260727,pullback_strengthening,0.75,5492,119,-2.0,-56.0,133.4,0.0025,低位
20260728,pullback_strengthening,0.75,5493,119,0.0,-36.0,126.2,0.004987531172069825,低位
20260729,pullback_strengthening,0.75,5492,107,-12.0,-34.0,119.4,0.0024875621890547263,低位
20241202,fresh_breakout,0.8,5336,4,,,4.0,1.0,高位
20241203,fresh_breakout,0.8,5336,7,3.0,,5.5,1.0,高位
20241204,fresh_breakout,0.8,5335,11,4.0,,7.333333333333333,1.0,高位
20241205,fresh_breakout,0.8,5338,8,-3.0,,7.5,0.75,高位
20241206,fresh_breakout,0.8,5336,13,5.0,,8.6,1.0,高位
20241209,fresh_breakout,0.8,5334,14,1.0,10.0,10.6,1.0,高位
20241210,fresh_breakout,0.8,5338,13,-1.0,6.0,11.8,0.8571428571428571,高位
20241211,fresh_breakout,0.8,5340,10,-3.0,-1.0,11.6,0.5,中位
20241212,fresh_breakout,0.8,5340,12,2.0,4.0,12.4,0.6666666666666666,高位
20241213,fresh_breakout,0.8,5340,17,5.0,4.0,13.2,1.0,高位
20241216,fresh_breakout,0.8,5344,27,10.0,13.0,15.8,1.0,高位
20241217,fresh_breakout,0.8,5341,22,-5.0,9.0,17.6,0.9166666666666666,高位
20241218,fresh_breakout,0.8,5342,20,-2.0,10.0,19.6,0.8461538461538461,高位
20241219,fresh_breakout,0.8,5343,14,-6.0,2.0,20.0,0.7142857142857143,高位
20241220,fresh_breakout,0.8,5346,17,3.0,0.0,20.0,0.8,高位
20241223,fresh_breakout,0.8,5344,15,-2.0,-12.0,17.6,0.6875,高位
20241224,fresh_breakout,0.8,5344,12,-3.0,-10.0,15.6,0.4117647058823529,中位
20241225,fresh_breakout,0.8,5342,13,1.0,-7.0,14.2,0.5555555555555556,中位
20241226,fresh_breakout,0.8,5345,17,4.0,3.0,14.8,0.8421052631578947,高位
20241227,fresh_breakout,0.8,5343,15,-2.0,-2.0,14.4,0.7,高位
20241230,fresh_breakout,0.8,5339,23,8.0,8.0,16.0,0.9523809523809523,高位
20241231,fresh_breakout,0.8,5342,19,-4.0,7.0,17.4,0.8181818181818182,高位
20250102,fresh_breakout,0.8,5342,10,-9.0,-3.0,16.8,0.21739130434782608,低位
20250103,fresh_breakout,0.8,5344,5,-5.0,-12.0,14.4,0.08333333333333333,低位
20250106,fresh_breakout,0.8,5342,5,0.0,-10.0,12.4,0.12,低位
20250107,fresh_breakout,0.8,5347,7,2.0,-16.0,9.2,0.19230769230769232,低位
20250108,fresh_breakout,0.8,5347,10,3.0,-9.0,7.4,0.3333333333333333,低位
20250109,fresh_breakout,0.8,5350,14,4.0,4.0,8.2,0.6428571428571429,中位
20250110,fresh_breakout,0.8,5349,9,-5.0,4.0,9.0,0.2413793103448276,低位
20250113,fresh_breakout,0.8,5348,8,-1.0,3.0,9.6,0.23333333333333334,低位
20250114,fresh_breakout,0.8,5351,6,-2.0,-1.0,9.4,0.12903225806451613,低位
20250115,fresh_breakout,0.8,5351,3,-3.0,-7.0,8.0,0.03125,低位
20250116,fresh_breakout,0.8,5353,3,0.0,-11.0,5.8,0.06060606060606061,低位
20250117,fresh_breakout,0.8,5352,4,1.0,-5.0,4.8,0.11764705882352941,低位
20250120,fresh_breakout,0.8,5352,4,0.0,-4.0,4.0,0.14285714285714285,低位
20250121,fresh_breakout,0.8,5354,3,-1.0,-3.0,3.4,0.08333333333333333,低位
20250122,fresh_breakout,0.8,5356,3,0.0,0.0,3.4,0.10810810810810811,低位
20250123,fresh_breakout,0.8,5356,5,2.0,2.0,3.8,0.2631578947368421,低位
20250124,fresh_breakout,0.8,5353,4,-1.0,0.0,3.8,0.20512820512820512,低位
20250127,fresh_breakout,0.8,5352,3,-1.0,-1.0,3.6,0.125,低位
20250205,fresh_breakout,0.8,5355,3,0.0,0.0,3.6,0.14634146341463414,低位
20250206,fresh_breakout,0.8,5356,6,3.0,3.0,4.2,0.35714285714285715,中位
20250207,fresh_breakout,0.8,5357,10,4.0,5.0,5.2,0.5581395348837209,中位
20250210,fresh_breakout,0.8,5359,12,2.0,8.0,6.8,0.6363636363636364,中位
20250211,fresh_breakout,0.8,5358,17,5.0,14.0,9.6,0.8888888888888888,高位
20250212,fresh_breakout,0.8,5359,31,14.0,28.0,15.2,1.0,高位
20250213,fresh_breakout,0.8,5360,29,-2.0,23.0,19.8,0.9787234042553191,高位
20250214,fresh_breakout,0.8,5359,32,3.0,22.0,24.2,1.0,高位
20250217,fresh_breakout,0.8,5365,45,13.0,33.0,30.8,1.0,高位
20250218,fresh_breakout,0.8,5364,58,13.0,41.0,39.0,1.0,高位
20250219,fresh_breakout,0.8,5364,68,10.0,37.0,46.4,1.0,高位
20250220,fresh_breakout,0.8,5364,57,-11.0,28.0,52.0,0.9615384615384616,高位
20250221,fresh_breakout,0.8,5368,65,8.0,33.0,58.6,0.9811320754716981,高位
20250224,fresh_breakout,0.8,5365,76,11.0,31.0,64.8,1.0,高位
20250225,fresh_breakout,0.8,5363,97,21.0,39.0,72.6,1.0,高位
20250226,fresh_breakout,0.8,5364,110,13.0,42.0,81.0,1.0,高位
20250227,fresh_breakout,0.8,5363,80,-30.0,23.0,85.6,0.9649122807017544,高位
20250228,fresh_breakout,0.8,5364,61,-19.0,-4.0,84.8,0.896551724137931,高位
20250303,fresh_breakout,0.8,5361,51,-10.0,-25.0,79.8,0.847457627118644,高位
20250304,fresh_breakout,0.8,5361,44,-7.0,-53.0,69.2,0.8166666666666667,高位
20250305,fresh_breakout,0.8,5360,44,0.0,-66.0,56.0,0.819672131147541,高位
20250306,fresh_breakout,0.8,5359,44,0.0,-36.0,48.8,0.8225806451612904,高位
20250307,fresh_breakout,0.8,5360,50,6.0,-11.0,46.6,0.8412698412698413,高位
20250310,fresh_breakout,0.8,5362,54,4.0,3.0,47.2,0.859375,高位
20250311,fresh_breakout,0.8,5363,46,-8.0,2.0,47.6,0.8153846153846154,高位
20250312,fresh_breakout,0.8,5363,48,2.0,4.0,48.4,0.8181818181818182,高位
20250313,fresh_breakout,0.8,5365,53,5.0,9.0,50.2,0.8507462686567164,高位
20250314,fresh_breakout,0.8,5366,44,-9.0,-6.0,49.0,0.7647058823529411,高位
20250317,fresh_breakout,0.8,5361,38,-6.0,-16.0,45.8,0.7101449275362319,高位
20250318,fresh_breakout,0.8,5368,27,-11.0,-19.0,42.0,0.6571428571428571,中位
20250319,fresh_breakout,0.8,5364,37,10.0,-11.0,39.8,0.704225352112676,高位
20250320,fresh_breakout,0.8,5366,31,-6.0,-22.0,35.4,0.6805555555555556,高位
20250321,fresh_breakout,0.8,5368,27,-4.0,-17.0,32.0,0.6438356164383562,中位
20250324,fresh_breakout,0.8,5367,28,1.0,-10.0,30.0,0.6486486486486487,中位
20250325,fresh_breakout,0.8,5369,31,3.0,4.0,30.8,0.6933333333333334,高位
20250326,fresh_breakout,0.8,5370,44,13.0,7.0,32.2,0.7894736842105263,高位
20250327,fresh_breakout,0.8,5369,41,-3.0,10.0,34.2,0.7272727272727273,高位
20250328,fresh_breakout,0.8,5369,28,-13.0,1.0,34.4,0.6282051282051282,中位
20250331,fresh_breakout,0.8,5371,13,-15.0,-15.0,31.4,0.4050632911392405,中位
20250401,fresh_breakout,0.8,5370,19,6.0,-12.0,29.0,0.5375,中位
20250402,fresh_breakout,0.8,5373,20,1.0,-24.0,24.2,0.5555555555555556,中位
20250403,fresh_breakout,0.8,5372,24,4.0,-17.0,20.8,0.5853658536585366,中位
20250407,fresh_breakout,0.8,5370,19,-5.0,-9.0,19.0,0.5301204819277109,中位
20250408,fresh_breakout,0.8,5370,26,7.0,13.0,21.6,0.5952380952380952,中位
20250409,fresh_breakout,0.8,5372,26,0.0,7.0,23.0,0.6,中位
20250410,fresh_breakout,0.8,5374,41,15.0,21.0,27.2,0.7558139534883721,高位
20250411,fresh_breakout,0.8,5373,41,0.0,17.0,30.6,0.7586206896551724,高位
20250414,fresh_breakout,0.8,5372,49,8.0,30.0,36.6,0.8522727272727273,高位
20250415,fresh_breakout,0.8,5371,41,-8.0,15.0,39.6,0.7528089887640449,高位
20250416,fresh_breakout,0.8,5374,21,-20.0,-5.0,38.6,0.5222222222222223,中位
20250417,fresh_breakout,0.8,5374,18,-3.0,-23.0,34.0,0.46153846153846156,中位
20250418,fresh_breakout,0.8,5373,15,-3.0,-26.0,28.8,0.41304347826086957,中位
20250421,fresh_breakout,0.8,5373,16,1.0,-33.0,22.2,0.41935483870967744,中位
20250422,fresh_breakout,0.8,5371,14,-2.0,-27.0,16.8,0.3829787234042553,中位
20250423,fresh_breakout,0.8,5373,14,0.0,-7.0,15.4,0.3894736842105263,中位
20250424,fresh_breakout,0.8,5371,20,6.0,2.0,15.8,0.5416666666666666,中位
20250425,fresh_breakout,0.8,5369,18,-2.0,3.0,16.4,0.4845360824742268,中位
20250428,fresh_breakout,0.8,5363,20,2.0,4.0,17.2,0.5510204081632653,中位
20250429,fresh_breakout,0.8,5337,15,-5.0,1.0,17.4,0.41414141414141414,中位
20250430,fresh_breakout,0.8,5336,6,-9.0,-8.0,15.8,0.16,低位
20250506,fresh_breakout,0.8,5362,6,0.0,-14.0,13.0,0.16831683168316833,低位
20250507,fresh_breakout,0.8,5364,10,4.0,-8.0,11.4,0.2647058823529412,低位
20250508,fresh_breakout,0.8,5365,10,0.0,-10.0,9.4,0.27184466019417475,低位
20250509,fresh_breakout,0.8,5365,13,3.0,-2.0,9.0,0.3557692307692308,中位
20250512,fresh_breakout,0.8,5365,17,4.0,11.0,11.2,0.49523809523809526,中位
20250513,fresh_breakout,0.8,5366,16,-1.0,10.0,13.2,0.4528301886792453,中位
20250514,fresh_breakout,0.8,5366,22,6.0,12.0,15.6,0.6074766355140186,中位
20250515,fresh_breakout,0.8,5366,23,1.0,13.0,18.2,0.6203703703703703,中位
20250516,fresh_breakout,0.8,5367,31,8.0,18.0,21.8,0.7339449541284404,高位
20250519,fresh_breakout,0.8,5362,33,2.0,16.0,25.0,0.7454545454545455,高位
20250520,fresh_breakout,0.8,5368,35,2.0,19.0,28.8,0.7477477477477478,高位
20250521,fresh_breakout,0.8,5364,33,-2.0,11.0,31.0,0.7410714285714286,高位
20250522,fresh_breakout,0.8,5360,44,11.0,21.0,35.2,0.8495575221238938,高位
20250523,fresh_breakout,0.8,5364,43,-1.0,12.0,37.6,0.7982456140350878,高位
20250526,fresh_breakout,0.8,5361,33,-10.0,0.0,37.6,0.7304347826086957,高位
20250527,fresh_breakout,0.8,5361,28,-5.0,-7.0,36.2,0.6551724137931034,中位
20250528,fresh_breakout,0.8,5359,32,4.0,-1.0,36.0,0.7094017094017094,高位
20250529,fresh_breakout,0.8,5361,34,2.0,-10.0,34.0,0.7372881355932204,高位
20250530,fresh_breakout,0.8,5360,32,-2.0,-11.0,31.8,0.7058823529411765,高位
20250603,fresh_breakout,0.8,5357,35,3.0,2.0,32.2,0.75,高位
20250604,fresh_breakout,0.8,5364,37,2.0,9.0,34.0,0.7603305785123967,高位
20250605,fresh_breakout,0.8,5365,43,6.0,11.0,36.2,0.8114754098360656,高位
20250606,fresh_breakout,0.8,5369,44,1.0,10.0,38.2,0.8617886178861789,高位
20250609,fresh_breakout,0.8,5366,36,-8.0,4.0,39.0,0.7338709677419355,高位
20250610,fresh_breakout,0.8,5373,29,-7.0,-6.0,37.8,0.624,中位
20250611,fresh_breakout,0.8,5377,26,-3.0,-11.0,35.6,0.5634920634920635,中位
20250612,fresh_breakout,0.8,5377,28,2.0,-15.0,32.6,0.6141732283464567,中位
20250613,fresh_breakout,0.8,5377,20,-8.0,-24.0,27.8,0.4921875,中位
20250616,fresh_breakout,0.8,5379,20,0.0,-16.0,24.6,0.49612403100775193,中位
20250617,fresh_breakout,0.8,5386,20,0.0,-9.0,22.8,0.5,中位
20250618,fresh_breakout,0.8,5386,21,1.0,-5.0,21.8,0.5114503816793893,中位
20250619,fresh_breakout,0.8,5385,22,1.0,-6.0,20.6,0.5303030303030303,中位
20250620,fresh_breakout,0.8,5386,20,-2.0,0.0,20.6,0.49624060150375937,中位
20250623,fresh_breakout,0.8,5382,22,2.0,2.0,21.0,0.5373134328358209,中位
20250624,fresh_breakout,0.8,5386,20,-2.0,0.0,21.0,0.4962962962962963,中位
20250625,fresh_breakout,0.8,5388,18,-2.0,-3.0,20.4,0.4117647058823529,中位
20250626,fresh_breakout,0.8,5390,26,8.0,4.0,21.2,0.5912408759124088,中位
20250627,fresh_breakout,0.8,5386,29,3.0,9.0,23.0,0.6594202898550725,中位
20250630,fresh_breakout,0.8,5387,44,15.0,22.0,27.4,0.8776978417266187,高位
20250701,fresh_breakout,0.8,5386,39,-5.0,19.0,31.2,0.7785714285714286,高位
20250702,fresh_breakout,0.8,5385,40,1.0,22.0,35.6,0.7801418439716312,高位
20250703,fresh_breakout,0.8,5385,42,2.0,16.0,38.8,0.8098591549295775,高位
20250704,fresh_breakout,0.8,5387,39,-3.0,10.0,40.8,0.7692307692307693,高位
20250707,fresh_breakout,0.8,5385,33,-6.0,-11.0,38.6,0.7083333333333334,高位
20250708,fresh_breakout,0.8,5386,46,13.0,7.0,40.0,0.896551724137931,高位
20250709,fresh_breakout,0.8,5390,79,33.0,39.0,47.8,0.9794520547945206,高位
20250710,fresh_breakout,0.8,5389,111,32.0,69.0,61.6,1.0,高位
20250711,fresh_breakout,0.8,5392,125,14.0,86.0,78.8,1.0,高位
20250714,fresh_breakout,0.8,5391,130,5.0,97.0,98.2,1.0,高位
20250715,fresh_breakout,0.8,5391,108,-22.0,62.0,110.6,0.9733333333333334,高位
20250716,fresh_breakout,0.8,5389,77,-31.0,-2.0,110.2,0.9470198675496688,高位
20250717,fresh_breakout,0.8,5389,65,-12.0,-46.0,101.0,0.9276315789473685,高位
20250718,fresh_breakout,0.8,5388,62,-3.0,-63.0,88.4,0.9150326797385621,高位
20250721,fresh_breakout,0.8,5386,54,-8.0,-76.0,73.2,0.8896103896103896,高位
20250722,fresh_breakout,0.8,5385,60,6.0,-48.0,63.6,0.9032258064516129,高位
20250723,fresh_breakout,0.8,5387,94,34.0,17.0,67.0,0.9615384615384616,高位
20250724,fresh_breakout,0.8,5386,174,80.0,109.0,88.8,1.0,高位
20250725,fresh_breakout,0.8,5390,185,11.0,123.0,113.4,1.0,高位
20250728,fresh_breakout,0.8,5393,169,-16.0,115.0,136.4,0.9874213836477987,高位
20250729,fresh_breakout,0.8,5397,152,-17.0,92.0,154.8,0.98125,高位
20250730,fresh_breakout,0.8,5396,135,-17.0,41.0,163.0,0.9751552795031055,高位
20250731,fresh_breakout,0.8,5392,112,-23.0,-62.0,150.6,0.9567901234567902,高位
20250801,fresh_breakout,0.8,5393,92,-20.0,-93.0,132.0,0.9202453987730062,高位
20250804,fresh_breakout,0.8,5390,86,-6.0,-83.0,115.4,0.9146341463414634,高位
20250805,fresh_breakout,0.8,5391,73,-13.0,-79.0,99.6,0.8848484848484849,高位
20250806,fresh_breakout,0.8,5392,53,-20.0,-82.0,83.2,0.8192771084337349,高位
20250807,fresh_breakout,0.8,5392,62,9.0,-50.0,73.2,0.8622754491017964,高位
20250808,fresh_breakout,0.8,5392,66,4.0,-26.0,68.0,0.875,高位
20250811,fresh_breakout,0.8,5394,78,12.0,-8.0,66.4,0.8994082840236687,高位
20250812,fresh_breakout,0.8,5396,69,-9.0,-4.0,65.6,0.8764705882352941,高位
20250813,fresh_breakout,0.8,5394,83,14.0,30.0,71.6,0.9122807017543859,高位
20250814,fresh_breakout,0.8,5394,70,-13.0,8.0,73.2,0.872093023255814,高位
20250815,fresh_breakout,0.8,5393,73,3.0,7.0,74.6,0.8786127167630058,高位
20250818,fresh_breakout,0.8,5392,81,8.0,3.0,75.2,0.9080459770114943,高位
20250819,fresh_breakout,0.8,5396,83,2.0,14.0,78.0,0.9142857142857143,高位
20250820,fresh_breakout,0.8,5394,103,20.0,20.0,82.0,0.9375,高位
20250821,fresh_breakout,0.8,5397,107,4.0,37.0,89.4,0.9378531073446328,高位
20250822,fresh_breakout,0.8,5397,123,16.0,50.0,99.4,0.9606741573033708,高位
20250825,fresh_breakout,0.8,5397,123,0.0,42.0,107.8,0.9608938547486033,高位
20250826,fresh_breakout,0.8,5398,153,30.0,70.0,121.8,0.9833333333333333,高位
20250827,fresh_breakout,0.8,5399,160,7.0,57.0,133.2,0.9834254143646409,高位
20250828,fresh_breakout,0.8,5400,143,-17.0,36.0,140.4,0.967032967032967,高位
20250829,fresh_breakout,0.8,5397,114,-29.0,-9.0,138.6,0.9344262295081968,高位
20250901,fresh_breakout,0.8,5397,117,3.0,-6.0,137.4,0.9347826086956522,高位
20250902,fresh_breakout,0.8,5398,88,-29.0,-65.0,124.4,0.8756756756756757,高位
20250903,fresh_breakout,0.8,5401,81,-7.0,-79.0,108.6,0.8548387096774194,高位
20250904,fresh_breakout,0.8,5400,64,-17.0,-79.0,92.8,0.7754010695187166,高位
20250905,fresh_breakout,0.8,5400,65,1.0,-49.0,83.0,0.7872340425531915,高位
20250908,fresh_breakout,0.8,5402,68,3.0,-49.0,73.2,0.798941798941799,高位
20250909,fresh_breakout,0.8,5403,78,10.0,-10.0,71.2,0.8368421052631579,高位
20250910,fresh_breakout,0.8,5404,87,9.0,6.0,72.4,0.8743455497382199,高位
20250911,fresh_breakout,0.8,5403,80,-7.0,16.0,75.6,0.84375,高位
20250912,fresh_breakout,0.8,5406,68,-12.0,3.0,76.2,0.7875647668393783,高位
20250915,fresh_breakout,0.8,5405,57,-11.0,-11.0,74.0,0.7216494845360825,高位
20250916,fresh_breakout,0.8,5405,53,-4.0,-25.0,69.0,0.7025641025641025,高位
20250917,fresh_breakout,0.8,5405,61,8.0,-26.0,63.8,0.7397959183673469,高位
20250918,fresh_breakout,0.8,5404,66,5.0,-14.0,61.0,0.7766497461928934,高位
20250919,fresh_breakout,0.8,5405,55,-11.0,-13.0,58.4,0.7070707070707071,高位
20250922,fresh_breakout,0.8,5401,46,-9.0,-11.0,56.2,0.6582914572864321,中位
20250923,fresh_breakout,0.8,5407,40,-6.0,-13.0,53.6,0.565,中位
20250924,fresh_breakout,0.8,5405,33,-7.0,-28.0,48.0,0.5124378109452736,中位
20250925,fresh_breakout,0.8,5406,33,0.0,-33.0,41.4,0.5148514851485149,中位
20250926,fresh_breakout,0.8,5405,29,-4.0,-26.0,36.2,0.45320197044334976,中位
20250929,fresh_breakout,0.8,5399,22,-7.0,-24.0,31.4,0.36764705882352944,中位
20250930,fresh_breakout,0.8,5402,16,-6.0,-24.0,26.6,0.23902439024390243,低位
20251009,fresh_breakout,0.8,5398,11,-5.0,-22.0,22.2,0.14563106796116504,低位
20251010,fresh_breakout,0.8,5400,15,4.0,-18.0,18.6,0.2318840579710145,低位
20251013,fresh_breakout,0.8,5402,27,12.0,-2.0,18.2,0.42788461538461536,中位
20251014,fresh_breakout,0.8,5402,32,5.0,10.0,20.2,0.5023923444976076,中位
20251015,fresh_breakout,0.8,5403,40,8.0,24.0,25.0,0.5857142857142857,中位
20251016,fresh_breakout,0.8,5407,46,6.0,35.0,32.0,0.6777251184834123,高位
20251017,fresh_breakout,0.8,5409,48,2.0,33.0,38.6,0.6839622641509434,高位
20251020,fresh_breakout,0.8,5408,54,6.0,27.0,44.0,0.7230046948356808,高位
20251021,fresh_breakout,0.8,5407,49,-5.0,17.0,47.4,0.6869158878504673,高位
20251022,fresh_breakout,0.8,5407,51,2.0,11.0,49.6,0.6976744186046512,高位
20251023,fresh_breakout,0.8,5409,54,3.0,8.0,51.2,0.7268518518518519,高位
20251024,fresh_breakout,0.8,5411,56,2.0,8.0,52.8,0.7327188940092166,高位
20251027,fresh_breakout,0.8,5410,47,-9.0,-7.0,51.4,0.6605504587155964,中位
20251028,fresh_breakout,0.8,5408,46,-1.0,-3.0,50.8,0.6575342465753424,中位
20251029,fresh_breakout,0.8,5408,46,0.0,-5.0,49.8,0.6590909090909091,中位
20251030,fresh_breakout,0.8,5408,51,5.0,-3.0,49.2,0.6968325791855203,高位
20251031,fresh_breakout,0.8,5409,44,-7.0,-12.0,46.8,0.6261261261261262,中位
20251103,fresh_breakout,0.8,5410,41,-3.0,-6.0,45.6,0.5739910313901345,中位
20251104,fresh_breakout,0.8,5410,42,1.0,-4.0,44.8,0.5803571428571429,中位
20251105,fresh_breakout,0.8,5410,52,10.0,6.0,46.0,0.7022222222222222,高位
20251106,fresh_breakout,0.8,5409,63,11.0,12.0,48.4,0.7787610619469026,高位
20251107,fresh_breakout,0.8,5410,69,6.0,25.0,53.4,0.8237885462555066,高位
20251110,fresh_breakout,0.8,5413,83,14.0,42.0,61.8,0.8859649122807017,高位
20251111,fresh_breakout,0.8,5413,88,5.0,46.0,71.0,0.8995633187772926,高位
20251112,fresh_breakout,0.8,5415,115,27.0,63.0,83.6,0.9434782608695652,高位
20251113,fresh_breakout,0.8,5415,136,21.0,73.0,98.2,0.9696969696969697,高位
20251114,fresh_breakout,0.8,5413,133,-3.0,64.0,111.0,0.9612068965517241,高位
20251117,fresh_breakout,0.8,5412,149,16.0,66.0,124.2,0.9742489270386266,高位
20251118,fresh_breakout,0.8,5412,138,-11.0,50.0,134.2,0.9658119658119658,高位
20251119,fresh_breakout,0.8,5414,96,-42.0,-19.0,130.4,0.8893617021276595,高位
20251120,fresh_breakout,0.8,5413,75,-21.0,-61.0,118.2,0.809322033898305,高位
20251121,fresh_breakout,0.8,5416,44,-31.0,-89.0,100.4,0.5991561181434599,中位
20251124,fresh_breakout,0.8,5413,39,-5.0,-110.0,78.4,0.5084033613445378,中位
20251125,fresh_breakout,0.8,5410,38,-1.0,-100.0,58.4,0.497907949790795,中位
20251126,fresh_breakout,0.8,5407,34,-4.0,-62.0,46.0,0.4708333333333333,中位
20251127,fresh_breakout,0.8,5406,30,-4.0,-45.0,37.0,0.4066390041493776,中位
20251128,fresh_breakout,0.8,5405,26,-4.0,-18.0,33.4,0.35537190082644626,中位
20251201,fresh_breakout,0.8,5404,23,-3.0,-16.0,30.2,0.3333333333333333,低位
20251202,fresh_breakout,0.8,5407,22,-1.0,-16.0,27.0,0.3237704918032787,低位
20251203,fresh_breakout,0.8,5412,20,-2.0,-14.0,24.2,0.2938775510204082,低位
20251204,fresh_breakout,0.8,5410,24,4.0,-6.0,23.0,0.34552845528455284,中位
20251205,fresh_breakout,0.8,5408,16,-8.0,-10.0,21.0,0.21052631578947367,低位
20251208,fresh_breakout,0.8,5410,14,-2.0,-9.0,19.2,0.1774193548387097,低位
20251209,fresh_breakout,0.8,5412,18,4.0,-4.0,18.4,0.24899598393574296,低位
20251210,fresh_breakout,0.8,5408,27,9.0,7.0,19.8,0.392,中位
20251211,fresh_breakout,0.8,5415,31,4.0,7.0,21.2,0.44621513944223107,中位
20251212,fresh_breakout,0.8,5418,28,-3.0,12.0,23.6,0.4087301587301587,中位
20251215,fresh_breakout,0.8,5417,32,4.0,18.0,27.2,0.466403162055336,中位
20251216,fresh_breakout,0.8,5420,27,-5.0,9.0,29.0,0.38976377952755903,中位
20251217,fresh_breakout,0.8,5420,24,-3.0,-3.0,28.4,0.34901960784313724,中位
20251218,fresh_breakout,0.8,5423,22,-2.0,-9.0,26.6,0.328125,低位
20251219,fresh_breakout,0.8,5421,20,-2.0,-8.0,25.0,0.29571984435797666,低位
20251222,fresh_breakout,0.8,5417,20,0.0,-12.0,22.6,0.29844961240310075,低位
20251223,fresh_breakout,0.8,5419,19,-1.0,-8.0,21.0,0.2548262548262548,低位
20251224,fresh_breakout,0.8,5421,23,4.0,-1.0,20.8,0.35,中位
20251225,fresh_breakout,0.8,5424,29,6.0,7.0,22.2,0.44061302681992337,中位
20251226,fresh_breakout,0.8,5423,43,14.0,23.0,26.8,0.5992366412213741,中位
20251229,fresh_breakout,0.8,5425,45,2.0,25.0,31.8,0.6425855513307985,中位
20251230,fresh_breakout,0.8,5425,45,0.0,26.0,37.0,0.6439393939393939,中位
20251231,fresh_breakout,0.8,5424,52,7.0,29.0,42.8,0.7056603773584905,高位
20260105,fresh_breakout,0.8,5424,60,8.0,31.0,49.0,0.7556390977443609,高位
20260106,fresh_breakout,0.8,5425,87,27.0,44.0,57.8,0.8838951310861424,高位
20260107,fresh_breakout,0.8,5430,114,27.0,69.0,71.6,0.9328358208955224,高位
20260108,fresh_breakout,0.8,5429,142,28.0,97.0,91.0,0.9702602230483272,高位
20260109,fresh_breakout,0.8,5429,158,16.0,106.0,112.2,0.9851851851851852,高位
20260112,fresh_breakout,0.8,5429,215,57.0,155.0,143.2,1.0,高位
20260113,fresh_breakout,0.8,5423,227,12.0,140.0,171.2,1.0,高位
20260114,fresh_breakout,0.8,5425,254,27.0,140.0,199.2,1.0,高位
20260115,fresh_breakout,0.8,5428,248,-6.0,106.0,220.4,0.9963503649635036,高位
20260116,fresh_breakout,0.8,5431,211,-37.0,53.0,231.0,0.9854545454545455,高位
20260119,fresh_breakout,0.8,5434,149,-62.0,-66.0,217.8,0.9565217391304348,高位
20260120,fresh_breakout,0.8,5440,98,-51.0,-129.0,192.0,0.8772563176895307,高位
20260121,fresh_breakout,0.8,5437,100,2.0,-154.0,161.2,0.8776978417266187,高位
20260122,fresh_breakout,0.8,5437,102,2.0,-146.0,132.0,0.8781362007168458,高位
20260123,fresh_breakout,0.8,5438,127,25.0,-84.0,115.2,0.925,高位
20260126,fresh_breakout,0.8,5434,130,3.0,-19.0,111.4,0.9288256227758007,高位
20260127,fresh_breakout,0.8,5434,112,-18.0,14.0,114.2,0.8936170212765957,高位
20260128,fresh_breakout,0.8,5436,120,8.0,20.0,118.2,0.9081272084805654,高位
20260129,fresh_breakout,0.8,5436,146,26.0,44.0,127.0,0.9507042253521126,高位
20260130,fresh_breakout,0.8,5432,137,-9.0,10.0,129.0,0.9368421052631579,高位
20260202,fresh_breakout,0.8,5435,88,-49.0,-42.0,120.6,0.8356643356643356,高位
20260203,fresh_breakout,0.8,5435,71,-17.0,-41.0,112.4,0.7630662020905923,高位
20260204,fresh_breakout,0.8,5439,51,-20.0,-69.0,98.6,0.6458333333333334,中位
20260205,fresh_breakout,0.8,5437,43,-8.0,-103.0,78.0,0.5467128027681661,中位
20260206,fresh_breakout,0.8,5437,43,0.0,-94.0,59.2,0.5482758620689655,中位
20260209,fresh_breakout,0.8,5436,46,3.0,-42.0,50.8,0.6151202749140894,中位
20260210,fresh_breakout,0.8,5438,38,-8.0,-33.0,44.2,0.4863013698630137,中位
20260211,fresh_breakout,0.8,5438,38,0.0,-13.0,41.6,0.4880546075085324,中位
20260212,fresh_breakout,0.8,5444,33,-5.0,-10.0,39.6,0.4523809523809524,中位
20260213,fresh_breakout,0.8,5442,27,-6.0,-16.0,36.4,0.3593220338983051,中位
20260224,fresh_breakout,0.8,5443,19,-8.0,-27.0,31.0,0.22635135135135134,低位
20260225,fresh_breakout,0.8,5440,16,-3.0,-22.0,26.6,0.18181818181818182,低位
20260226,fresh_breakout,0.8,5439,19,3.0,-19.0,22.8,0.23154362416107382,低位
20260227,fresh_breakout,0.8,5440,21,2.0,-12.0,20.4,0.2809364548494983,低位
20260302,fresh_breakout,0.8,5439,24,3.0,-3.0,19.8,0.33,低位
20260303,fresh_breakout,0.8,5441,27,3.0,8.0,21.4,0.37209302325581395,中位
20260304,fresh_breakout,0.8,5442,37,10.0,21.0,25.6,0.4900662251655629,中位
20260305,fresh_breakout,0.8,5444,37,0.0,18.0,29.2,0.49174917491749176,中位
20260306,fresh_breakout,0.8,5445,32,-5.0,11.0,31.4,0.4407894736842105,中位
20260309,fresh_breakout,0.8,5449,23,-9.0,-1.0,31.2,0.31475409836065577,低位
20260310,fresh_breakout,0.8,5448,20,-3.0,-7.0,29.8,0.2679738562091503,低位
20260311,fresh_breakout,0.8,5451,23,3.0,-14.0,27.0,0.31921824104234525,低位
20260312,fresh_breakout,0.8,5454,32,9.0,-5.0,26.0,0.44805194805194803,中位
20260313,fresh_breakout,0.8,5454,38,6.0,6.0,27.2,0.5145631067961165,中位
20260316,fresh_breakout,0.8,5454,29,-9.0,6.0,28.4,0.4064516129032258,中位
20260317,fresh_breakout,0.8,5452,28,-1.0,8.0,30.0,0.3890675241157556,中位
20260318,fresh_breakout,0.8,5452,32,4.0,9.0,31.8,0.4519230769230769,中位
20260319,fresh_breakout,0.8,5455,25,-7.0,-7.0,30.4,0.329073482428115,低位
20260320,fresh_breakout,0.8,5458,18,-7.0,-20.0,26.4,0.20382165605095542,低位
20260323,fresh_breakout,0.8,5460,12,-6.0,-17.0,23.0,0.10793650793650794,低位
20260324,fresh_breakout,0.8,5459,19,7.0,-9.0,21.2,0.22784810126582278,低位
20260325,fresh_breakout,0.8,5458,24,5.0,-8.0,19.6,0.334384858044164,中位
20260326,fresh_breakout,0.8,5457,25,1.0,0.0,19.6,0.33962264150943394,中位
20260327,fresh_breakout,0.8,5453,29,4.0,11.0,21.8,0.4200626959247649,中位
20260330,fresh_breakout,0.8,5450,29,0.0,17.0,25.2,0.421875,中位
20260331,fresh_breakout,0.8,5453,19,-10.0,0.0,25.2,0.22741433021806853,低位
20260401,fresh_breakout,0.8,5455,18,-1.0,-6.0,24.0,0.20496894409937888,低位
20260402,fresh_breakout,0.8,5456,15,-3.0,-10.0,22.0,0.15789473684210525,低位
20260403,fresh_breakout,0.8,5458,17,2.0,-12.0,19.6,0.19135802469135801,低位
20260407,fresh_breakout,0.8,5456,15,-2.0,-14.0,16.8,0.16,低位
20260408,fresh_breakout,0.8,5460,13,-2.0,-6.0,15.6,0.12269938650306748,低位
20260409,fresh_breakout,0.8,5462,17,4.0,-1.0,15.4,0.19877675840978593,低位
20260410,fresh_breakout,0.8,5464,15,-2.0,0.0,15.4,0.16463414634146342,低位
20260413,fresh_breakout,0.8,5462,20,5.0,3.0,16.0,0.2857142857142857,低位
20260414,fresh_breakout,0.8,5464,23,3.0,8.0,17.6,0.33636363636363636,中位
20260415,fresh_breakout,0.8,5462,24,1.0,11.0,19.8,0.35347432024169184,中位
20260416,fresh_breakout,0.8,5465,30,6.0,13.0,22.4,0.4457831325301205,中位
20260417,fresh_breakout,0.8,5464,38,8.0,23.0,27.0,0.5495495495495496,中位
20260420,fresh_breakout,0.8,5460,31,-7.0,11.0,29.2,0.46107784431137727,中位
20260421,fresh_breakout,0.8,5463,34,3.0,11.0,31.4,0.5134328358208955,中位
20260422,fresh_breakout,0.8,5463,38,4.0,14.0,34.2,0.5535714285714286,中位
20260423,fresh_breakout,0.8,5460,38,0.0,8.0,35.8,0.5548961424332344,中位
20260424,fresh_breakout,0.8,5461,31,-7.0,-7.0,34.4,0.45857988165680474,中位
20260427,fresh_breakout,0.8,5459,33,2.0,2.0,34.8,0.504424778761062,中位
20260428,fresh_breakout,0.8,5452,31,-2.0,-3.0,34.2,0.4588235294117647,中位
20260429,fresh_breakout,0.8,5428,34,3.0,-4.0,33.4,0.5161290322580645,中位
20260430,fresh_breakout,0.8,5426,47,13.0,9.0,35.2,0.6754385964912281,高位
20260506,fresh_breakout,0.8,5457,53,6.0,22.0,39.6,0.717201166180758,高位
20260507,fresh_breakout,0.8,5459,58,5.0,25.0,44.6,0.7441860465116279,高位
20260508,fresh_breakout,0.8,5457,80,22.0,49.0,54.4,0.8318840579710145,高位
20260511,fresh_breakout,0.8,5455,113,33.0,79.0,70.2,0.9046242774566474,高位
20260512,fresh_breakout,0.8,5455,119,6.0,72.0,84.6,0.9164265129682997,高位
20260513,fresh_breakout,0.8,5458,160,41.0,107.0,106.0,0.9770114942528736,高位
20260514,fresh_breakout,0.8,5458,192,32.0,134.0,132.8,0.9856733524355301,高位
20260515,fresh_breakout,0.8,5458,161,-31.0,81.0,149.0,0.9742857142857143,高位
20260518,fresh_breakout,0.8,5461,128,-33.0,15.0,152.0,0.9230769230769231,高位
20260519,fresh_breakout,0.8,5458,110,-18.0,-9.0,150.2,0.8806818181818182,高位
20260520,fresh_breakout,0.8,5463,119,9.0,-41.0,142.0,0.9065155807365439,高位
20260521,fresh_breakout,0.8,5467,93,-26.0,-99.0,122.2,0.847457627118644,高位
20260522,fresh_breakout,0.8,5466,73,-20.0,-88.0,104.6,0.7859154929577464,高位
20260525,fresh_breakout,0.8,5466,43,-30.0,-85.0,87.6,0.5898876404494382,中位
20260526,fresh_breakout,0.8,5466,35,-8.0,-75.0,72.6,0.5014005602240896,中位
20260527,fresh_breakout,0.8,5466,29,-6.0,-90.0,54.6,0.4106145251396648,中位
20260528,fresh_breakout,0.8,5466,25,-4.0,-68.0,41.0,0.3342618384401114,中位
20260529,fresh_breakout,0.8,5465,14,-11.0,-59.0,29.2,0.13055555555555556,低位
20260601,fresh_breakout,0.8,5468,15,1.0,-28.0,23.6,0.15512465373961218,低位
20260602,fresh_breakout,0.8,5467,16,1.0,-19.0,19.8,0.1712707182320442,低位
20260603,fresh_breakout,0.8,5472,13,-3.0,-16.0,16.6,0.11294765840220386,低位
20260604,fresh_breakout,0.8,5472,18,5.0,-7.0,15.2,0.21153846153846154,低位
20260605,fresh_breakout,0.8,5474,18,0.0,4.0,16.0,0.2136986301369863,低位
20260608,fresh_breakout,0.8,5476,12,-6.0,-3.0,15.4,0.09562841530054644,低位
20260609,fresh_breakout,0.8,5475,14,2.0,-2.0,15.0,0.1362397820163488,低位
20260610,fresh_breakout,0.8,5473,12,-2.0,-1.0,14.8,0.09782608695652174,低位
20260611,fresh_breakout,0.8,5472,12,0.0,-6.0,13.6,0.1002710027100271,低位
20260612,fresh_breakout,0.8,5476,8,-4.0,-10.0,11.6,0.05945945945945946,低位
20260615,fresh_breakout,0.8,5472,10,2.0,-2.0,11.2,0.08086253369272237,低位
20260616,fresh_breakout,0.8,5477,12,2.0,-2.0,10.8,0.10752688172043011,低位
20260617,fresh_breakout,0.8,5473,8,-4.0,-4.0,10.0,0.06166219839142091,低位
20260618,fresh_breakout,0.8,5471,9,1.0,-3.0,9.4,0.06684491978609626,低位
20260622,fresh_breakout,0.8,5476,14,5.0,6.0,10.6,0.15466666666666667,低位
20260623,fresh_breakout,0.8,5479,12,-2.0,2.0,11.0,0.11436170212765957,低位
20260624,fresh_breakout,0.8,5480,17,5.0,5.0,12.0,0.21750663129973474,低位
20260625,fresh_breakout,0.8,5480,20,3.0,12.0,14.4,0.29894179894179895,低位
20260626,fresh_breakout,0.8,5481,20,0.0,11.0,16.6,0.3007915567282322,低位
20260629,fresh_breakout,0.8,5477,19,-1.0,5.0,17.6,0.26052631578947366,低位
20260630,fresh_breakout,0.8,5476,20,1.0,8.0,19.2,0.30446194225721784,低位
20260701,fresh_breakout,0.8,5480,19,-1.0,2.0,19.6,0.2617801047120419,低位
20260702,fresh_breakout,0.8,5485,18,-1.0,-2.0,19.2,0.23759791122715404,低位
20260703,fresh_breakout,0.8,5487,16,-2.0,-4.0,18.4,0.1953125,低位
20260706,fresh_breakout,0.8,5488,12,-4.0,-7.0,17.0,0.11428571428571428,低位
20260707,fresh_breakout,0.8,5488,11,-1.0,-9.0,15.2,0.09067357512953368,低位
20260708,fresh_breakout,0.8,5490,7,-4.0,-12.0,12.8,0.05167958656330749,低位
20260709,fresh_breakout,0.8,5492,8,1.0,-10.0,10.8,0.06443298969072164,低位
20260710,fresh_breakout,0.8,5491,7,-1.0,-9.0,9.0,0.05398457583547558,低位
20260713,fresh_breakout,0.8,5495,8,1.0,-4.0,8.2,0.06923076923076923,低位
20260714,fresh_breakout,0.8,5496,8,0.0,-3.0,7.6,0.07161125319693094,低位
20260715,fresh_breakout,0.8,5497,7,-1.0,0.0,7.6,0.05612244897959184,低位
20260716,fresh_breakout,0.8,5496,6,-1.0,-2.0,7.2,0.04580152671755725,低位
20260717,fresh_breakout,0.8,5494,7,1.0,0.0,7.2,0.06091370558375635,低位
20260720,fresh_breakout,0.8,5498,6,-1.0,-2.0,6.8,0.04810126582278481,低位
20260721,fresh_breakout,0.8,5498,4,-2.0,-4.0,6.0,0.027777777777777776,低位
20260722,fresh_breakout,0.8,5498,5,1.0,-2.0,5.6,0.037783375314861464,低位
20260723,fresh_breakout,0.8,5498,3,-2.0,-3.0,5.0,0.017587939698492462,低位
20260724,fresh_breakout,0.8,5499,2,-1.0,-5.0,4.0,0.002506265664160401,低位
20260727,fresh_breakout,0.8,5496,2,0.0,-4.0,3.2,0.005,低位
20260728,fresh_breakout,0.8,5497,1,-1.0,-3.0,2.6,0.0024937655860349127,低位
20260729,fresh_breakout,0.8,5496,1,0.0,-4.0,1.8,0.004975124378109453,低位
20241202,healthy_uptrend,0.8,5323,2852,,,2852.0,1.0,高位
20241203,healthy_uptrend,0.8,5323,2947,95.0,,2899.5,1.0,高位
20241204,healthy_uptrend,0.8,5323,3055,108.0,,2951.3333333333335,1.0,高位
20241205,healthy_uptrend,0.8,5325,3092,37.0,,2986.5,1.0,高位
20241206,healthy_uptrend,0.8,5323,3052,-40.0,,2999.6,0.6,中位
20241209,healthy_uptrend,0.8,5321,3090,38.0,238.0,3047.2,0.8333333333333334,高位
20241210,healthy_uptrend,0.8,5324,3307,217.0,360.0,3119.2,1.0,高位
20241211,healthy_uptrend,0.8,5324,3362,55.0,307.0,3180.6,1.0,高位
20241212,healthy_uptrend,0.8,5325,3427,65.0,335.0,3247.6,1.0,高位
20241213,healthy_uptrend,0.8,5324,3359,-68.0,307.0,3309.0,0.8,高位
20241216,healthy_uptrend,0.8,5329,3370,11.0,280.0,3365.0,0.9090909090909091,高位
20241217,healthy_uptrend,0.8,5326,3205,-165.0,-102.0,3344.6,0.5833333333333334,中位
20241218,healthy_uptrend,0.8,5327,2941,-264.0,-421.0,3260.4,0.15384615384615385,低位
20241219,healthy_uptrend,0.8,5327,2630,-311.0,-797.0,3101.0,0.07142857142857142,低位
20241220,healthy_uptrend,0.8,5331,2335,-295.0,-1024.0,2896.2,0.06666666666666667,低位
20241223,healthy_uptrend,0.8,5329,1999,-336.0,-1371.0,2622.0,0.0625,低位
20241224,healthy_uptrend,0.8,5329,1791,-208.0,-1414.0,2339.2,0.058823529411764705,低位
20241225,healthy_uptrend,0.8,5326,1560,-231.0,-1381.0,2063.0,0.05555555555555555,低位
20241226,healthy_uptrend,0.8,5330,1346,-214.0,-1284.0,1806.2,0.05263157894736842,低位
20241227,healthy_uptrend,0.8,5329,1127,-219.0,-1208.0,1564.6,0.05,低位
20241230,healthy_uptrend,0.8,5325,923,-204.0,-1076.0,1349.4,0.047619047619047616,低位
20241231,healthy_uptrend,0.8,5328,776,-147.0,-1015.0,1146.4,0.045454545454545456,低位
20250102,healthy_uptrend,0.8,5328,647,-129.0,-913.0,963.8,0.043478260869565216,低位
20250103,healthy_uptrend,0.8,5330,500,-147.0,-846.0,794.6,0.041666666666666664,低位
20250106,healthy_uptrend,0.8,5328,404,-96.0,-723.0,650.0,0.04,低位
20250107,healthy_uptrend,0.8,5331,359,-45.0,-564.0,537.2,0.038461538461538464,低位
20250108,healthy_uptrend,0.8,5331,323,-36.0,-453.0,446.6,0.037037037037037035,低位
20250109,healthy_uptrend,0.8,5332,294,-29.0,-353.0,376.0,0.03571428571428571,低位
20250110,healthy_uptrend,0.8,5332,284,-10.0,-216.0,332.8,0.034482758620689655,低位
20250113,healthy_uptrend,0.8,5331,264,-20.0,-140.0,304.8,0.03333333333333333,低位
20250114,healthy_uptrend,0.8,5335,250,-14.0,-109.0,283.0,0.03225806451612903,低位
20250115,healthy_uptrend,0.8,5335,244,-6.0,-79.0,267.2,0.03125,低位
20250116,healthy_uptrend,0.8,5335,253,9.0,-41.0,259.0,0.09090909090909091,低位
20250117,healthy_uptrend,0.8,5335,256,3.0,-28.0,253.4,0.11764705882352941,低位
20250120,healthy_uptrend,0.8,5334,252,-4.0,-12.0,251.0,0.08571428571428572,低位
20250121,healthy_uptrend,0.8,5336,249,-3.0,-1.0,250.8,0.05555555555555555,低位
20250122,healthy_uptrend,0.8,5339,248,-1.0,4.0,251.6,0.05405405405405406,低位
20250123,healthy_uptrend,0.8,5341,255,7.0,2.0,252.0,0.18421052631578946,低位
20250124,healthy_uptrend,0.8,5338,254,-1.0,-2.0,251.6,0.1794871794871795,低位
20250127,healthy_uptrend,0.8,5338,240,-14.0,-12.0,249.2,0.025,低位
20250205,healthy_uptrend,0.8,5340,220,-20.0,-29.0,243.4,0.024390243902439025,低位
20250206,healthy_uptrend,0.8,5340,223,3.0,-25.0,238.4,0.047619047619047616,低位
20250207,healthy_uptrend,0.8,5341,211,-12.0,-44.0,229.6,0.023255813953488372,低位
20250210,healthy_uptrend,0.8,5344,204,-7.0,-50.0,219.6,0.022727272727272728,低位
20250211,healthy_uptrend,0.8,5343,192,-12.0,-48.0,210.0,0.022222222222222223,低位
20250212,healthy_uptrend,0.8,5343,188,-4.0,-32.0,203.6,0.021739130434782608,低位
20250213,healthy_uptrend,0.8,5345,174,-14.0,-49.0,193.8,0.02127659574468085,低位
20250214,healthy_uptrend,0.8,5345,164,-10.0,-47.0,184.4,0.020833333333333332,低位
20250217,healthy_uptrend,0.8,5349,163,-1.0,-41.0,176.2,0.02040816326530612,低位
20250218,healthy_uptrend,0.8,5348,162,-1.0,-30.0,170.2,0.02,低位
20250219,healthy_uptrend,0.8,5348,161,-1.0,-27.0,164.8,0.0196078431372549,低位
20250220,healthy_uptrend,0.8,5347,165,4.0,-9.0,163.0,0.09615384615384616,低位
20250221,healthy_uptrend,0.8,5351,173,8.0,9.0,164.8,0.11320754716981132,低位
20250224,healthy_uptrend,0.8,5349,175,2.0,12.0,167.2,0.14814814814814814,低位
20250225,healthy_uptrend,0.8,5347,181,6.0,19.0,171.0,0.16363636363636364,低位
20250226,healthy_uptrend,0.8,5350,189,8.0,28.0,176.6,0.19642857142857142,低位
20250227,healthy_uptrend,0.8,5348,186,-3.0,21.0,180.8,0.17543859649122806,低位
20250228,healthy_uptrend,0.8,5350,184,-2.0,11.0,183.0,0.1724137931034483,低位
20250303,healthy_uptrend,0.8,5347,187,3.0,12.0,185.4,0.2033898305084746,低位
20250304,healthy_uptrend,0.8,5347,190,3.0,9.0,187.2,0.25,低位
20250305,healthy_uptrend,0.8,5346,202,12.0,13.0,189.8,0.2786885245901639,低位
20250306,healthy_uptrend,0.8,5344,209,7.0,23.0,194.4,0.3064516129032258,低位
20250307,healthy_uptrend,0.8,5347,223,14.0,39.0,202.2,0.36507936507936506,中位
20250310,healthy_uptrend,0.8,5347,242,19.0,55.0,213.2,0.390625,中位
20250311,healthy_uptrend,0.8,5349,261,19.0,71.0,227.4,0.5384615384615384,中位
20250312,healthy_uptrend,0.8,5348,283,22.0,81.0,243.6,0.5606060606060606,中位
20250313,healthy_uptrend,0.8,5350,290,7.0,81.0,259.8,0.582089552238806,中位
20250314,healthy_uptrend,0.8,5350,310,20.0,87.0,277.2,0.6029411764705882,中位
20250317,healthy_uptrend,0.8,5345,311,1.0,69.0,291.0,0.6086956521739131,中位
20250318,healthy_uptrend,0.8,5351,324,13.0,63.0,303.6,0.6285714285714286,中位
20250319,healthy_uptrend,0.8,5348,333,9.0,50.0,313.6,0.6338028169014085,中位
20250320,healthy_uptrend,0.8,5350,350,17.0,60.0,325.6,0.6388888888888888,中位
20250321,healthy_uptrend,0.8,5350,358,8.0,48.0,335.2,0.6438356164383562,中位
20250324,healthy_uptrend,0.8,5350,360,2.0,49.0,345.0,0.6621621621621622,中位
20250325,healthy_uptrend,0.8,5352,324,-36.0,0.0,345.0,0.6,中位
20250326,healthy_uptrend,0.8,5354,308,-16.0,-25.0,340.0,0.5394736842105263,中位
20250327,healthy_uptrend,0.8,5353,302,-6.0,-48.0,330.4,0.5324675324675324,中位
20250328,healthy_uptrend,0.8,5351,309,7.0,-49.0,320.6,0.5512820512820513,中位
20250331,healthy_uptrend,0.8,5355,308,-1.0,-52.0,310.2,0.5443037974683544,中位
20250401,healthy_uptrend,0.8,5354,294,-14.0,-30.0,304.2,0.5125,中位
20250402,healthy_uptrend,0.8,5355,288,-6.0,-20.0,300.2,0.48148148148148145,中位
20250403,healthy_uptrend,0.8,5355,274,-14.0,-28.0,294.6,0.45121951219512196,中位
20250407,healthy_uptrend,0.8,5355,208,-66.0,-101.0,274.4,0.2289156626506024,低位
20250408,healthy_uptrend,0.8,5355,170,-38.0,-138.0,246.8,0.07142857142857142,低位
20250409,healthy_uptrend,0.8,5357,143,-27.0,-151.0,216.6,0.011764705882352941,低位
20250410,healthy_uptrend,0.8,5357,131,-12.0,-157.0,185.2,0.011627906976744186,低位
20250411,healthy_uptrend,0.8,5356,142,11.0,-132.0,158.8,0.022988505747126436,低位
20250414,healthy_uptrend,0.8,5356,177,35.0,-31.0,152.6,0.14772727272727273,低位
20250415,healthy_uptrend,0.8,5353,223,46.0,53.0,163.2,0.33707865168539325,中位
20250416,healthy_uptrend,0.8,5356,247,24.0,104.0,184.0,0.37777777777777777,中位
20250417,healthy_uptrend,0.8,5355,273,26.0,142.0,212.4,0.4945054945054945,中位
20250418,healthy_uptrend,0.8,5355,286,13.0,144.0,241.2,0.532608695652174,中位
20250421,healthy_uptrend,0.8,5355,300,14.0,123.0,265.8,0.5806451612903226,中位
20250422,healthy_uptrend,0.8,5355,330,30.0,107.0,287.2,0.6808510638297872,高位
20250423,healthy_uptrend,0.8,5357,356,26.0,109.0,309.0,0.7052631578947368,高位
20250424,healthy_uptrend,0.8,5356,363,7.0,90.0,327.0,0.7395833333333334,高位
20250425,healthy_uptrend,0.8,5354,393,30.0,107.0,348.4,0.7422680412371134,高位
20250428,healthy_uptrend,0.8,5349,389,-4.0,89.0,366.2,0.7346938775510204,高位
20250429,healthy_uptrend,0.8,5323,388,-1.0,58.0,377.8,0.7272727272727273,高位
20250430,healthy_uptrend,0.8,5323,361,-27.0,5.0,378.8,0.71,高位
20250506,healthy_uptrend,0.8,5349,356,-5.0,-7.0,377.4,0.6732673267326733,高位
20250507,healthy_uptrend,0.8,5352,363,7.0,-30.0,371.4,0.7254901960784313,高位
20250508,healthy_uptrend,0.8,5355,351,-12.0,-38.0,363.8,0.6504854368932039,中位
20250509,healthy_uptrend,0.8,5355,346,-5.0,-42.0,355.4,0.6346153846153846,中位
20250512,healthy_uptrend,0.8,5355,330,-16.0,-31.0,349.2,0.6190476190476191,中位
20250513,healthy_uptrend,0.8,5356,316,-14.0,-40.0,341.2,0.5754716981132075,中位
20250514,healthy_uptrend,0.8,5356,304,-12.0,-59.0,329.4,0.5233644859813084,中位
20250515,healthy_uptrend,0.8,5357,288,-16.0,-63.0,316.8,0.4722222222222222,中位
20250516,healthy_uptrend,0.8,5356,279,-9.0,-67.0,303.4,0.43119266055045874,中位
20250519,healthy_uptrend,0.8,5351,295,16.0,-35.0,296.4,0.509090909090909,中位
20250520,healthy_uptrend,0.8,5359,316,21.0,0.0,296.4,0.5945945945945946,中位
20250521,healthy_uptrend,0.8,5355,321,5.0,17.0,299.8,0.5982142857142857,中位
20250522,healthy_uptrend,0.8,5351,322,1.0,34.0,306.6,0.6017699115044248,中位
20250523,healthy_uptrend,0.8,5353,323,1.0,44.0,315.4,0.6140350877192983,中位
20250526,healthy_uptrend,0.8,5350,318,-5.0,23.0,320.0,0.5826086956521739,中位
20250527,healthy_uptrend,0.8,5352,311,-7.0,-5.0,319.0,0.5603448275862069,中位
20250528,healthy_uptrend,0.8,5351,310,-1.0,-11.0,316.8,0.5470085470085471,中位
20250529,healthy_uptrend,0.8,5353,326,16.0,4.0,317.6,0.6440677966101694,中位
20250530,healthy_uptrend,0.8,5353,316,-10.0,-7.0,316.2,0.5798319327731093,中位
20250603,healthy_uptrend,0.8,5349,328,12.0,10.0,318.2,0.65,中位
20250604,healthy_uptrend,0.8,5356,342,14.0,31.0,324.4,0.6776859504132231,高位
20250605,healthy_uptrend,0.8,5356,359,17.0,49.0,334.2,0.7377049180327869,高位
20250606,healthy_uptrend,0.8,5359,379,20.0,53.0,344.8,0.7723577235772358,高位
20250609,healthy_uptrend,0.8,5355,370,-9.0,54.0,355.6,0.7661290322580645,高位
20250610,healthy_uptrend,0.8,5362,371,1.0,43.0,364.2,0.768,高位
20250611,healthy_uptrend,0.8,5364,380,9.0,38.0,371.8,0.7777777777777778,高位
20250612,healthy_uptrend,0.8,5363,416,36.0,57.0,383.2,0.8110236220472441,高位
20250613,healthy_uptrend,0.8,5363,397,-19.0,18.0,386.8,0.796875,高位
20250616,healthy_uptrend,0.8,5365,400,3.0,30.0,392.8,0.7984496124031008,高位
20250617,healthy_uptrend,0.8,5371,401,1.0,30.0,398.8,0.8,高位
20250618,healthy_uptrend,0.8,5371,397,-4.0,17.0,402.2,0.7862595419847328,高位
20250619,healthy_uptrend,0.8,5370,377,-20.0,-39.0,394.4,0.7348484848484849,高位
20250620,healthy_uptrend,0.8,5370,361,-16.0,-36.0,387.2,0.6992481203007519,高位
20250623,healthy_uptrend,0.8,5365,348,-13.0,-52.0,376.8,0.6268656716417911,中位
20250624,healthy_uptrend,0.8,5369,340,-8.0,-61.0,364.6,0.6074074074074074,中位
20250625,healthy_uptrend,0.8,5370,343,3.0,-54.0,353.8,0.6176470588235294,中位
20250626,healthy_uptrend,0.8,5372,348,5.0,-29.0,348.0,0.635036496350365,中位
20250627,healthy_uptrend,0.8,5368,346,-2.0,-15.0,345.0,0.6231884057971014,中位
20250630,healthy_uptrend,0.8,5370,340,-6.0,-8.0,343.4,0.5971223021582733,中位
20250701,healthy_uptrend,0.8,5368,337,-3.0,-3.0,342.8,0.5857142857142857,中位
20250702,healthy_uptrend,0.8,5367,332,-5.0,-11.0,340.6,0.574468085106383,中位
20250703,healthy_uptrend,0.8,5367,359,27.0,11.0,342.8,0.6971830985915493,高位
20250704,healthy_uptrend,0.8,5369,374,15.0,28.0,348.4,0.7482517482517482,高位
20250707,healthy_uptrend,0.8,5369,393,19.0,53.0,359.0,0.7916666666666666,高位
20250708,healthy_uptrend,0.8,5368,417,24.0,80.0,375.0,0.8344827586206897,高位
20250709,healthy_uptrend,0.8,5371,474,57.0,142.0,403.4,0.8356164383561644,高位
20250710,healthy_uptrend,0.8,5370,506,32.0,147.0,432.8,0.8435374149659864,高位
20250711,healthy_uptrend,0.8,5373,561,55.0,187.0,470.2,0.8445945945945946,高位
20250714,healthy_uptrend,0.8,5373,615,54.0,222.0,514.6,0.8456375838926175,高位
20250715,healthy_uptrend,0.8,5374,674,59.0,257.0,566.0,0.8533333333333334,高位
20250716,healthy_uptrend,0.8,5373,720,46.0,246.0,615.2,0.8543046357615894,高位
20250717,healthy_uptrend,0.8,5374,819,99.0,313.0,677.8,0.8618421052631579,高位
20250718,healthy_uptrend,0.8,5374,900,81.0,339.0,745.6,0.8627450980392157,高位
20250721,healthy_uptrend,0.8,5373,923,23.0,308.0,807.2,0.8701298701298701,高位
20250722,healthy_uptrend,0.8,5371,919,-4.0,245.0,856.2,0.8580645161290322,高位
20250723,healthy_uptrend,0.8,5375,1031,112.0,311.0,918.4,0.8717948717948718,高位
20250724,healthy_uptrend,0.8,5375,1161,130.0,342.0,986.8,0.8789808917197452,高位
20250725,healthy_uptrend,0.8,5377,1330,169.0,430.0,1072.8,0.879746835443038,高位
20250728,healthy_uptrend,0.8,5378,1374,44.0,451.0,1163.0,0.8867924528301887,高位
20250729,healthy_uptrend,0.8,5383,1449,75.0,530.0,1269.0,0.8875,高位
20250730,healthy_uptrend,0.8,5382,1544,95.0,513.0,1371.6,0.8881987577639752,高位
20250731,healthy_uptrend,0.8,5378,1629,85.0,468.0,1465.2,0.8950617283950617,高位
20250801,healthy_uptrend,0.8,5380,1658,29.0,328.0,1530.8,0.8957055214723927,高位
20250804,healthy_uptrend,0.8,5378,1694,36.0,320.0,1594.8,0.8963414634146342,高位
20250805,healthy_uptrend,0.8,5379,1737,43.0,288.0,1652.4,0.896969696969697,高位
20250806,healthy_uptrend,0.8,5381,1783,46.0,239.0,1700.2,0.8975903614457831,高位
20250807,healthy_uptrend,0.8,5380,1835,52.0,206.0,1741.4,0.9041916167664671,高位
20250808,healthy_uptrend,0.8,5381,1875,40.0,217.0,1784.8,0.9047619047619048,高位
20250811,healthy_uptrend,0.8,5384,1924,49.0,230.0,1830.8,0.9053254437869822,高位
20250812,healthy_uptrend,0.8,5387,1963,39.0,226.0,1876.0,0.9058823529411765,高位
20250813,healthy_uptrend,0.8,5383,2011,48.0,228.0,1921.6,0.9122807017543859,高位
20250814,healthy_uptrend,0.8,5383,2033,22.0,198.0,1961.2,0.9127906976744186,高位
20250815,healthy_uptrend,0.8,5382,2023,-10.0,148.0,1990.8,0.9075144508670521,高位
20250818,healthy_uptrend,0.8,5380,2041,18.0,117.0,2014.2,0.9137931034482759,高位
20250819,healthy_uptrend,0.8,5385,2069,28.0,106.0,2035.4,0.9142857142857143,高位
20250820,healthy_uptrend,0.8,5383,2109,40.0,98.0,2055.0,0.9147727272727273,高位
20250821,healthy_uptrend,0.8,5386,2179,70.0,146.0,2084.2,0.9152542372881356,高位
20250822,healthy_uptrend,0.8,5386,2196,17.0,173.0,2118.8,0.9157303370786517,高位
20250825,healthy_uptrend,0.8,5386,2236,40.0,195.0,2157.8,0.9162011173184358,高位
20250826,healthy_uptrend,0.8,5387,2262,26.0,193.0,2196.4,0.9166666666666666,高位
20250827,healthy_uptrend,0.8,5388,2279,17.0,170.0,2230.4,0.9171270718232044,高位
20250828,healthy_uptrend,0.8,5387,2285,6.0,106.0,2251.6,0.9175824175824175,高位
20250829,healthy_uptrend,0.8,5384,2252,-33.0,56.0,2262.8,0.9016393442622951,高位
20250901,healthy_uptrend,0.8,5384,2197,-55.0,-39.0,2255.0,0.8913043478260869,高位
20250902,healthy_uptrend,0.8,5386,2124,-73.0,-138.0,2227.4,0.8756756756756757,高位
20250903,healthy_uptrend,0.8,5388,2014,-110.0,-265.0,2174.4,0.8440860215053764,高位
20250904,healthy_uptrend,0.8,5387,1917,-97.0,-368.0,2100.8,0.8181818181818182,高位
20250905,healthy_uptrend,0.8,5389,1835,-82.0,-417.0,2017.4,0.8085106382978723,高位
20250908,healthy_uptrend,0.8,5392,1785,-50.0,-412.0,1935.0,0.7936507936507936,高位
20250909,healthy_uptrend,0.8,5393,1715,-70.0,-409.0,1853.2,0.7789473684210526,高位
20250910,healthy_uptrend,0.8,5394,1699,-16.0,-315.0,1790.2,0.774869109947644,高位
20250911,healthy_uptrend,0.8,5393,1744,45.0,-173.0,1755.6,0.7864583333333334,高位
20250912,healthy_uptrend,0.8,5396,1741,-3.0,-94.0,1736.8,0.7823834196891192,高位
20250915,healthy_uptrend,0.8,5394,1724,-17.0,-61.0,1724.6,0.7731958762886598,高位
20250916,healthy_uptrend,0.8,5394,1761,37.0,46.0,1733.8,0.7897435897435897,高位
20250917,healthy_uptrend,0.8,5393,1750,-11.0,51.0,1744.0,0.7857142857142857,高位
20250918,healthy_uptrend,0.8,5393,1727,-23.0,-17.0,1740.6,0.766497461928934,高位
20250919,healthy_uptrend,0.8,5394,1762,35.0,21.0,1744.8,0.7929292929292929,高位
20250922,healthy_uptrend,0.8,5390,1788,26.0,64.0,1757.6,0.8040201005025126,高位
20250923,healthy_uptrend,0.8,5395,1753,-35.0,-8.0,1756.0,0.78,高位
20250924,healthy_uptrend,0.8,5395,1709,-44.0,-41.0,1747.8,0.7412935323383084,高位
20250925,healthy_uptrend,0.8,5396,1715,6.0,-12.0,1745.4,0.7475247524752475,高位
20250926,healthy_uptrend,0.8,5395,1658,-57.0,-104.0,1724.6,0.7241379310344828,高位
20250929,healthy_uptrend,0.8,5390,1614,-44.0,-174.0,1689.8,0.7107843137254902,高位
20250930,healthy_uptrend,0.8,5392,1585,-29.0,-168.0,1656.2,0.7073170731707317,高位
20251009,healthy_uptrend,0.8,5389,1564,-21.0,-145.0,1627.2,0.7038834951456311,高位
20251010,healthy_uptrend,0.8,5391,1491,-73.0,-224.0,1582.4,0.6908212560386473,高位
20251013,healthy_uptrend,0.8,5393,1415,-76.0,-243.0,1533.8,0.6826923076923077,高位
20251014,healthy_uptrend,0.8,5393,1307,-108.0,-307.0,1472.4,0.6650717703349283,中位
20251015,healthy_uptrend,0.8,5393,1233,-74.0,-352.0,1402.0,0.6619047619047619,中位
20251016,healthy_uptrend,0.8,5396,1167,-66.0,-397.0,1322.6,0.6587677725118484,中位
20251017,healthy_uptrend,0.8,5400,1081,-86.0,-410.0,1240.6,0.6462264150943396,中位
20251020,healthy_uptrend,0.8,5399,1007,-74.0,-408.0,1159.0,0.6384976525821596,中位
20251021,healthy_uptrend,0.8,5398,977,-30.0,-330.0,1093.0,0.6355140186915887,中位
20251022,healthy_uptrend,0.8,5397,931,-46.0,-302.0,1032.6,0.6325581395348837,中位
20251023,healthy_uptrend,0.8,5400,903,-28.0,-264.0,979.8,0.6157407407407407,中位
20251024,healthy_uptrend,0.8,5400,880,-23.0,-201.0,939.6,0.6082949308755761,中位
20251027,healthy_uptrend,0.8,5399,865,-15.0,-142.0,911.2,0.6055045871559633,中位
20251028,healthy_uptrend,0.8,5397,841,-24.0,-136.0,884.0,0.6027397260273972,中位
20251029,healthy_uptrend,0.8,5397,811,-30.0,-120.0,860.0,0.5954545454545455,中位
20251030,healthy_uptrend,0.8,5396,819,8.0,-84.0,843.2,0.6018099547511312,中位
20251031,healthy_uptrend,0.8,5397,762,-57.0,-118.0,819.6,0.5855855855855856,中位
20251103,healthy_uptrend,0.8,5398,758,-4.0,-107.0,798.2,0.5829596412556054,中位
20251104,healthy_uptrend,0.8,5399,758,0.0,-83.0,781.6,0.5848214285714286,中位
20251105,healthy_uptrend,0.8,5398,769,11.0,-42.0,773.2,0.5911111111111111,中位
20251106,healthy_uptrend,0.8,5398,755,-14.0,-64.0,760.4,0.5752212389380531,中位
20251107,healthy_uptrend,0.8,5398,729,-26.0,-33.0,753.8,0.5726872246696035,中位
20251110,healthy_uptrend,0.8,5401,707,-22.0,-51.0,743.6,0.5657894736842105,中位
20251111,healthy_uptrend,0.8,5401,700,-7.0,-58.0,732.0,0.5633187772925764,中位
20251112,healthy_uptrend,0.8,5404,682,-18.0,-87.0,714.6,0.5608695652173913,中位
20251113,healthy_uptrend,0.8,5403,676,-6.0,-79.0,698.8,0.5584415584415584,中位
20251114,healthy_uptrend,0.8,5401,646,-30.0,-83.0,682.2,0.5474137931034483,中位
20251117,healthy_uptrend,0.8,5400,617,-29.0,-90.0,664.2,0.5450643776824035,中位
20251118,healthy_uptrend,0.8,5400,600,-17.0,-100.0,644.2,0.5384615384615384,中位
20251119,healthy_uptrend,0.8,5404,581,-19.0,-101.0,624.0,0.5361702127659574,中位
20251120,healthy_uptrend,0.8,5403,564,-17.0,-112.0,601.6,0.5338983050847458,中位
20251121,healthy_uptrend,0.8,5405,498,-66.0,-148.0,572.0,0.5189873417721519,中位
20251124,healthy_uptrend,0.8,5401,440,-58.0,-177.0,536.6,0.5126050420168067,中位
20251125,healthy_uptrend,0.8,5398,402,-38.0,-198.0,497.0,0.497907949790795,中位
20251126,healthy_uptrend,0.8,5395,369,-33.0,-212.0,454.6,0.4375,中位
20251127,healthy_uptrend,0.8,5395,349,-20.0,-215.0,411.6,0.3817427385892116,中位
20251128,healthy_uptrend,0.8,5394,349,0.0,-149.0,381.8,0.384297520661157,中位
20251201,healthy_uptrend,0.8,5393,341,-8.0,-99.0,362.0,0.35390946502057613,中位
20251202,healthy_uptrend,0.8,5396,328,-13.0,-74.0,347.2,0.3237704918032787,低位
20251203,healthy_uptrend,0.8,5402,336,8.0,-33.0,340.6,0.34285714285714286,中位
20251204,healthy_uptrend,0.8,5400,342,6.0,-7.0,339.2,0.36585365853658536,中位
20251205,healthy_uptrend,0.8,5399,340,-2.0,-9.0,337.4,0.3562753036437247,中位
20251208,healthy_uptrend,0.8,5401,352,12.0,11.0,339.6,0.40725806451612906,中位
20251209,healthy_uptrend,0.8,5403,358,6.0,30.0,345.6,0.42168674698795183,中位
20251210,healthy_uptrend,0.8,5399,385,27.0,49.0,355.4,0.484,中位
20251211,healthy_uptrend,0.8,5404,401,16.0,59.0,367.2,0.5179282868525896,中位
20251212,healthy_uptrend,0.8,5406,396,-5.0,56.0,378.4,0.5,中位
20251215,healthy_uptrend,0.8,5405,392,-4.0,40.0,386.4,0.4901185770750988,中位
20251216,healthy_uptrend,0.8,5406,365,-27.0,7.0,387.8,0.44881889763779526,中位
20251217,healthy_uptrend,0.8,5407,352,-13.0,-33.0,381.2,0.4,中位
20251218,healthy_uptrend,0.8,5409,355,3.0,-46.0,372.0,0.40234375,中位
20251219,healthy_uptrend,0.8,5408,332,-23.0,-64.0,359.2,0.3229571984435798,低位
20251222,healthy_uptrend,0.8,5404,315,-17.0,-77.0,343.8,0.2596899224806202,低位
20251223,healthy_uptrend,0.8,5406,311,-4.0,-54.0,333.0,0.25868725868725867,低位
20251224,healthy_uptrend,0.8,5407,315,4.0,-37.0,325.6,0.2653846153846154,低位
20251225,healthy_uptrend,0.8,5410,305,-10.0,-50.0,315.6,0.22988505747126436,低位
20251226,healthy_uptrend,0.8,5409,297,-8.0,-35.0,308.6,0.21755725190839695,低位
20251229,healthy_uptrend,0.8,5411,286,-11.0,-29.0,302.8,0.19391634980988592,低位
20251230,healthy_uptrend,0.8,5410,294,8.0,-17.0,299.4,0.2159090909090909,低位
20251231,healthy_uptrend,0.8,5409,290,-4.0,-25.0,294.4,0.20754716981132076,低位
20260105,healthy_uptrend,0.8,5408,287,-3.0,-18.0,290.8,0.19548872180451127,低位
20260106,healthy_uptrend,0.8,5410,279,-8.0,-18.0,287.2,0.1797752808988764,低位
20260107,healthy_uptrend,0.8,5412,294,15.0,8.0,288.8,0.22761194029850745,低位
20260108,healthy_uptrend,0.8,5411,304,10.0,10.0,290.8,0.24907063197026022,低位
20260109,healthy_uptrend,0.8,5412,320,16.0,30.0,296.8,0.3074074074074074,低位
20260112,healthy_uptrend,0.8,5412,339,19.0,52.0,307.2,0.36900369003690037,中位
20260113,healthy_uptrend,0.8,5405,342,3.0,63.0,319.8,0.39338235294117646,中位
20260114,healthy_uptrend,0.8,5407,364,22.0,70.0,333.8,0.4835164835164835,中位
20260115,healthy_uptrend,0.8,5409,366,2.0,62.0,346.2,0.48905109489051096,中位
20260116,healthy_uptrend,0.8,5411,386,20.0,66.0,359.4,0.52,中位
20260119,healthy_uptrend,0.8,5412,403,17.0,64.0,372.2,0.5652173913043478,中位
20260120,healthy_uptrend,0.8,5419,428,25.0,86.0,389.4,0.5776173285198556,中位
20260121,healthy_uptrend,0.8,5416,444,16.0,80.0,405.4,0.5827338129496403,中位
20260122,healthy_uptrend,0.8,5417,461,17.0,95.0,424.4,0.5842293906810035,中位
20260123,healthy_uptrend,0.8,5418,473,12.0,87.0,441.8,0.5857142857142857,中位
20260126,healthy_uptrend,0.8,5417,484,11.0,81.0,458.0,0.5907473309608541,中位
20260127,healthy_uptrend,0.8,5418,490,6.0,62.0,470.4,0.5921985815602837,中位
20260128,healthy_uptrend,0.8,5417,500,10.0,56.0,481.6,0.6007067137809188,中位
20260129,healthy_uptrend,0.8,5419,492,-8.0,31.0,487.8,0.5915492957746479,中位
20260130,healthy_uptrend,0.8,5415,497,5.0,24.0,492.6,0.5929824561403508,中位
20260202,healthy_uptrend,0.8,5418,503,6.0,19.0,496.4,0.6048951048951049,中位
20260203,healthy_uptrend,0.8,5418,500,-3.0,10.0,498.4,0.6027874564459931,中位
20260204,healthy_uptrend,0.8,5421,521,21.0,21.0,502.6,0.6111111111111112,中位
20260205,healthy_uptrend,0.8,5419,527,6.0,35.0,509.6,0.6124567474048442,中位
20260206,healthy_uptrend,0.8,5419,558,31.0,61.0,521.8,0.6137931034482759,中位
20260209,healthy_uptrend,0.8,5419,596,38.0,93.0,540.4,0.6254295532646048,中位
20260210,healthy_uptrend,0.8,5421,601,5.0,101.0,560.6,0.6301369863013698,中位
20260211,healthy_uptrend,0.8,5420,630,29.0,109.0,582.4,0.6382252559726962,中位
20260212,healthy_uptrend,0.8,5426,651,21.0,124.0,607.2,0.6462585034013606,中位
20260213,healthy_uptrend,0.8,5424,675,24.0,117.0,630.6,0.6508474576271186,中位
20260224,healthy_uptrend,0.8,5425,698,23.0,102.0,651.0,0.6587837837837838,中位
20260225,healthy_uptrend,0.8,5422,740,42.0,139.0,678.8,0.6734006734006734,高位
20260226,healthy_uptrend,0.8,5425,787,47.0,157.0,710.2,0.6946308724832215,高位
20260227,healthy_uptrend,0.8,5425,822,35.0,171.0,744.4,0.705685618729097,高位
20260302,healthy_uptrend,0.8,5424,871,49.0,196.0,783.6,0.7133333333333334,高位
20260303,healthy_uptrend,0.8,5426,857,-14.0,159.0,815.4,0.707641196013289,高位
20260304,healthy_uptrend,0.8,5428,876,19.0,136.0,842.6,0.7152317880794702,高位
20260305,healthy_uptrend,0.8,5429,864,-12.0,77.0,858.0,0.7062706270627063,高位
20260306,healthy_uptrend,0.8,5430,842,-22.0,20.0,862.0,0.7006578947368421,高位
20260309,healthy_uptrend,0.8,5434,853,11.0,-18.0,858.4,0.7016393442622951,高位
20260310,healthy_uptrend,0.8,5434,872,19.0,15.0,861.4,0.7156862745098039,高位
20260311,healthy_uptrend,0.8,5437,886,14.0,10.0,863.4,0.7231270358306189,高位
20260312,healthy_uptrend,0.8,5437,895,9.0,31.0,869.6,0.724025974025974,高位
20260313,healthy_uptrend,0.8,5436,878,-17.0,36.0,876.8,0.7152103559870551,高位
20260316,healthy_uptrend,0.8,5435,867,-11.0,14.0,879.6,0.7032258064516129,高位
20260317,healthy_uptrend,0.8,5433,813,-54.0,-59.0,867.8,0.6720257234726688,高位
20260318,healthy_uptrend,0.8,5433,813,0.0,-73.0,853.2,0.6730769230769231,高位
20260319,healthy_uptrend,0.8,5436,781,-32.0,-114.0,830.4,0.6613418530351438,中位
20260320,healthy_uptrend,0.8,5437,710,-71.0,-168.0,796.8,0.6305732484076433,中位
20260323,healthy_uptrend,0.8,5439,576,-134.0,-291.0,738.6,0.5746031746031746,中位
20260324,healthy_uptrend,0.8,5438,534,-42.0,-279.0,682.8,0.5632911392405063,中位
20260325,healthy_uptrend,0.8,5437,484,-50.0,-329.0,617.0,0.526813880126183,中位
20260326,healthy_uptrend,0.8,5437,456,-28.0,-325.0,552.0,0.5125786163522013,中位
20260327,healthy_uptrend,0.8,5433,448,-8.0,-262.0,499.6,0.5109717868338558,中位
20260330,healthy_uptrend,0.8,5431,462,14.0,-114.0,476.8,0.51875,中位
20260331,healthy_uptrend,0.8,5434,436,-26.0,-98.0,457.2,0.5015576323987538,中位
20260401,healthy_uptrend,0.8,5436,423,-13.0,-61.0,445.0,0.4968944099378882,中位
20260402,healthy_uptrend,0.8,5437,401,-22.0,-55.0,434.0,0.47987616099071206,中位
20260403,healthy_uptrend,0.8,5439,384,-17.0,-64.0,421.2,0.4382716049382716,中位
20260407,healthy_uptrend,0.8,5437,375,-9.0,-87.0,403.8,0.4276923076923077,中位
20260408,healthy_uptrend,0.8,5442,383,8.0,-53.0,393.2,0.4386503067484663,中位
20260409,healthy_uptrend,0.8,5443,383,0.0,-40.0,385.2,0.44036697247706424,中位
20260410,healthy_uptrend,0.8,5444,397,14.0,-4.0,384.4,0.47560975609756095,中位
20260413,healthy_uptrend,0.8,5443,422,25.0,38.0,392.0,0.5045592705167173,中位
20260414,healthy_uptrend,0.8,5445,425,3.0,50.0,402.0,0.509090909090909,中位
20260415,healthy_uptrend,0.8,5443,405,-20.0,22.0,406.4,0.4954682779456193,中位
20260416,healthy_uptrend,0.8,5444,393,-12.0,10.0,408.4,0.4608433734939759,中位
20260417,healthy_uptrend,0.8,5443,380,-13.0,-17.0,405.0,0.4294294294294294,中位
20260420,healthy_uptrend,0.8,5439,366,-14.0,-56.0,393.8,0.4041916167664671,中位
20260421,healthy_uptrend,0.8,5443,351,-15.0,-74.0,379.0,0.3492537313432836,中位
20260422,healthy_uptrend,0.8,5443,337,-14.0,-68.0,365.4,0.2976190476190476,低位
20260423,healthy_uptrend,0.8,5440,330,-7.0,-63.0,352.8,0.2818991097922849,低位
20260424,healthy_uptrend,0.8,5443,321,-9.0,-59.0,341.0,0.2514792899408284,低位
20260427,healthy_uptrend,0.8,5442,311,-10.0,-55.0,330.0,0.22713864306784662,低位
20260428,healthy_uptrend,0.8,5436,299,-12.0,-52.0,319.6,0.18823529411764706,低位
20260429,healthy_uptrend,0.8,5409,286,-13.0,-51.0,309.4,0.15542521994134897,低位
20260430,healthy_uptrend,0.8,5406,280,-6.0,-50.0,299.4,0.14327485380116958,低位
20260506,healthy_uptrend,0.8,5439,275,-5.0,-46.0,290.2,0.13702623906705538,低位
20260507,healthy_uptrend,0.8,5443,271,-4.0,-40.0,282.2,0.1308139534883721,低位
20260508,healthy_uptrend,0.8,5441,274,3.0,-25.0,277.2,0.1391304347826087,低位
20260511,healthy_uptrend,0.8,5440,271,-3.0,-15.0,274.2,0.1329479768786127,低位
20260512,healthy_uptrend,0.8,5439,276,5.0,-4.0,273.4,0.14697406340057637,低位
20260513,healthy_uptrend,0.8,5442,282,6.0,7.0,274.8,0.15804597701149425,低位
20260514,healthy_uptrend,0.8,5442,297,15.0,26.0,280.0,0.20630372492836677,低位
20260515,healthy_uptrend,0.8,5442,295,-2.0,21.0,284.2,0.20285714285714285,低位
20260518,healthy_uptrend,0.8,5444,305,10.0,34.0,291.0,0.22792022792022792,低位
20260519,healthy_uptrend,0.8,5440,335,30.0,59.0,302.8,0.3210227272727273,低位
20260520,healthy_uptrend,0.8,5445,348,13.0,66.0,316.0,0.36827195467422097,中位
20260521,healthy_uptrend,0.8,5449,359,11.0,62.0,328.4,0.4124293785310734,中位
20260522,healthy_uptrend,0.8,5448,384,25.0,89.0,346.2,0.4732394366197183,中位
20260525,healthy_uptrend,0.8,5448,389,5.0,84.0,363.0,0.4859550561797753,中位
20260526,healthy_uptrend,0.8,5449,402,13.0,67.0,376.4,0.5238095238095238,中位
20260527,healthy_uptrend,0.8,5450,402,0.0,54.0,387.2,0.5251396648044693,中位
20260528,healthy_uptrend,0.8,5450,417,15.0,58.0,398.8,0.5403899721448467,中位
20260529,healthy_uptrend,0.8,5449,396,-21.0,12.0,401.2,0.49722222222222223,中位
20260601,healthy_uptrend,0.8,5451,402,6.0,13.0,403.8,0.5263157894736842,中位
20260602,healthy_uptrend,0.8,5452,401,-1.0,-1.0,403.6,0.5165745856353591,中位
20260603,healthy_uptrend,0.8,5457,402,1.0,0.0,403.6,0.5289256198347108,中位
20260604,healthy_uptrend,0.8,5458,394,-8.0,-23.0,399.0,0.489010989010989,中位
20260605,healthy_uptrend,0.8,5460,403,9.0,7.0,400.4,0.5342465753424658,中位
20260608,healthy_uptrend,0.8,5461,389,-14.0,-13.0,397.8,0.47540983606557374,中位
20260609,healthy_uptrend,0.8,5460,385,-4.0,-16.0,394.6,0.46321525885558584,中位
20260610,healthy_uptrend,0.8,5458,387,2.0,-15.0,391.6,0.4673913043478261,中位
20260611,healthy_uptrend,0.8,5456,377,-10.0,-17.0,388.2,0.43902439024390244,中位
20260612,healthy_uptrend,0.8,5457,380,3.0,-23.0,383.6,0.4486486486486487,中位
20260615,healthy_uptrend,0.8,5455,391,11.0,2.0,384.0,0.48247978436657685,中位
20260616,healthy_uptrend,0.8,5461,396,5.0,11.0,386.2,0.5026881720430108,中位
20260617,healthy_uptrend,0.8,5458,410,14.0,23.0,390.8,0.5495978552278821,中位
20260618,healthy_uptrend,0.8,5456,451,41.0,74.0,405.6,0.5802139037433155,中位
20260622,healthy_uptrend,0.8,5459,489,38.0,109.0,427.4,0.6,中位
20260623,healthy_uptrend,0.8,5462,513,24.0,122.0,451.8,0.625,中位
20260624,healthy_uptrend,0.8,5461,531,18.0,135.0,478.8,0.6312997347480106,中位
20260625,healthy_uptrend,0.8,5460,549,18.0,139.0,506.6,0.6349206349206349,中位
20260626,healthy_uptrend,0.8,5461,543,-6.0,92.0,525.0,0.633245382585752,中位
20260629,healthy_uptrend,0.8,5457,550,7.0,61.0,537.2,0.6368421052631579,中位
20260630,healthy_uptrend,0.8,5455,550,0.0,37.0,544.6,0.6377952755905512,中位
20260701,healthy_uptrend,0.8,5459,556,6.0,25.0,549.6,0.6387434554973822,中位
20260702,healthy_uptrend,0.8,5464,549,-7.0,0.0,549.6,0.6318537859007833,中位
20260703,healthy_uptrend,0.8,5464,551,2.0,8.0,551.2,0.6380208333333334,中位
20260706,healthy_uptrend,0.8,5465,512,-39.0,-38.0,543.6,0.6103896103896104,中位
20260707,healthy_uptrend,0.8,5465,483,-29.0,-67.0,530.2,0.5777202072538861,中位
20260708,healthy_uptrend,0.8,5465,438,-45.0,-118.0,506.6,0.5529715762273901,中位
20260709,healthy_uptrend,0.8,5466,403,-35.0,-146.0,477.4,0.5231958762886598,中位
20260710,healthy_uptrend,0.8,5465,381,-22.0,-170.0,443.4,0.42930591259640105,中位
20260713,healthy_uptrend,0.8,5468,339,-42.0,-173.0,408.8,0.30256410256410254,低位
20260714,healthy_uptrend,0.8,5469,317,-22.0,-166.0,375.6,0.24296675191815856,低位
20260715,healthy_uptrend,0.8,5470,278,-39.0,-160.0,343.6,0.1326530612244898,低位
20260716,healthy_uptrend,0.8,5469,244,-34.0,-159.0,311.8,0.08651399491094147,低位
20260717,healthy_uptrend,0.8,5467,205,-39.0,-176.0,276.6,0.06091370558375635,低位
20260720,healthy_uptrend,0.8,5469,149,-56.0,-190.0,238.6,0.010126582278481013,低位
20260721,healthy_uptrend,0.8,5471,118,-31.0,-199.0,198.8,0.0025252525252525255,低位
20260722,healthy_uptrend,0.8,5471,99,-19.0,-179.0,163.0,0.0025188916876574307,低位
20260723,healthy_uptrend,0.8,5472,89,-10.0,-155.0,132.0,0.002512562814070352,低位
20260724,healthy_uptrend,0.8,5472,80,-9.0,-125.0,107.0,0.002506265664160401,低位
20260727,healthy_uptrend,0.8,5470,80,0.0,-69.0,93.2,0.005,低位
20260728,healthy_uptrend,0.8,5472,69,-11.0,-49.0,83.4,0.0024937655860349127,低位
20260729,healthy_uptrend,0.8,5471,64,-5.0,-35.0,76.4,0.0024875621890547263,低位
20241202,parabolic_uptrend,0.8,5305,301,,,301.0,1.0,高位
20241203,parabolic_uptrend,0.8,5305,360,59.0,,330.5,1.0,高位
20241204,parabolic_uptrend,0.8,5304,418,58.0,,359.6666666666667,1.0,高位
20241205,parabolic_uptrend,0.8,5307,494,76.0,,393.25,1.0,高位
20241206,parabolic_uptrend,0.8,5305,579,85.0,,430.4,1.0,高位
20241209,parabolic_uptrend,0.8,5304,680,101.0,379.0,506.2,1.0,高位
20241210,parabolic_uptrend,0.8,5307,779,99.0,419.0,590.0,1.0,高位
20241211,parabolic_uptrend,0.8,5307,876,97.0,458.0,681.6,1.0,高位
20241212,parabolic_uptrend,0.8,5307,1014,138.0,520.0,785.6,1.0,高位
20241213,parabolic_uptrend,0.8,5306,1132,118.0,553.0,896.2,1.0,高位
20241216,parabolic_uptrend,0.8,5310,1218,86.0,538.0,1003.8,1.0,高位
20241217,parabolic_uptrend,0.8,5307,1286,68.0,507.0,1105.2,1.0,高位
20241218,parabolic_uptrend,0.8,5308,1370,84.0,494.0,1204.0,1.0,高位
20241219,parabolic_uptrend,0.8,5307,1448,78.0,434.0,1290.8,1.0,高位
20241220,parabolic_uptrend,0.8,5310,1519,71.0,387.0,1368.2,1.0,高位
20241223,parabolic_uptrend,0.8,5308,1559,40.0,341.0,1436.4,1.0,高位
20241224,parabolic_uptrend,0.8,5307,1621,62.0,335.0,1503.4,1.0,高位
20241225,parabolic_uptrend,0.8,5304,1664,43.0,294.0,1562.2,1.0,高位
20241226,parabolic_uptrend,0.8,5307,1748,84.0,300.0,1622.2,1.0,高位
20241227,parabolic_uptrend,0.8,5305,1826,78.0,307.0,1683.6,1.0,高位
20241230,parabolic_uptrend,0.8,5302,1933,107.0,374.0,1758.4,1.0,高位
20241231,parabolic_uptrend,0.8,5305,2010,77.0,389.0,1836.2,1.0,高位
20250102,parabolic_uptrend,0.8,5304,2082,72.0,418.0,1919.8,1.0,高位
20250103,parabolic_uptrend,0.8,5305,2069,-13.0,321.0,1984.0,0.9583333333333334,高位
20250106,parabolic_uptrend,0.8,5303,2066,-3.0,240.0,2032.0,0.92,高位
20250107,parabolic_uptrend,0.8,5306,2054,-12.0,121.0,2056.2,0.8846153846153846,高位
20250108,parabolic_uptrend,0.8,5306,2053,-1.0,43.0,2064.8,0.8518518518518519,高位
20250109,parabolic_uptrend,0.8,5307,2057,4.0,-25.0,2059.8,0.8928571428571429,高位
20250110,parabolic_uptrend,0.8,5306,2051,-6.0,-18.0,2056.2,0.7931034482758621,高位
20250113,parabolic_uptrend,0.8,5305,2064,13.0,-2.0,2055.8,0.9,高位
20250114,parabolic_uptrend,0.8,5308,2138,74.0,84.0,2072.6,1.0,高位
20250115,parabolic_uptrend,0.8,5308,2138,0.0,85.0,2089.6,1.0,高位
20250116,parabolic_uptrend,0.8,5308,2138,0.0,81.0,2105.8,1.0,高位
20250117,parabolic_uptrend,0.8,5307,2129,-9.0,78.0,2121.4,0.9117647058823529,高位
20250120,parabolic_uptrend,0.8,5306,2098,-31.0,34.0,2128.2,0.8857142857142857,高位
20250121,parabolic_uptrend,0.8,5309,2080,-18.0,-58.0,2116.6,0.8333333333333334,高位
20250122,parabolic_uptrend,0.8,5311,2032,-48.0,-106.0,2095.4,0.6216216216216216,中位
20250123,parabolic_uptrend,0.8,5311,1957,-75.0,-181.0,2059.2,0.5789473684210527,中位
20250124,parabolic_uptrend,0.8,5308,1859,-98.0,-270.0,2005.2,0.5384615384615384,中位
20250127,parabolic_uptrend,0.8,5308,1743,-116.0,-355.0,1934.2,0.475,中位
20250205,parabolic_uptrend,0.8,5310,1607,-136.0,-473.0,1839.6,0.4146341463414634,中位
20250206,parabolic_uptrend,0.8,5311,1498,-109.0,-534.0,1732.8,0.35714285714285715,中位
20250207,parabolic_uptrend,0.8,5312,1442,-56.0,-515.0,1629.8,0.32558139534883723,低位
20250210,parabolic_uptrend,0.8,5314,1389,-53.0,-470.0,1535.8,0.3181818181818182,低位
20250211,parabolic_uptrend,0.8,5313,1351,-38.0,-392.0,1457.4,0.28888888888888886,低位
20250212,parabolic_uptrend,0.8,5313,1278,-73.0,-329.0,1391.6,0.2608695652173913,低位
20250213,parabolic_uptrend,0.8,5314,1215,-63.0,-283.0,1335.0,0.23404255319148937,低位
20250214,parabolic_uptrend,0.8,5313,1130,-85.0,-312.0,1272.6,0.20833333333333334,低位
20250217,parabolic_uptrend,0.8,5317,1072,-58.0,-317.0,1209.2,0.20408163265306123,低位
20250218,parabolic_uptrend,0.8,5317,997,-75.0,-354.0,1138.4,0.18,低位
20250219,parabolic_uptrend,0.8,5317,926,-71.0,-352.0,1068.0,0.17647058823529413,低位
20250220,parabolic_uptrend,0.8,5316,878,-48.0,-337.0,1000.6,0.17307692307692307,低位
20250221,parabolic_uptrend,0.8,5318,837,-41.0,-293.0,942.0,0.1509433962264151,低位
20250224,parabolic_uptrend,0.8,5317,795,-42.0,-277.0,886.6,0.14814814814814814,低位
20250225,parabolic_uptrend,0.8,5315,767,-28.0,-230.0,840.6,0.12727272727272726,低位
20250226,parabolic_uptrend,0.8,5316,754,-13.0,-172.0,806.2,0.125,低位
20250227,parabolic_uptrend,0.8,5314,737,-17.0,-141.0,778.0,0.12280701754385964,低位
20250228,parabolic_uptrend,0.8,5314,721,-16.0,-116.0,754.8,0.1206896551724138,低位
20250303,parabolic_uptrend,0.8,5312,686,-35.0,-109.0,733.0,0.11864406779661017,低位
20250304,parabolic_uptrend,0.8,5312,661,-25.0,-106.0,711.8,0.1,低位
20250305,parabolic_uptrend,0.8,5312,633,-28.0,-121.0,687.6,0.09836065573770492,低位
20250306,parabolic_uptrend,0.8,5310,612,-21.0,-125.0,662.6,0.0967741935483871,低位
20250307,parabolic_uptrend,0.8,5311,605,-7.0,-116.0,639.4,0.09523809523809523,低位
20250310,parabolic_uptrend,0.8,5313,593,-12.0,-93.0,620.8,0.09375,低位
20250311,parabolic_uptrend,0.8,5314,595,2.0,-66.0,607.6,0.1076923076923077,低位
20250312,parabolic_uptrend,0.8,5313,587,-8.0,-46.0,598.4,0.09090909090909091,低位
20250313,parabolic_uptrend,0.8,5315,588,1.0,-24.0,593.6,0.1044776119402985,低位
20250314,parabolic_uptrend,0.8,5315,579,-9.0,-26.0,588.4,0.08823529411764706,低位
20250317,parabolic_uptrend,0.8,5310,581,2.0,-12.0,586.0,0.10144927536231885,低位
20250318,parabolic_uptrend,0.8,5316,586,5.0,-9.0,584.2,0.11428571428571428,低位
20250319,parabolic_uptrend,0.8,5312,590,4.0,3.0,584.8,0.15492957746478872,低位
20250320,parabolic_uptrend,0.8,5314,590,0.0,2.0,585.2,0.16666666666666666,低位
20250321,parabolic_uptrend,0.8,5314,574,-16.0,-5.0,584.2,0.0684931506849315,低位
20250324,parabolic_uptrend,0.8,5312,571,-3.0,-10.0,582.2,0.06756756756756757,低位
20250325,parabolic_uptrend,0.8,5314,561,-10.0,-25.0,577.2,0.06666666666666667,低位
20250326,parabolic_uptrend,0.8,5316,554,-7.0,-36.0,570.0,0.06578947368421052,低位
20250327,parabolic_uptrend,0.8,5315,538,-16.0,-52.0,559.6,0.06493506493506493,低位
20250328,parabolic_uptrend,0.8,5313,534,-4.0,-40.0,551.6,0.0641025641025641,低位
20250331,parabolic_uptrend,0.8,5316,519,-15.0,-52.0,541.2,0.06329113924050633,低位
20250401,parabolic_uptrend,0.8,5316,503,-16.0,-58.0,529.6,0.0625,低位
20250402,parabolic_uptrend,0.8,5317,488,-15.0,-66.0,516.4,0.04938271604938271,低位
20250403,parabolic_uptrend,0.8,5316,467,-21.0,-71.0,502.2,0.04878048780487805,低位
20250407,parabolic_uptrend,0.8,5315,409,-58.0,-125.0,477.2,0.03614457831325301,低位
20250408,parabolic_uptrend,0.8,5315,348,-61.0,-171.0,443.0,0.023809523809523808,低位
20250409,parabolic_uptrend,0.8,5317,293,-55.0,-210.0,401.0,0.011764705882352941,低位
20250410,parabolic_uptrend,0.8,5317,265,-28.0,-223.0,356.4,0.011627906976744186,低位
20250411,parabolic_uptrend,0.8,5315,250,-15.0,-217.0,313.0,0.011494252873563218,低位
20250414,parabolic_uptrend,0.8,5314,241,-9.0,-168.0,279.4,0.011363636363636364,低位
20250415,parabolic_uptrend,0.8,5312,229,-12.0,-119.0,255.6,0.011235955056179775,低位
20250416,parabolic_uptrend,0.8,5315,224,-5.0,-69.0,241.8,0.011111111111111112,低位
20250417,parabolic_uptrend,0.8,5315,220,-4.0,-45.0,232.8,0.01098901098901099,低位
20250418,parabolic_uptrend,0.8,5314,220,0.0,-30.0,226.8,0.021739130434782608,低位
20250421,parabolic_uptrend,0.8,5314,208,-12.0,-33.0,220.2,0.010752688172043012,低位
20250422,parabolic_uptrend,0.8,5313,207,-1.0,-22.0,215.8,0.010638297872340425,低位
20250423,parabolic_uptrend,0.8,5316,198,-9.0,-26.0,210.6,0.010526315789473684,低位
20250424,parabolic_uptrend,0.8,5314,189,-9.0,-31.0,204.4,0.010416666666666666,低位
20250425,parabolic_uptrend,0.8,5313,186,-3.0,-34.0,197.6,0.010309278350515464,低位
20250428,parabolic_uptrend,0.8,5307,182,-4.0,-26.0,192.4,0.01020408163265306,低位
20250429,parabolic_uptrend,0.8,5282,180,-2.0,-27.0,187.0,0.010101010101010102,低位
20250430,parabolic_uptrend,0.8,5282,178,-2.0,-20.0,183.0,0.01,低位
20250506,parabolic_uptrend,0.8,5308,189,11.0,0.0,183.0,0.0594059405940594,低位
20250507,parabolic_uptrend,0.8,5310,192,3.0,6.0,184.2,0.06862745098039216,低位
20250508,parabolic_uptrend,0.8,5313,200,8.0,18.0,187.8,0.08737864077669903,低位
20250509,parabolic_uptrend,0.8,5314,198,-2.0,18.0,191.4,0.08653846153846154,低位
20250512,parabolic_uptrend,0.8,5314,199,1.0,21.0,195.6,0.09523809523809523,低位
20250513,parabolic_uptrend,0.8,5315,202,3.0,13.0,198.2,0.11320754716981132,低位
20250514,parabolic_uptrend,0.8,5315,203,1.0,11.0,200.4,0.12149532710280374,低位
20250515,parabolic_uptrend,0.8,5314,194,-9.0,-6.0,199.2,0.07407407407407407,低位
20250516,parabolic_uptrend,0.8,5314,191,-3.0,-7.0,197.8,0.06422018348623854,低位
20250519,parabolic_uptrend,0.8,5309,200,9.0,1.0,198.0,0.12727272727272726,低位
20250520,parabolic_uptrend,0.8,5316,210,10.0,8.0,199.6,0.17117117117117117,低位
20250521,parabolic_uptrend,0.8,5312,217,7.0,14.0,202.4,0.17857142857142858,低位
20250522,parabolic_uptrend,0.8,5308,222,5.0,28.0,208.0,0.20353982300884957,低位
20250523,parabolic_uptrend,0.8,5311,225,3.0,34.0,214.8,0.21929824561403508,低位
20250526,parabolic_uptrend,0.8,5308,232,7.0,32.0,221.2,0.23478260869565218,低位
20250527,parabolic_uptrend,0.8,5308,241,9.0,31.0,227.4,0.25,低位
20250528,parabolic_uptrend,0.8,5307,243,2.0,26.0,232.6,0.2564102564102564,低位
20250529,parabolic_uptrend,0.8,5311,244,1.0,22.0,237.0,0.2627118644067797,低位
20250530,parabolic_uptrend,0.8,5309,245,1.0,20.0,241.0,0.2689075630252101,低位
20250603,parabolic_uptrend,0.8,5306,252,7.0,20.0,245.0,0.2833333333333333,低位
20250604,parabolic_uptrend,0.8,5312,254,2.0,13.0,247.6,0.2892561983471074,低位
20250605,parabolic_uptrend,0.8,5312,256,2.0,13.0,250.2,0.29508196721311475,低位
20250606,parabolic_uptrend,0.8,5315,258,2.0,14.0,253.0,0.3008130081300813,低位
20250609,parabolic_uptrend,0.8,5313,258,0.0,13.0,255.6,0.3064516129032258,低位
20250610,parabolic_uptrend,0.8,5320,259,1.0,7.0,257.0,0.312,低位
20250611,parabolic_uptrend,0.8,5322,260,1.0,6.0,258.2,0.31746031746031744,低位
20250612,parabolic_uptrend,0.8,5322,262,2.0,6.0,259.4,0.3228346456692913,低位
20250613,parabolic_uptrend,0.8,5323,263,1.0,5.0,260.4,0.328125,低位
20250616,parabolic_uptrend,0.8,5325,261,-2.0,3.0,261.0,0.3178294573643411,低位
20250617,parabolic_uptrend,0.8,5331,260,-1.0,1.0,261.2,0.3153846153846154,低位
20250618,parabolic_uptrend,0.8,5331,262,2.0,2.0,261.6,0.33587786259541985,中位
20250619,parabolic_uptrend,0.8,5330,262,0.0,0.0,261.6,0.3409090909090909,中位
20250620,parabolic_uptrend,0.8,5332,262,0.0,-1.0,261.4,0.3458646616541353,中位
20250623,parabolic_uptrend,0.8,5327,267,5.0,6.0,262.6,0.3656716417910448,中位
20250624,parabolic_uptrend,0.8,5331,276,9.0,16.0,265.8,0.37037037037037035,中位
20250625,parabolic_uptrend,0.8,5334,293,17.0,31.0,272.0,0.38235294117647056,中位
20250626,parabolic_uptrend,0.8,5336,303,10.0,41.0,280.2,0.39416058394160586,中位
20250627,parabolic_uptrend,0.8,5333,317,14.0,55.0,291.2,0.39855072463768115,中位
20250630,parabolic_uptrend,0.8,5333,322,5.0,55.0,302.2,0.4028776978417266,中位
20250701,parabolic_uptrend,0.8,5331,334,12.0,58.0,313.8,0.40714285714285714,中位
20250702,parabolic_uptrend,0.8,5330,343,9.0,50.0,323.8,0.41134751773049644,中位
20250703,parabolic_uptrend,0.8,5330,360,17.0,57.0,335.2,0.4295774647887324,中位
20250704,parabolic_uptrend,0.8,5334,364,4.0,47.0,344.6,0.43356643356643354,中位
20250707,parabolic_uptrend,0.8,5333,367,3.0,45.0,353.6,0.4375,中位
20250708,parabolic_uptrend,0.8,5333,377,10.0,43.0,362.2,0.4413793103448276,中位
20250709,parabolic_uptrend,0.8,5336,391,14.0,48.0,371.8,0.4452054794520548,中位
20250710,parabolic_uptrend,0.8,5335,403,12.0,43.0,380.4,0.4489795918367347,中位
20250711,parabolic_uptrend,0.8,5338,424,21.0,60.0,392.4,0.46621621621621623,中位
20250714,parabolic_uptrend,0.8,5337,451,27.0,84.0,409.2,0.4697986577181208,中位
20250715,parabolic_uptrend,0.8,5337,470,19.0,93.0,427.8,0.48,中位
20250716,parabolic_uptrend,0.8,5336,491,21.0,100.0,447.8,0.4900662251655629,中位
20250717,parabolic_uptrend,0.8,5337,508,17.0,105.0,468.8,0.506578947368421,中位
20250718,parabolic_uptrend,0.8,5336,527,19.0,103.0,489.4,0.5163398692810458,中位
20250721,parabolic_uptrend,0.8,5335,549,22.0,98.0,509.0,0.5324675324675324,中位
20250722,parabolic_uptrend,0.8,5333,578,29.0,108.0,530.6,0.5612903225806452,中位
20250723,parabolic_uptrend,0.8,5336,609,31.0,118.0,554.2,0.6346153846153846,中位
20250724,parabolic_uptrend,0.8,5335,638,29.0,130.0,580.2,0.6496815286624203,中位
20250725,parabolic_uptrend,0.8,5337,659,21.0,132.0,606.6,0.6518987341772152,中位
20250728,parabolic_uptrend,0.8,5340,681,22.0,132.0,633.0,0.6666666666666666,高位
20250729,parabolic_uptrend,0.8,5344,702,21.0,124.0,657.8,0.675,高位
20250730,parabolic_uptrend,0.8,5343,734,32.0,125.0,682.8,0.6832298136645962,高位
20250731,parabolic_uptrend,0.8,5340,760,26.0,122.0,707.2,0.6975308641975309,高位
20250801,parabolic_uptrend,0.8,5343,785,25.0,126.0,732.4,0.7116564417177914,高位
20250804,parabolic_uptrend,0.8,5340,809,24.0,128.0,758.0,0.7195121951219512,高位
20250805,parabolic_uptrend,0.8,5341,845,36.0,143.0,786.6,0.7272727272727273,高位
20250806,parabolic_uptrend,0.8,5342,874,29.0,140.0,814.6,0.7289156626506024,高位
20250807,parabolic_uptrend,0.8,5342,898,24.0,138.0,842.2,0.7425149700598802,高位
20250808,parabolic_uptrend,0.8,5343,926,28.0,141.0,870.4,0.75,高位
20250811,parabolic_uptrend,0.8,5345,992,66.0,183.0,907.0,0.7514792899408284,高位
20250812,parabolic_uptrend,0.8,5347,1052,60.0,207.0,948.4,0.7647058823529411,高位
20250813,parabolic_uptrend,0.8,5343,1093,41.0,219.0,992.2,0.7719298245614035,高位
20250814,parabolic_uptrend,0.8,5344,1113,20.0,215.0,1035.2,0.7732558139534884,高位
20250815,parabolic_uptrend,0.8,5343,1120,7.0,194.0,1074.0,0.7745664739884393,高位
20250818,parabolic_uptrend,0.8,5343,1138,18.0,146.0,1103.2,0.7873563218390804,高位
20250819,parabolic_uptrend,0.8,5346,1165,27.0,113.0,1125.8,0.7885714285714286,高位
20250820,parabolic_uptrend,0.8,5344,1163,-2.0,70.0,1139.8,0.7840909090909091,高位
20250821,parabolic_uptrend,0.8,5347,1180,17.0,67.0,1153.2,0.7909604519774012,高位
20250822,parabolic_uptrend,0.8,5348,1192,12.0,72.0,1167.6,0.7921348314606742,高位
20250825,parabolic_uptrend,0.8,5348,1198,6.0,60.0,1179.6,0.7932960893854749,高位
20250826,parabolic_uptrend,0.8,5350,1213,15.0,48.0,1189.2,0.7944444444444444,高位
20250827,parabolic_uptrend,0.8,5351,1209,-4.0,46.0,1198.4,0.7900552486187845,高位
20250828,parabolic_uptrend,0.8,5351,1195,-14.0,15.0,1201.4,0.7802197802197802,高位
20250829,parabolic_uptrend,0.8,5350,1184,-11.0,-8.0,1199.8,0.7704918032786885,高位
20250901,parabolic_uptrend,0.8,5350,1179,-5.0,-19.0,1196.0,0.7608695652173914,高位
20250902,parabolic_uptrend,0.8,5351,1175,-4.0,-38.0,1188.4,0.7567567567567568,高位
20250903,parabolic_uptrend,0.8,5353,1162,-13.0,-47.0,1179.0,0.7419354838709677,高位
20250904,parabolic_uptrend,0.8,5352,1139,-23.0,-56.0,1167.8,0.7379679144385026,高位
20250905,parabolic_uptrend,0.8,5354,1121,-18.0,-63.0,1155.2,0.7180851063829787,高位
20250908,parabolic_uptrend,0.8,5355,1119,-2.0,-60.0,1143.2,0.708994708994709,高位
20250909,parabolic_uptrend,0.8,5356,1149,30.0,-26.0,1138.0,0.7421052631578947,高位
20250910,parabolic_uptrend,0.8,5359,1176,27.0,14.0,1140.8,0.7643979057591623,高位
20250911,parabolic_uptrend,0.8,5358,1197,21.0,58.0,1152.4,0.7916666666666666,高位
20250912,parabolic_uptrend,0.8,5361,1216,19.0,95.0,1171.4,0.8134715025906736,高位
20250915,parabolic_uptrend,0.8,5359,1235,19.0,116.0,1194.6,0.8195876288659794,高位
20250916,parabolic_uptrend,0.8,5359,1256,21.0,107.0,1216.0,0.8205128205128205,高位
20250917,parabolic_uptrend,0.8,5360,1266,10.0,90.0,1234.0,0.8214285714285714,高位
20250918,parabolic_uptrend,0.8,5360,1270,4.0,73.0,1248.6,0.8223350253807107,高位
20250919,parabolic_uptrend,0.8,5361,1269,-1.0,53.0,1259.2,0.8181818181818182,高位
20250922,parabolic_uptrend,0.8,5359,1285,16.0,50.0,1269.2,0.8291457286432161,高位
20250923,parabolic_uptrend,0.8,5364,1285,0.0,29.0,1275.0,0.83,高位
20250924,parabolic_uptrend,0.8,5363,1291,6.0,25.0,1280.0,0.835820895522388,高位
20250925,parabolic_uptrend,0.8,5364,1273,-18.0,3.0,1280.6,0.8118811881188119,高位
20250926,parabolic_uptrend,0.8,5363,1284,11.0,15.0,1283.6,0.8177339901477833,高位
20250929,parabolic_uptrend,0.8,5357,1309,25.0,24.0,1288.4,0.8382352941176471,高位
20250930,parabolic_uptrend,0.8,5358,1363,54.0,78.0,1304.0,0.8439024390243902,高位
20251009,parabolic_uptrend,0.8,5354,1419,56.0,128.0,1329.6,0.8543689320388349,高位
20251010,parabolic_uptrend,0.8,5356,1460,41.0,187.0,1367.0,0.8647342995169082,高位
20251013,parabolic_uptrend,0.8,5358,1476,16.0,192.0,1405.4,0.8653846153846154,高位
20251014,parabolic_uptrend,0.8,5358,1497,21.0,188.0,1443.0,0.8660287081339713,高位
20251015,parabolic_uptrend,0.8,5358,1503,6.0,140.0,1471.0,0.8714285714285714,高位
20251016,parabolic_uptrend,0.8,5361,1500,-3.0,81.0,1487.2,0.8672985781990521,高位
20251017,parabolic_uptrend,0.8,5363,1482,-18.0,22.0,1491.6,0.8537735849056604,高位
20251020,parabolic_uptrend,0.8,5363,1494,12.0,18.0,1495.2,0.8544600938967136,高位
20251021,parabolic_uptrend,0.8,5362,1503,9.0,6.0,1496.4,0.8738317757009346,高位
20251022,parabolic_uptrend,0.8,5361,1508,5.0,5.0,1497.4,0.8744186046511628,高位
20251023,parabolic_uptrend,0.8,5363,1535,27.0,35.0,1504.4,0.8796296296296297,高位
20251024,parabolic_uptrend,0.8,5363,1582,47.0,100.0,1524.4,0.8847926267281107,高位
20251027,parabolic_uptrend,0.8,5363,1614,32.0,120.0,1548.4,0.8899082568807339,高位
20251028,parabolic_uptrend,0.8,5362,1635,21.0,132.0,1574.8,0.8949771689497716,高位
20251029,parabolic_uptrend,0.8,5362,1668,33.0,160.0,1606.8,0.9,高位
20251030,parabolic_uptrend,0.8,5361,1670,2.0,135.0,1633.8,0.9004524886877828,高位
20251031,parabolic_uptrend,0.8,5362,1670,0.0,88.0,1651.4,0.9009009009009009,高位
20251103,parabolic_uptrend,0.8,5362,1676,6.0,62.0,1663.8,0.9013452914798207,高位
20251104,parabolic_uptrend,0.8,5364,1668,-8.0,33.0,1670.4,0.8883928571428571,高位
20251105,parabolic_uptrend,0.8,5363,1650,-18.0,-18.0,1666.8,0.8755555555555555,高位
20251106,parabolic_uptrend,0.8,5362,1647,-3.0,-23.0,1662.2,0.8716814159292036,高位
20251107,parabolic_uptrend,0.8,5362,1617,-30.0,-53.0,1651.6,0.8590308370044053,高位
20251110,parabolic_uptrend,0.8,5365,1597,-20.0,-79.0,1635.8,0.8464912280701754,高位
20251111,parabolic_uptrend,0.8,5366,1560,-37.0,-108.0,1614.2,0.8384279475982532,高位
20251112,parabolic_uptrend,0.8,5369,1528,-32.0,-122.0,1589.8,0.8260869565217391,高位
20251113,parabolic_uptrend,0.8,5369,1507,-21.0,-140.0,1561.8,0.8138528138528138,高位
20251114,parabolic_uptrend,0.8,5368,1487,-20.0,-130.0,1535.8,0.7844827586206896,高位
20251117,parabolic_uptrend,0.8,5368,1429,-58.0,-168.0,1502.2,0.759656652360515,高位
20251118,parabolic_uptrend,0.8,5369,1367,-62.0,-193.0,1463.6,0.7435897435897436,高位
20251119,parabolic_uptrend,0.8,5371,1314,-53.0,-214.0,1420.8,0.7319148936170212,高位
20251120,parabolic_uptrend,0.8,5372,1258,-56.0,-249.0,1371.0,0.6822033898305084,高位
20251121,parabolic_uptrend,0.8,5375,1196,-62.0,-291.0,1312.8,0.6413502109704642,中位
20251124,parabolic_uptrend,0.8,5371,1130,-66.0,-299.0,1253.0,0.5798319327731093,中位
20251125,parabolic_uptrend,0.8,5368,1120,-10.0,-247.0,1203.6,0.5690376569037657,中位
20251126,parabolic_uptrend,0.8,5365,1112,-8.0,-202.0,1163.2,0.5541666666666667,中位
20251127,parabolic_uptrend,0.8,5364,1079,-33.0,-179.0,1127.4,0.5477178423236515,中位
20251128,parabolic_uptrend,0.8,5363,1080,1.0,-116.0,1104.2,0.5495867768595041,中位
20251201,parabolic_uptrend,0.8,5363,1068,-12.0,-62.0,1091.8,0.5390946502057613,中位
20251202,parabolic_uptrend,0.8,5367,1047,-21.0,-73.0,1077.2,0.5327868852459017,中位
20251203,parabolic_uptrend,0.8,5372,1027,-20.0,-85.0,1060.2,0.5306122448979592,中位
20251204,parabolic_uptrend,0.8,5371,1000,-27.0,-79.0,1044.4,0.524390243902439,中位
20251205,parabolic_uptrend,0.8,5368,978,-22.0,-102.0,1024.0,0.5141700404858299,中位
20251208,parabolic_uptrend,0.8,5371,967,-11.0,-101.0,1003.8,0.5120967741935484,中位
20251209,parabolic_uptrend,0.8,5373,946,-21.0,-101.0,983.6,0.5100401606425703,中位
20251210,parabolic_uptrend,0.8,5370,935,-11.0,-92.0,965.2,0.508,中位
20251211,parabolic_uptrend,0.8,5374,932,-3.0,-68.0,951.6,0.5059760956175299,中位
20251212,parabolic_uptrend,0.8,5376,917,-15.0,-61.0,939.4,0.49603174603174605,中位
20251215,parabolic_uptrend,0.8,5375,903,-14.0,-64.0,926.6,0.49407114624505927,中位
20251216,parabolic_uptrend,0.8,5376,877,-26.0,-69.0,912.8,0.484251968503937,中位
20251217,parabolic_uptrend,0.8,5378,856,-21.0,-79.0,897.0,0.4745098039215686,中位
20251218,parabolic_uptrend,0.8,5381,847,-9.0,-85.0,880.0,0.47265625,中位
20251219,parabolic_uptrend,0.8,5379,832,-15.0,-85.0,863.0,0.46303501945525294,中位
20251222,parabolic_uptrend,0.8,5375,805,-27.0,-98.0,843.4,0.4573643410852713,中位
20251223,parabolic_uptrend,0.8,5377,794,-11.0,-83.0,826.8,0.4517374517374517,中位
20251224,parabolic_uptrend,0.8,5378,780,-14.0,-76.0,811.6,0.4461538461538462,中位
20251225,parabolic_uptrend,0.8,5380,758,-22.0,-89.0,793.8,0.4329501915708812,中位
20251226,parabolic_uptrend,0.8,5379,736,-22.0,-96.0,774.6,0.42366412213740456,中位
20251229,parabolic_uptrend,0.8,5381,716,-20.0,-89.0,756.8,0.4144486692015209,中位
20251230,parabolic_uptrend,0.8,5380,703,-13.0,-91.0,738.6,0.4128787878787879,中位
20251231,parabolic_uptrend,0.8,5380,691,-12.0,-89.0,720.8,0.4075471698113208,中位
20260105,parabolic_uptrend,0.8,5379,677,-14.0,-81.0,704.6,0.39473684210526316,中位
20260106,parabolic_uptrend,0.8,5380,678,1.0,-58.0,693.0,0.3970037453183521,中位
20260107,parabolic_uptrend,0.8,5383,671,-7.0,-45.0,684.0,0.3917910447761194,中位
20260108,parabolic_uptrend,0.8,5383,671,0.0,-32.0,677.6,0.3940520446096654,中位
20260109,parabolic_uptrend,0.8,5383,673,2.0,-18.0,674.0,0.3962962962962963,中位
20260112,parabolic_uptrend,0.8,5383,673,0.0,-4.0,673.2,0.3985239852398524,中位
20260113,parabolic_uptrend,0.8,5376,664,-9.0,-14.0,670.4,0.3860294117647059,中位
20260114,parabolic_uptrend,0.8,5378,668,4.0,-3.0,669.8,0.3882783882783883,中位
20260115,parabolic_uptrend,0.8,5380,665,-3.0,-6.0,668.6,0.38686131386861317,中位
20260116,parabolic_uptrend,0.8,5382,673,8.0,0.0,668.6,0.4072727272727273,中位
20260119,parabolic_uptrend,0.8,5383,678,5.0,5.0,669.6,0.4166666666666667,中位
20260120,parabolic_uptrend,0.8,5390,680,2.0,16.0,672.8,0.4223826714801444,中位
20260121,parabolic_uptrend,0.8,5387,675,-5.0,7.0,674.2,0.4064748201438849,中位
20260122,parabolic_uptrend,0.8,5388,679,4.0,14.0,677.0,0.41935483870967744,中位
20260123,parabolic_uptrend,0.8,5389,664,-15.0,-9.0,675.2,0.37857142857142856,中位
20260126,parabolic_uptrend,0.8,5387,648,-16.0,-30.0,669.2,0.3665480427046263,中位
20260127,parabolic_uptrend,0.8,5387,627,-21.0,-53.0,658.6,0.35815602836879434,中位
20260128,parabolic_uptrend,0.8,5386,613,-14.0,-62.0,646.2,0.3568904593639576,中位
20260129,parabolic_uptrend,0.8,5387,607,-6.0,-72.0,631.8,0.3485915492957746,中位
20260130,parabolic_uptrend,0.8,5384,604,-3.0,-60.0,619.8,0.34385964912280703,中位
20260202,parabolic_uptrend,0.8,5387,592,-12.0,-56.0,608.6,0.3356643356643357,中位
20260203,parabolic_uptrend,0.8,5387,582,-10.0,-45.0,599.6,0.3170731707317073,低位
20260204,parabolic_uptrend,0.8,5390,583,1.0,-30.0,593.6,0.3194444444444444,低位
20260205,parabolic_uptrend,0.8,5388,587,4.0,-20.0,589.6,0.328719723183391,低位
20260206,parabolic_uptrend,0.8,5387,604,17.0,0.0,589.6,0.35517241379310344,中位
20260209,parabolic_uptrend,0.8,5387,607,3.0,15.0,592.6,0.3642611683848797,中位
20260210,parabolic_uptrend,0.8,5391,620,13.0,38.0,600.2,0.3767123287671233,中位
20260211,parabolic_uptrend,0.8,5390,634,14.0,51.0,610.4,0.3856655290102389,中位
20260212,parabolic_uptrend,0.8,5395,638,4.0,51.0,620.6,0.391156462585034,中位
20260213,parabolic_uptrend,0.8,5393,637,-1.0,33.0,627.2,0.3864406779661017,中位
20260224,parabolic_uptrend,0.8,5394,651,14.0,44.0,636.0,0.39864864864864863,中位
20260225,parabolic_uptrend,0.8,5391,655,4.0,35.0,643.0,0.4006734006734007,中位
20260226,parabolic_uptrend,0.8,5390,666,11.0,32.0,649.4,0.41946308724832215,中位
20260227,parabolic_uptrend,0.8,5391,676,10.0,38.0,657.0,0.44481605351170567,中位
20260302,parabolic_uptrend,0.8,5390,678,2.0,41.0,665.2,0.45666666666666667,中位
20260303,parabolic_uptrend,0.8,5391,677,-1.0,26.0,670.4,0.4485049833887043,中位
20260304,parabolic_uptrend,0.8,5392,669,-8.0,14.0,673.2,0.4205298013245033,中位
20260305,parabolic_uptrend,0.8,5393,666,-3.0,0.0,673.2,0.4158415841584158,中位
20260306,parabolic_uptrend,0.8,5394,668,2.0,-8.0,671.6,0.42105263157894735,中位
20260309,parabolic_uptrend,0.8,5397,675,7.0,-3.0,671.0,0.4459016393442623,中位
20260310,parabolic_uptrend,0.8,5396,682,7.0,5.0,672.0,0.4803921568627451,中位
20260311,parabolic_uptrend,0.8,5399,692,10.0,23.0,676.6,0.48859934853420195,中位
20260312,parabolic_uptrend,0.8,5399,690,-2.0,24.0,681.4,0.4837662337662338,中位
20260313,parabolic_uptrend,0.8,5398,694,4.0,26.0,686.6,0.4919093851132686,中位
20260316,parabolic_uptrend,0.8,5398,701,7.0,26.0,691.8,0.4935483870967742,中位
20260317,parabolic_uptrend,0.8,5396,693,-8.0,11.0,694.0,0.4887459807073955,中位
20260318,parabolic_uptrend,0.8,5396,693,0.0,1.0,694.2,0.49038461538461536,中位
20260319,parabolic_uptrend,0.8,5396,694,1.0,4.0,695.0,0.4952076677316294,中位
20260320,parabolic_uptrend,0.8,5397,666,-28.0,-28.0,689.4,0.40445859872611467,中位
20260323,parabolic_uptrend,0.8,5401,620,-46.0,-81.0,673.2,0.3523809523809524,中位
20260324,parabolic_uptrend,0.8,5399,601,-19.0,-92.0,654.8,0.3227848101265823,低位
20260325,parabolic_uptrend,0.8,5398,596,-5.0,-97.0,635.4,0.3217665615141956,低位
20260326,parabolic_uptrend,0.8,5397,578,-18.0,-116.0,612.2,0.27672955974842767,低位
20260327,parabolic_uptrend,0.8,5393,579,1.0,-87.0,594.8,0.2852664576802508,低位
20260330,parabolic_uptrend,0.8,5391,590,11.0,-30.0,588.8,0.315625,低位
20260331,parabolic_uptrend,0.8,5395,592,2.0,-9.0,587.0,0.32087227414330216,低位
20260401,parabolic_uptrend,0.8,5397,600,8.0,4.0,587.8,0.33229813664596275,低位
20260402,parabolic_uptrend,0.8,5397,592,-8.0,14.0,590.6,0.3219814241486068,低位
20260403,parabolic_uptrend,0.8,5398,586,-6.0,7.0,592.0,0.2962962962962963,低位
20260407,parabolic_uptrend,0.8,5397,588,2.0,-2.0,591.6,0.3076923076923077,低位
20260408,parabolic_uptrend,0.8,5401,601,13.0,9.0,593.4,0.34355828220858897,中位
20260409,parabolic_uptrend,0.8,5404,609,8.0,9.0,595.2,0.363914373088685,中位
20260410,parabolic_uptrend,0.8,5405,626,17.0,34.0,602.0,0.3780487804878049,中位
20260413,parabolic_uptrend,0.8,5404,654,28.0,68.0,615.6,0.40425531914893614,中位
20260414,parabolic_uptrend,0.8,5406,654,0.0,66.0,628.8,0.40606060606060607,中位
20260415,parabolic_uptrend,0.8,5405,651,-3.0,50.0,638.8,0.40181268882175225,中位
20260416,parabolic_uptrend,0.8,5406,646,-5.0,37.0,646.2,0.39457831325301207,中位
20260417,parabolic_uptrend,0.8,5404,648,2.0,22.0,650.6,0.3993993993993994,中位
20260420,parabolic_uptrend,0.8,5399,650,2.0,-4.0,649.8,0.40119760479041916,中位
20260421,parabolic_uptrend,0.8,5403,647,-3.0,-7.0,648.4,0.3940298507462687,中位
20260422,parabolic_uptrend,0.8,5402,637,-10.0,-14.0,645.6,0.38392857142857145,中位
20260423,parabolic_uptrend,0.8,5400,625,-12.0,-21.0,641.4,0.36795252225519287,中位
20260424,parabolic_uptrend,0.8,5400,616,-9.0,-32.0,635.0,0.3609467455621302,中位
20260427,parabolic_uptrend,0.8,5398,605,-11.0,-45.0,626.0,0.3421828908554572,中位
20260428,parabolic_uptrend,0.8,5391,592,-13.0,-55.0,615.0,0.31470588235294117,低位
20260429,parabolic_uptrend,0.8,5365,583,-9.0,-54.0,604.2,0.2785923753665689,低位
20260430,parabolic_uptrend,0.8,5362,574,-9.0,-51.0,594.0,0.2543859649122807,低位
20260506,parabolic_uptrend,0.8,5392,572,-2.0,-44.0,585.2,0.25072886297376096,低位
20260507,parabolic_uptrend,0.8,5394,571,-1.0,-34.0,578.4,0.25,低位
20260508,parabolic_uptrend,0.8,5392,569,-2.0,-23.0,573.8,0.2463768115942029,低位
20260511,parabolic_uptrend,0.8,5390,564,-5.0,-19.0,570.0,0.24566473988439305,低位
20260512,parabolic_uptrend,0.8,5390,553,-11.0,-21.0,565.8,0.23919308357348704,低位
20260513,parabolic_uptrend,0.8,5394,550,-3.0,-22.0,561.4,0.23850574712643677,低位
20260514,parabolic_uptrend,0.8,5394,532,-18.0,-39.0,553.6,0.22922636103151864,低位
20260515,parabolic_uptrend,0.8,5395,524,-8.0,-45.0,544.6,0.2257142857142857,低位
20260518,parabolic_uptrend,0.8,5397,519,-5.0,-45.0,535.6,0.22507122507122507,低位
20260519,parabolic_uptrend,0.8,5393,509,-10.0,-44.0,526.8,0.2215909090909091,低位
20260520,parabolic_uptrend,0.8,5397,496,-13.0,-54.0,516.0,0.21529745042492918,低位
20260521,parabolic_uptrend,0.8,5400,488,-8.0,-44.0,507.2,0.20903954802259886,低位
20260522,parabolic_uptrend,0.8,5399,488,0.0,-36.0,500.0,0.2112676056338028,低位
20260525,parabolic_uptrend,0.8,5399,481,-7.0,-38.0,492.4,0.2050561797752809,低位
20260526,parabolic_uptrend,0.8,5400,482,1.0,-27.0,487.0,0.20728291316526612,低位
20260527,parabolic_uptrend,0.8,5400,477,-5.0,-19.0,483.2,0.20391061452513967,低位
20260528,parabolic_uptrend,0.8,5401,472,-5.0,-16.0,480.0,0.20334261838440112,低位
20260529,parabolic_uptrend,0.8,5400,469,-3.0,-19.0,476.2,0.2,低位
20260601,parabolic_uptrend,0.8,5405,463,-6.0,-18.0,472.6,0.19667590027700832,低位
20260602,parabolic_uptrend,0.8,5405,459,-4.0,-23.0,468.0,0.19613259668508287,低位
20260603,parabolic_uptrend,0.8,5409,454,-5.0,-23.0,463.4,0.19559228650137742,低位
20260604,parabolic_uptrend,0.8,5410,453,-1.0,-19.0,459.6,0.19505494505494506,低位
20260605,parabolic_uptrend,0.8,5412,453,0.0,-16.0,456.4,0.19726027397260273,低位
20260608,parabolic_uptrend,0.8,5413,444,-9.0,-19.0,452.6,0.1912568306010929,低位
20260609,parabolic_uptrend,0.8,5412,449,5.0,-10.0,450.6,0.19346049046321526,低位
20260610,parabolic_uptrend,0.8,5409,450,1.0,-4.0,449.8,0.1956521739130435,低位
20260611,parabolic_uptrend,0.8,5407,453,3.0,0.0,449.8,0.20596205962059622,低位
20260612,parabolic_uptrend,0.8,5409,453,0.0,0.0,449.8,0.20810810810810812,低位
20260615,parabolic_uptrend,0.8,5405,457,4.0,13.0,452.4,0.21293800539083557,低位
20260616,parabolic_uptrend,0.8,5410,479,22.0,30.0,458.4,0.23387096774193547,低位
20260617,parabolic_uptrend,0.8,5406,485,6.0,35.0,465.4,0.24128686327077747,低位
20260618,parabolic_uptrend,0.8,5406,500,15.0,47.0,474.8,0.25935828877005346,低位
20260622,parabolic_uptrend,0.8,5409,510,10.0,57.0,486.2,0.2693333333333333,低位
20260623,parabolic_uptrend,0.8,5413,520,10.0,63.0,498.8,0.2765957446808511,低位
20260624,parabolic_uptrend,0.8,5411,530,10.0,51.0,509.0,0.2838196286472148,低位
20260625,parabolic_uptrend,0.8,5414,535,5.0,50.0,519.0,0.291005291005291,低位
20260626,parabolic_uptrend,0.8,5415,540,5.0,40.0,527.0,0.2955145118733509,低位
20260629,parabolic_uptrend,0.8,5411,551,11.0,41.0,535.2,0.3026315789473684,低位
20260630,parabolic_uptrend,0.8,5408,545,-6.0,25.0,540.2,0.29658792650918636,低位
20260701,parabolic_uptrend,0.8,5412,537,-8.0,7.0,541.6,0.2905759162303665,低位
20260702,parabolic_uptrend,0.8,5416,530,-7.0,-5.0,540.6,0.2819843342036554,低位
20260703,parabolic_uptrend,0.8,5416,520,-10.0,-20.0,536.6,0.2734375,低位
20260706,parabolic_uptrend,0.8,5418,507,-13.0,-44.0,527.8,0.2571428571428571,低位
20260707,parabolic_uptrend,0.8,5420,497,-10.0,-48.0,518.2,0.25129533678756477,低位
20260708,parabolic_uptrend,0.8,5420,476,-21.0,-61.0,506.0,0.2222222222222222,低位
20260709,parabolic_uptrend,0.8,5421,470,-6.0,-60.0,494.0,0.2190721649484536,低位
20260710,parabolic_uptrend,0.8,5420,470,0.0,-50.0,484.0,0.2210796915167095,低位
20260713,parabolic_uptrend,0.8,5423,454,-16.0,-53.0,473.4,0.20256410256410257,低位
20260714,parabolic_uptrend,0.8,5423,447,-7.0,-50.0,463.4,0.1815856777493606,低位
20260715,parabolic_uptrend,0.8,5424,437,-10.0,-39.0,455.6,0.17857142857142858,低位
20260716,parabolic_uptrend,0.8,5425,438,1.0,-32.0,449.2,0.1806615776081425,低位
20260717,parabolic_uptrend,0.8,5423,417,-21.0,-53.0,438.6,0.17258883248730963,低位
20260720,parabolic_uptrend,0.8,5425,378,-39.0,-76.0,423.4,0.16455696202531644,低位
20260721,parabolic_uptrend,0.8,5426,357,-21.0,-90.0,405.4,0.15151515151515152,低位
20260722,parabolic_uptrend,0.8,5426,328,-29.0,-109.0,383.6,0.14357682619647355,低位
20260723,parabolic_uptrend,0.8,5427,317,-11.0,-121.0,359.4,0.1407035175879397,低位
20260724,parabolic_uptrend,0.8,5426,306,-11.0,-111.0,337.2,0.13784461152882205,低位
20260727,parabolic_uptrend,0.8,5422,297,-9.0,-81.0,321.0,0.1325,低位
20260728,parabolic_uptrend,0.8,5423,286,-11.0,-71.0,306.8,0.12718204488778054,低位
20260729,parabolic_uptrend,0.8,5422,264,-22.0,-64.0,294.0,0.11940298507462686,低位
20241202,pullback_strengthening,0.8,5334,1972,,,1972.0,1.0,高位
20241203,pullback_strengthening,0.8,5334,1881,-91.0,,1926.5,0.5,中位
20241204,pullback_strengthening,0.8,5333,1690,-191.0,,1847.6666666666667,0.3333333333333333,低位
20241205,pullback_strengthening,0.8,5336,1453,-237.0,,1749.0,0.25,低位
20241206,pullback_strengthening,0.8,5334,1327,-126.0,,1664.6,0.2,低位
20241209,pullback_strengthening,0.8,5333,1182,-145.0,-790.0,1506.6,0.16666666666666666,低位
20241210,pullback_strengthening,0.8,5336,1061,-121.0,-820.0,1342.6,0.14285714285714285,低位
20241211,pullback_strengthening,0.8,5336,938,-123.0,-752.0,1192.2,0.125,低位
20241212,pullback_strengthening,0.8,5337,841,-97.0,-612.0,1069.8,0.1111111111111111,低位
20241213,pullback_strengthening,0.8,5336,793,-48.0,-534.0,963.0,0.1,低位
20241216,pullback_strengthening,0.8,5340,771,-22.0,-411.0,880.8,0.09090909090909091,低位
20241217,pullback_strengthening,0.8,5338,645,-126.0,-416.0,797.6,0.08333333333333333,低位
20241218,pullback_strengthening,0.8,5341,600,-45.0,-338.0,730.0,0.07692307692307693,低位
20241219,pullback_strengthening,0.8,5340,564,-36.0,-277.0,674.6,0.07142857142857142,低位
20241220,pullback_strengthening,0.8,5344,591,27.0,-202.0,634.2,0.13333333333333333,低位
20241223,pullback_strengthening,0.8,5342,552,-39.0,-219.0,590.4,0.0625,低位
20241224,pullback_strengthening,0.8,5341,635,83.0,-10.0,588.4,0.29411764705882354,低位
20241225,pullback_strengthening,0.8,5338,567,-68.0,-33.0,581.8,0.16666666666666666,低位
20241226,pullback_strengthening,0.8,5343,522,-45.0,-42.0,573.4,0.05263157894736842,低位
20241227,pullback_strengthening,0.8,5341,492,-30.0,-99.0,553.6,0.05,低位
20241230,pullback_strengthening,0.8,5337,470,-22.0,-82.0,537.2,0.047619047619047616,低位
20241231,pullback_strengthening,0.8,5341,411,-59.0,-224.0,492.4,0.045454545454545456,低位
20250102,pullback_strengthening,0.8,5340,397,-14.0,-170.0,458.4,0.043478260869565216,低位
20250103,pullback_strengthening,0.8,5341,346,-51.0,-176.0,423.2,0.041666666666666664,低位
20250106,pullback_strengthening,0.8,5339,280,-66.0,-212.0,380.8,0.04,低位
20250107,pullback_strengthening,0.8,5342,270,-10.0,-200.0,340.8,0.038461538461538464,低位
20250108,pullback_strengthening,0.8,5342,247,-23.0,-164.0,308.0,0.037037037037037035,低位
20250109,pullback_strengthening,0.8,5345,242,-5.0,-155.0,277.0,0.03571428571428571,低位
20250110,pullback_strengthening,0.8,5345,218,-24.0,-128.0,251.4,0.034482758620689655,低位
20250113,pullback_strengthening,0.8,5344,191,-27.0,-89.0,233.6,0.03333333333333333,低位
20250114,pullback_strengthening,0.8,5349,190,-1.0,-80.0,217.6,0.03225806451612903,低位
20250115,pullback_strengthening,0.8,5349,176,-14.0,-71.0,203.4,0.03125,低位
20250116,pullback_strengthening,0.8,5351,157,-19.0,-85.0,186.4,0.030303030303030304,低位
20250117,pullback_strengthening,0.8,5350,144,-13.0,-74.0,171.6,0.029411764705882353,低位
20250120,pullback_strengthening,0.8,5349,138,-6.0,-53.0,161.0,0.02857142857142857,低位
20250121,pullback_strengthening,0.8,5351,137,-1.0,-53.0,150.4,0.027777777777777776,低位
20250122,pullback_strengthening,0.8,5353,132,-5.0,-44.0,141.6,0.02702702702702703,低位
20250123,pullback_strengthening,0.8,5355,126,-6.0,-31.0,135.4,0.02631578947368421,低位
20250124,pullback_strengthening,0.8,5352,127,1.0,-17.0,132.0,0.05128205128205128,低位
20250127,pullback_strengthening,0.8,5352,123,-4.0,-15.0,129.0,0.025,低位
20250205,pullback_strengthening,0.8,5354,126,3.0,-11.0,126.8,0.07317073170731707,低位
20250206,pullback_strengthening,0.8,5354,120,-6.0,-12.0,124.4,0.023809523809523808,低位
20250207,pullback_strengthening,0.8,5355,117,-3.0,-9.0,122.6,0.023255813953488372,低位
20250210,pullback_strengthening,0.8,5356,114,-3.0,-13.0,120.0,0.022727272727272728,低位
20250211,pullback_strengthening,0.8,5355,115,1.0,-8.0,118.4,0.044444444444444446,低位
20250212,pullback_strengthening,0.8,5356,110,-5.0,-16.0,115.2,0.021739130434782608,低位
20250213,pullback_strengthening,0.8,5358,103,-7.0,-17.0,111.8,0.02127659574468085,低位
20250214,pullback_strengthening,0.8,5357,101,-2.0,-16.0,108.6,0.020833333333333332,低位
20250217,pullback_strengthening,0.8,5362,98,-3.0,-16.0,105.4,0.02040816326530612,低位
20250218,pullback_strengthening,0.8,5361,94,-4.0,-21.0,101.2,0.02,低位
20250219,pullback_strengthening,0.8,5362,103,9.0,-7.0,99.8,0.09803921568627451,低位
20250220,pullback_strengthening,0.8,5361,112,9.0,9.0,101.6,0.1346153846153846,低位
20250221,pullback_strengthening,0.8,5363,105,-7.0,4.0,102.4,0.11320754716981132,低位
20250224,pullback_strengthening,0.8,5362,113,8.0,15.0,105.4,0.16666666666666666,低位
20250225,pullback_strengthening,0.8,5360,121,8.0,27.0,110.8,0.2545454545454545,低位
20250226,pullback_strengthening,0.8,5361,128,7.0,25.0,115.8,0.3392857142857143,中位
20250227,pullback_strengthening,0.8,5360,138,10.0,26.0,121.0,0.40350877192982454,中位
20250228,pullback_strengthening,0.8,5362,143,5.0,38.0,128.6,0.41379310344827586,中位
20250303,pullback_strengthening,0.8,5359,150,7.0,37.0,136.0,0.4406779661016949,中位
20250304,pullback_strengthening,0.8,5359,170,20.0,49.0,145.8,0.4666666666666667,中位
20250305,pullback_strengthening,0.8,5358,205,35.0,77.0,161.2,0.5245901639344263,中位
20250306,pullback_strengthening,0.8,5357,248,43.0,110.0,183.2,0.5806451612903226,中位
20250307,pullback_strengthening,0.8,5359,307,59.0,164.0,216.0,0.6190476190476191,中位
20250310,pullback_strengthening,0.8,5359,377,70.0,227.0,261.4,0.640625,中位
20250311,pullback_strengthening,0.8,5360,485,108.0,315.0,324.4,0.6923076923076923,高位
20250312,pullback_strengthening,0.8,5359,617,132.0,412.0,406.8,0.803030303030303,高位
20250313,pullback_strengthening,0.8,5362,687,70.0,439.0,494.6,0.835820895522388,高位
20250314,pullback_strengthening,0.8,5362,774,87.0,467.0,588.0,0.8529411764705882,高位
20250317,pullback_strengthening,0.8,5359,972,198.0,595.0,707.0,0.8985507246376812,高位
20250318,pullback_strengthening,0.8,5365,1203,231.0,718.0,850.6,0.9285714285714286,高位
20250319,pullback_strengthening,0.8,5362,1322,119.0,705.0,991.6,0.9295774647887324,高位
20250320,pullback_strengthening,0.8,5363,1444,122.0,757.0,1143.0,0.9444444444444444,高位
20250321,pullback_strengthening,0.8,5364,1445,1.0,671.0,1277.2,0.9452054794520548,高位
20250324,pullback_strengthening,0.8,5363,1499,54.0,527.0,1382.6,0.9594594594594594,高位
20250325,pullback_strengthening,0.8,5366,1545,46.0,342.0,1451.0,0.96,高位
20250326,pullback_strengthening,0.8,5367,1609,64.0,287.0,1508.4,0.9605263157894737,高位
20250327,pullback_strengthening,0.8,5367,1566,-43.0,122.0,1532.8,0.948051948051948,高位
20250328,pullback_strengthening,0.8,5367,1431,-135.0,-14.0,1530.0,0.8717948717948718,高位
20250331,pullback_strengthening,0.8,5369,1255,-176.0,-244.0,1481.2,0.8354430379746836,高位
20250401,pullback_strengthening,0.8,5368,1180,-75.0,-365.0,1408.2,0.8,高位
20250402,pullback_strengthening,0.8,5369,1120,-60.0,-489.0,1310.4,0.7901234567901234,高位
20250403,pullback_strengthening,0.8,5368,1033,-87.0,-533.0,1203.8,0.7682926829268293,高位
20250407,pullback_strengthening,0.8,5368,593,-440.0,-838.0,1036.2,0.6265060240963856,中位
20250408,pullback_strengthening,0.8,5368,416,-177.0,-839.0,868.4,0.5238095238095238,中位
20250409,pullback_strengthening,0.8,5370,368,-48.0,-812.0,706.0,0.4823529411764706,中位
20250410,pullback_strengthening,0.8,5372,357,-11.0,-763.0,553.4,0.47674418604651164,中位
20250411,pullback_strengthening,0.8,5370,340,-17.0,-693.0,414.8,0.45977011494252873,中位
20250414,pullback_strengthening,0.8,5369,333,-7.0,-260.0,362.8,0.45454545454545453,中位
20250415,pullback_strengthening,0.8,5366,316,-17.0,-100.0,342.8,0.449438202247191,中位
20250416,pullback_strengthening,0.8,5369,295,-21.0,-73.0,328.2,0.43333333333333335,中位
20250417,pullback_strengthening,0.8,5370,262,-33.0,-95.0,309.2,0.4065934065934066,中位
20250418,pullback_strengthening,0.8,5370,217,-45.0,-123.0,284.6,0.358695652173913,中位
20250421,pullback_strengthening,0.8,5370,203,-14.0,-130.0,258.6,0.34408602150537637,中位
20250422,pullback_strengthening,0.8,5370,207,4.0,-109.0,236.8,0.3617021276595745,中位
20250423,pullback_strengthening,0.8,5372,194,-13.0,-101.0,216.6,0.3368421052631579,中位
20250424,pullback_strengthening,0.8,5371,177,-17.0,-85.0,199.6,0.3125,低位
20250425,pullback_strengthening,0.8,5369,179,2.0,-38.0,192.0,0.31958762886597936,低位
20250428,pullback_strengthening,0.8,5363,173,-6.0,-30.0,186.0,0.29591836734693877,低位
20250429,pullback_strengthening,0.8,5337,173,0.0,-34.0,179.2,0.30303030303030304,低位
20250430,pullback_strengthening,0.8,5336,167,-6.0,-27.0,173.8,0.28,低位
20250506,pullback_strengthening,0.8,5362,172,5.0,-5.0,172.8,0.297029702970297,低位
20250507,pullback_strengthening,0.8,5364,176,4.0,-3.0,172.2,0.3333333333333333,低位
20250508,pullback_strengthening,0.8,5365,181,5.0,8.0,173.8,0.3592233009708738,中位
20250509,pullback_strengthening,0.8,5365,179,-2.0,6.0,175.0,0.3557692307692308,中位
20250512,pullback_strengthening,0.8,5365,192,13.0,25.0,180.0,0.3904761904761905,中位
20250513,pullback_strengthening,0.8,5366,192,0.0,20.0,184.0,0.39622641509433965,中位
20250514,pullback_strengthening,0.8,5366,188,-4.0,12.0,186.4,0.3644859813084112,中位
20250515,pullback_strengthening,0.8,5365,180,-8.0,-1.0,186.2,0.35185185185185186,中位
20250516,pullback_strengthening,0.8,5364,187,7.0,8.0,187.8,0.3669724770642202,中位
20250519,pullback_strengthening,0.8,5359,204,17.0,12.0,190.2,0.43636363636363634,中位
20250520,pullback_strengthening,0.8,5365,211,7.0,19.0,194.0,0.4594594594594595,中位
20250521,pullback_strengthening,0.8,5361,210,-1.0,22.0,198.4,0.45535714285714285,中位
20250522,pullback_strengthening,0.8,5358,209,-1.0,29.0,204.2,0.45132743362831856,中位
20250523,pullback_strengthening,0.8,5362,195,-14.0,8.0,205.8,0.41228070175438597,中位
20250526,pullback_strengthening,0.8,5359,181,-14.0,-23.0,201.2,0.34782608695652173,中位
20250527,pullback_strengthening,0.8,5359,195,14.0,-16.0,198.0,0.4224137931034483,中位
20250528,pullback_strengthening,0.8,5357,195,0.0,-15.0,195.0,0.42735042735042733,中位
20250529,pullback_strengthening,0.8,5359,211,16.0,2.0,195.4,0.4915254237288136,中位
20250530,pullback_strengthening,0.8,5359,227,16.0,32.0,201.8,0.5126050420168067,中位
20250603,pullback_strengthening,0.8,5355,244,17.0,63.0,214.4,0.525,中位
20250604,pullback_strengthening,0.8,5361,260,16.0,65.0,227.4,0.5454545454545454,中位
20250605,pullback_strengthening,0.8,5361,269,9.0,74.0,242.2,0.5573770491803278,中位
20250606,pullback_strengthening,0.8,5364,292,23.0,81.0,258.4,0.5772357723577236,中位
20250609,pullback_strengthening,0.8,5361,337,45.0,110.0,280.4,0.6129032258064516,中位
20250610,pullback_strengthening,0.8,5369,401,64.0,157.0,311.8,0.664,中位
20250611,pullback_strengthening,0.8,5372,459,58.0,199.0,351.6,0.6825396825396826,高位
20250612,pullback_strengthening,0.8,5372,516,57.0,247.0,401.0,0.7086614173228346,高位
20250613,pullback_strengthening,0.8,5373,567,51.0,275.0,456.0,0.7421875,高位
20250616,pullback_strengthening,0.8,5376,597,30.0,260.0,508.0,0.7596899224806202,高位
20250617,pullback_strengthening,0.8,5382,690,93.0,289.0,565.8,0.8,高位
20250618,pullback_strengthening,0.8,5384,709,19.0,250.0,615.8,0.8015267175572519,高位
20250619,pullback_strengthening,0.8,5384,711,2.0,195.0,654.8,0.803030303030303,高位
20250620,pullback_strengthening,0.8,5384,707,-4.0,140.0,682.8,0.7894736842105263,高位
20250623,pullback_strengthening,0.8,5379,722,15.0,125.0,707.8,0.8059701492537313,高位
20250624,pullback_strengthening,0.8,5384,822,100.0,132.0,734.2,0.8296296296296296,高位
20250625,pullback_strengthening,0.8,5385,914,92.0,205.0,775.2,0.8382352941176471,高位
20250626,pullback_strengthening,0.8,5387,936,22.0,225.0,820.2,0.8394160583941606,高位
20250627,pullback_strengthening,0.8,5383,904,-32.0,197.0,859.6,0.8260869565217391,高位
20250630,pullback_strengthening,0.8,5384,929,25.0,207.0,901.0,0.8345323741007195,高位
20250701,pullback_strengthening,0.8,5382,928,-1.0,106.0,922.2,0.8285714285714286,高位
20250702,pullback_strengthening,0.8,5382,877,-51.0,-37.0,914.8,0.8085106382978723,高位
20250703,pullback_strengthening,0.8,5382,848,-29.0,-88.0,897.2,0.8028169014084507,高位
20250704,pullback_strengthening,0.8,5385,816,-32.0,-88.0,879.6,0.7832167832167832,高位
20250707,pullback_strengthening,0.8,5384,812,-4.0,-117.0,856.2,0.7777777777777778,高位
20250708,pullback_strengthening,0.8,5384,811,-1.0,-117.0,832.8,0.7724137931034483,高位
20250709,pullback_strengthening,0.8,5387,803,-8.0,-74.0,818.0,0.7671232876712328,高位
20250710,pullback_strengthening,0.8,5386,762,-41.0,-86.0,800.8,0.7414965986394558,高位
20250711,pullback_strengthening,0.8,5389,787,25.0,-29.0,795.0,0.7567567567567568,高位
20250714,pullback_strengthening,0.8,5388,802,15.0,-10.0,793.0,0.7651006711409396,高位
20250715,pullback_strengthening,0.8,5390,800,-2.0,-11.0,790.8,0.76,高位
20250716,pullback_strengthening,0.8,5389,795,-5.0,-8.0,789.2,0.7549668874172185,高位
20250717,pullback_strengthening,0.8,5389,793,-2.0,31.0,795.4,0.75,高位
20250718,pullback_strengthening,0.8,5388,812,19.0,25.0,800.4,0.7908496732026143,高位
20250721,pullback_strengthening,0.8,5386,860,48.0,58.0,812.0,0.8181818181818182,高位
20250722,pullback_strengthening,0.8,5384,881,21.0,81.0,828.2,0.8258064516129032,高位
20250723,pullback_strengthening,0.8,5386,876,-5.0,81.0,844.4,0.8141025641025641,高位
20250724,pullback_strengthening,0.8,5385,904,28.0,111.0,866.6,0.8343949044585988,高位
20250725,pullback_strengthening,0.8,5387,995,91.0,183.0,903.2,0.8734177215189873,高位
20250728,pullback_strengthening,0.8,5388,1108,113.0,248.0,952.8,0.8867924528301887,高位
20250729,pullback_strengthening,0.8,5393,1218,110.0,337.0,1020.2,0.9125,高位
20250730,pullback_strengthening,0.8,5392,1273,55.0,397.0,1099.6,0.9192546583850931,高位
20250731,pullback_strengthening,0.8,5388,1274,1.0,370.0,1173.6,0.9197530864197531,高位
20250801,pullback_strengthening,0.8,5391,1342,68.0,347.0,1243.0,0.9325153374233128,高位
20250804,pullback_strengthening,0.8,5390,1442,100.0,334.0,1309.8,0.9390243902439024,高位
20250805,pullback_strengthening,0.8,5391,1531,89.0,313.0,1372.4,0.9636363636363636,高位
20250806,pullback_strengthening,0.8,5392,1637,106.0,364.0,1445.2,0.9819277108433735,高位
20250807,pullback_strengthening,0.8,5391,1706,69.0,432.0,1531.6,0.9880239520958084,高位
20250808,pullback_strengthening,0.8,5391,1760,54.0,418.0,1615.2,0.9880952380952381,高位
20250811,pullback_strengthening,0.8,5393,1786,26.0,344.0,1684.0,0.9881656804733728,高位
20250812,pullback_strengthening,0.8,5395,1810,24.0,279.0,1739.8,0.9882352941176471,高位
20250813,pullback_strengthening,0.8,5391,1749,-61.0,112.0,1762.2,0.9707602339181286,高位
20250814,pullback_strengthening,0.8,5392,1712,-37.0,6.0,1763.4,0.9651162790697675,高位
20250815,pullback_strengthening,0.8,5391,1712,0.0,-48.0,1753.8,0.9653179190751445,高位
20250818,pullback_strengthening,0.8,5389,1744,32.0,-42.0,1745.4,0.9655172413793104,高位
20250819,pullback_strengthening,0.8,5392,1791,47.0,-19.0,1741.6,0.9828571428571429,高位
20250820,pullback_strengthening,0.8,5391,1807,16.0,58.0,1753.2,0.9829545454545454,高位
20250821,pullback_strengthening,0.8,5394,1858,51.0,146.0,1782.4,0.9887005649717514,高位
20250822,pullback_strengthening,0.8,5394,1903,45.0,191.0,1820.6,0.9943820224719101,高位
20250825,pullback_strengthening,0.8,5395,1936,33.0,192.0,1859.0,0.994413407821229,高位
20250826,pullback_strengthening,0.8,5397,1863,-73.0,72.0,1873.4,0.9777777777777777,高位
20250827,pullback_strengthening,0.8,5399,1669,-194.0,-138.0,1845.8,0.9060773480662984,高位
20250828,pullback_strengthening,0.8,5398,1597,-72.0,-261.0,1793.6,0.8901098901098901,高位
20250829,pullback_strengthening,0.8,5395,1597,0.0,-306.0,1732.4,0.8907103825136612,高位
20250901,pullback_strengthening,0.8,5395,1582,-15.0,-354.0,1661.6,0.8804347826086957,高位
20250902,pullback_strengthening,0.8,5396,1508,-74.0,-355.0,1590.6,0.8594594594594595,高位
20250903,pullback_strengthening,0.8,5398,1363,-145.0,-306.0,1529.4,0.8225806451612904,高位
20250904,pullback_strengthening,0.8,5399,1269,-94.0,-328.0,1463.8,0.7914438502673797,高位
20250905,pullback_strengthening,0.8,5399,1353,84.0,-244.0,1415.0,0.8191489361702128,高位
20250908,pullback_strengthening,0.8,5400,1453,100.0,-129.0,1389.2,0.8518518518518519,高位
20250909,pullback_strengthening,0.8,5401,1415,-38.0,-93.0,1370.6,0.8210526315789474,高位
20250910,pullback_strengthening,0.8,5403,1380,-35.0,17.0,1374.0,0.8167539267015707,高位
20250911,pullback_strengthening,0.8,5402,1426,46.0,157.0,1405.4,0.8229166666666666,高位
20250912,pullback_strengthening,0.8,5405,1440,14.0,87.0,1422.8,0.8290155440414507,高位
20250915,pullback_strengthening,0.8,5404,1424,-16.0,-29.0,1417.0,0.8144329896907216,高位
20250916,pullback_strengthening,0.8,5404,1373,-51.0,-42.0,1408.6,0.8,高位
20250917,pullback_strengthening,0.8,5403,1315,-58.0,-65.0,1395.6,0.7704081632653061,高位
20250918,pullback_strengthening,0.8,5402,1297,-18.0,-129.0,1369.8,0.766497461928934,高位
20250919,pullback_strengthening,0.8,5403,1289,-8.0,-151.0,1339.6,0.7626262626262627,高位
20250922,pullback_strengthening,0.8,5400,1215,-74.0,-209.0,1297.8,0.7336683417085427,高位
20250923,pullback_strengthening,0.8,5405,1100,-115.0,-273.0,1243.2,0.705,高位
20250924,pullback_strengthening,0.8,5404,1057,-43.0,-258.0,1191.6,0.6965174129353234,高位
20250925,pullback_strengthening,0.8,5405,993,-64.0,-304.0,1130.8,0.6831683168316832,高位
20250926,pullback_strengthening,0.8,5404,944,-49.0,-345.0,1061.8,0.6748768472906403,高位
20250929,pullback_strengthening,0.8,5398,908,-36.0,-307.0,1000.4,0.6470588235294118,中位
20250930,pullback_strengthening,0.8,5400,862,-46.0,-238.0,952.8,0.6195121951219512,中位
20251009,pullback_strengthening,0.8,5396,801,-61.0,-256.0,901.6,0.5679611650485437,中位
20251010,pullback_strengthening,0.8,5398,774,-27.0,-219.0,857.8,0.5410628019323671,中位
20251013,pullback_strengthening,0.8,5400,733,-41.0,-211.0,815.6,0.5240384615384616,中位
20251014,pullback_strengthening,0.8,5400,696,-37.0,-212.0,773.2,0.5023923444976076,中位
20251015,pullback_strengthening,0.8,5402,660,-36.0,-202.0,732.8,0.49047619047619045,中位
20251016,pullback_strengthening,0.8,5405,608,-52.0,-193.0,694.2,0.47393364928909953,中位
20251017,pullback_strengthening,0.8,5407,540,-68.0,-234.0,647.4,0.4339622641509434,中位
20251020,pullback_strengthening,0.8,5406,535,-5.0,-198.0,607.8,0.431924882629108,中位
20251021,pullback_strengthening,0.8,5405,550,15.0,-146.0,578.6,0.4392523364485981,中位
20251022,pullback_strengthening,0.8,5405,531,-19.0,-129.0,552.8,0.42790697674418604,中位
20251023,pullback_strengthening,0.8,5408,519,-12.0,-89.0,535.0,0.4212962962962963,中位
20251024,pullback_strengthening,0.8,5408,495,-24.0,-45.0,526.0,0.4147465437788018,中位
20251027,pullback_strengthening,0.8,5407,486,-9.0,-49.0,516.2,0.40825688073394495,中位
20251028,pullback_strengthening,0.8,5404,474,-12.0,-76.0,501.0,0.4018264840182648,中位
20251029,pullback_strengthening,0.8,5405,461,-13.0,-70.0,487.0,0.39545454545454545,中位
20251030,pullback_strengthening,0.8,5404,419,-42.0,-100.0,467.0,0.3891402714932127,中位
20251031,pullback_strengthening,0.8,5407,403,-16.0,-92.0,448.6,0.3783783783783784,中位
20251103,pullback_strengthening,0.8,5408,394,-9.0,-92.0,430.2,0.36771300448430494,中位
20251104,pullback_strengthening,0.8,5409,385,-9.0,-89.0,412.4,0.36607142857142855,中位
20251105,pullback_strengthening,0.8,5408,374,-11.0,-87.0,395.0,0.36,中位
20251106,pullback_strengthening,0.8,5408,385,11.0,-34.0,388.2,0.37168141592920356,中位
20251107,pullback_strengthening,0.8,5408,379,-6.0,-24.0,383.4,0.3656387665198238,中位
20251110,pullback_strengthening,0.8,5411,378,-1.0,-16.0,380.2,0.36403508771929827,中位
20251111,pullback_strengthening,0.8,5411,393,15.0,8.0,381.8,0.3799126637554585,中位
20251112,pullback_strengthening,0.8,5414,386,-7.0,12.0,384.2,0.3782608695652174,中位
20251113,pullback_strengthening,0.8,5413,382,-4.0,-3.0,383.6,0.36796536796536794,中位
20251114,pullback_strengthening,0.8,5412,395,13.0,16.0,386.8,0.3922413793103448,中位
20251117,pullback_strengthening,0.8,5411,401,6.0,23.0,391.4,0.4034334763948498,中位
20251118,pullback_strengthening,0.8,5411,409,8.0,16.0,394.6,0.41025641025641024,中位
20251119,pullback_strengthening,0.8,5413,433,24.0,47.0,404.0,0.425531914893617,中位
20251120,pullback_strengthening,0.8,5413,431,-2.0,49.0,413.8,0.423728813559322,中位
20251121,pullback_strengthening,0.8,5415,416,-15.0,21.0,418.0,0.4177215189873418,中位
20251124,pullback_strengthening,0.8,5411,408,-8.0,7.0,419.4,0.40336134453781514,中位
20251125,pullback_strengthening,0.8,5408,432,24.0,23.0,424.0,0.4309623430962343,中位
20251126,pullback_strengthening,0.8,5404,466,34.0,33.0,430.6,0.44583333333333336,中位
20251127,pullback_strengthening,0.8,5403,474,8.0,43.0,439.2,0.45643153526970953,中位
20251128,pullback_strengthening,0.8,5403,492,18.0,76.0,454.4,0.47107438016528924,中位
20251201,pullback_strengthening,0.8,5403,527,35.0,119.0,478.2,0.4897119341563786,中位
20251202,pullback_strengthening,0.8,5406,571,44.0,139.0,506.0,0.5245901639344263,中位
20251203,pullback_strengthening,0.8,5412,590,19.0,124.0,530.8,0.5265306122448979,中位
20251204,pullback_strengthening,0.8,5410,539,-51.0,65.0,543.8,0.4959349593495935,中位
20251205,pullback_strengthening,0.8,5407,543,4.0,51.0,554.0,0.5020242914979757,中位
20251208,pullback_strengthening,0.8,5409,561,18.0,34.0,560.8,0.5120967741935484,中位
20251209,pullback_strengthening,0.8,5410,535,-26.0,-36.0,553.6,0.4899598393574297,中位
20251210,pullback_strengthening,0.8,5406,519,-16.0,-71.0,539.4,0.472,中位
20251211,pullback_strengthening,0.8,5410,480,-39.0,-59.0,527.6,0.44223107569721115,中位
20251212,pullback_strengthening,0.8,5413,418,-62.0,-125.0,502.6,0.4007936507936508,中位
20251215,pullback_strengthening,0.8,5412,373,-45.0,-188.0,465.0,0.3201581027667984,低位
20251216,pullback_strengthening,0.8,5414,330,-43.0,-205.0,424.0,0.2952755905511811,低位
20251217,pullback_strengthening,0.8,5414,279,-51.0,-240.0,376.0,0.27450980392156865,低位
20251218,pullback_strengthening,0.8,5419,251,-28.0,-229.0,330.2,0.2578125,低位
20251219,pullback_strengthening,0.8,5418,250,-1.0,-168.0,296.6,0.25680933852140075,低位
20251222,pullback_strengthening,0.8,5414,238,-12.0,-135.0,269.6,0.24031007751937986,低位
20251223,pullback_strengthening,0.8,5418,225,-13.0,-105.0,248.6,0.23552123552123552,低位
20251224,pullback_strengthening,0.8,5419,206,-19.0,-73.0,234.0,0.2076923076923077,低位
20251225,pullback_strengthening,0.8,5422,214,8.0,-37.0,226.6,0.22988505747126436,低位
20251226,pullback_strengthening,0.8,5421,211,-3.0,-39.0,218.8,0.22900763358778625,低位
20251229,pullback_strengthening,0.8,5423,214,3.0,-24.0,214.0,0.23574144486692014,低位
20251230,pullback_strengthening,0.8,5422,211,-3.0,-14.0,211.2,0.23106060606060605,低位
20251231,pullback_strengthening,0.8,5422,215,4.0,9.0,213.0,0.24150943396226415,低位
20260105,pullback_strengthening,0.8,5422,217,2.0,3.0,213.6,0.24812030075187969,低位
20260106,pullback_strengthening,0.8,5423,221,4.0,10.0,215.6,0.2546816479400749,低位
20260107,pullback_strengthening,0.8,5424,228,7.0,14.0,218.4,0.26492537313432835,低位
20260108,pullback_strengthening,0.8,5424,225,-3.0,14.0,221.2,0.26022304832713755,低位
20260109,pullback_strengthening,0.8,5424,236,11.0,21.0,225.4,0.27037037037037037,低位
20260112,pullback_strengthening,0.8,5425,250,14.0,33.0,232.0,0.2952029520295203,低位
20260113,pullback_strengthening,0.8,5418,253,3.0,32.0,238.4,0.3014705882352941,低位
20260114,pullback_strengthening,0.8,5424,265,12.0,37.0,245.8,0.31135531135531136,低位
20260115,pullback_strengthening,0.8,5426,268,3.0,43.0,254.4,0.31386861313868614,低位
20260116,pullback_strengthening,0.8,5428,280,12.0,44.0,263.2,0.33090909090909093,低位
20260119,pullback_strengthening,0.8,5429,301,21.0,51.0,273.4,0.34057971014492755,中位
20260120,pullback_strengthening,0.8,5436,325,24.0,72.0,287.8,0.35018050541516244,中位
20260121,pullback_strengthening,0.8,5433,348,23.0,83.0,304.4,0.37050359712230213,中位
20260122,pullback_strengthening,0.8,5434,404,56.0,136.0,331.6,0.43727598566308246,中位
20260123,pullback_strengthening,0.8,5436,464,60.0,184.0,368.4,0.48214285714285715,中位
20260126,pullback_strengthening,0.8,5434,519,55.0,218.0,412.0,0.5302491103202847,中位
20260127,pullback_strengthening,0.8,5434,596,77.0,271.0,466.2,0.5957446808510638,中位
20260128,pullback_strengthening,0.8,5433,674,78.0,326.0,531.4,0.6219081272084805,中位
20260129,pullback_strengthening,0.8,5433,720,46.0,316.0,594.6,0.6443661971830986,中位
20260130,pullback_strengthening,0.8,5429,807,87.0,343.0,663.2,0.6947368421052632,高位
20260202,pullback_strengthening,0.8,5431,853,46.0,334.0,730.0,0.7202797202797203,高位
20260203,pullback_strengthening,0.8,5431,945,92.0,349.0,799.8,0.7700348432055749,高位
20260204,pullback_strengthening,0.8,5437,1082,137.0,408.0,881.4,0.7916666666666666,高位
20260205,pullback_strengthening,0.8,5435,1240,158.0,520.0,985.4,0.8200692041522492,高位
20260206,pullback_strengthening,0.8,5434,1388,148.0,581.0,1101.6,0.8689655172413793,高位
20260209,pullback_strengthening,0.8,5434,1543,155.0,690.0,1239.6,0.9140893470790378,高位
20260210,pullback_strengthening,0.8,5436,1628,85.0,683.0,1376.2,0.934931506849315,高位
20260211,pullback_strengthening,0.8,5436,1603,-25.0,521.0,1480.4,0.9283276450511946,高位
20260212,pullback_strengthening,0.8,5441,1606,3.0,366.0,1553.6,0.9285714285714286,高位
20260213,pullback_strengthening,0.8,5440,1531,-75.0,143.0,1582.2,0.9016949152542373,高位
20260224,pullback_strengthening,0.8,5440,1557,26.0,14.0,1585.0,0.9087837837837838,高位
20260225,pullback_strengthening,0.8,5437,1579,22.0,-49.0,1575.2,0.9124579124579124,高位
20260226,pullback_strengthening,0.8,5437,1523,-56.0,-80.0,1559.2,0.889261744966443,高位
20260227,pullback_strengthening,0.8,5438,1493,-30.0,-113.0,1536.6,0.8795986622073578,高位
20260302,pullback_strengthening,0.8,5437,1464,-29.0,-67.0,1523.2,0.8766666666666667,高位
20260303,pullback_strengthening,0.8,5440,1291,-173.0,-266.0,1470.0,0.8073089700996677,高位
20260304,pullback_strengthening,0.8,5441,1129,-162.0,-450.0,1380.0,0.7682119205298014,高位
20260305,pullback_strengthening,0.8,5442,1050,-79.0,-473.0,1285.4,0.7458745874587459,高位
20260306,pullback_strengthening,0.8,5443,982,-68.0,-511.0,1183.2,0.7335526315789473,高位
20260309,pullback_strengthening,0.8,5446,925,-57.0,-539.0,1075.4,0.7081967213114754,高位
20260310,pullback_strengthening,0.8,5444,900,-25.0,-391.0,997.2,0.6928104575163399,高位
20260311,pullback_strengthening,0.8,5447,814,-86.0,-315.0,934.2,0.6579804560260586,中位
20260312,pullback_strengthening,0.8,5448,760,-54.0,-290.0,876.2,0.6038961038961039,中位
20260313,pullback_strengthening,0.8,5448,704,-56.0,-278.0,820.6,0.5825242718446602,中位
20260316,pullback_strengthening,0.8,5448,654,-50.0,-271.0,766.4,0.5645161290322581,中位
20260317,pullback_strengthening,0.8,5447,587,-67.0,-313.0,703.8,0.5305466237942122,中位
20260318,pullback_strengthening,0.8,5447,570,-17.0,-244.0,655.0,0.5256410256410257,中位
20260319,pullback_strengthening,0.8,5450,529,-41.0,-231.0,608.8,0.48562300319488816,中位
20260320,pullback_strengthening,0.8,5452,455,-74.0,-249.0,559.0,0.42356687898089174,中位
20260323,pullback_strengthening,0.8,5455,374,-81.0,-280.0,503.0,0.34285714285714286,中位
20260324,pullback_strengthening,0.8,5453,370,-4.0,-217.0,459.6,0.33544303797468356,中位
20260325,pullback_strengthening,0.8,5452,385,15.0,-185.0,422.6,0.3659305993690852,中位
20260326,pullback_strengthening,0.8,5454,379,-6.0,-150.0,392.6,0.3553459119496855,中位
20260327,pullback_strengthening,0.8,5452,372,-7.0,-83.0,376.0,0.335423197492163,中位
20260330,pullback_strengthening,0.8,5449,383,11.0,9.0,377.8,0.3625,中位
20260331,pullback_strengthening,0.8,5453,364,-19.0,-6.0,376.6,0.32710280373831774,低位
20260401,pullback_strengthening,0.8,5455,345,-19.0,-40.0,368.6,0.3167701863354037,低位
20260402,pullback_strengthening,0.8,5455,325,-20.0,-54.0,357.8,0.30340557275541796,低位
20260403,pullback_strengthening,0.8,5456,281,-44.0,-91.0,339.6,0.2839506172839506,低位
20260407,pullback_strengthening,0.8,5454,253,-28.0,-130.0,313.6,0.2553846153846154,低位
20260408,pullback_strengthening,0.8,5458,252,-1.0,-112.0,291.2,0.25153374233128833,低位
20260409,pullback_strengthening,0.8,5459,238,-14.0,-107.0,269.8,0.22935779816513763,低位
20260410,pullback_strengthening,0.8,5461,234,-4.0,-91.0,251.6,0.2225609756097561,低位
20260413,pullback_strengthening,0.8,5460,225,-9.0,-56.0,240.4,0.21580547112462006,低位
20260414,pullback_strengthening,0.8,5462,206,-19.0,-47.0,231.0,0.16666666666666666,低位
20260415,pullback_strengthening,0.8,5460,207,1.0,-45.0,222.0,0.17220543806646527,低位
20260416,pullback_strengthening,0.8,5462,193,-14.0,-45.0,213.0,0.14156626506024098,低位
20260417,pullback_strengthening,0.8,5461,174,-19.0,-60.0,201.0,0.0990990990990991,低位
20260420,pullback_strengthening,0.8,5456,155,-19.0,-70.0,187.0,0.08083832335329341,低位
20260421,pullback_strengthening,0.8,5459,159,4.0,-47.0,177.6,0.08656716417910448,低位
20260422,pullback_strengthening,0.8,5458,157,-2.0,-50.0,167.6,0.08630952380952381,低位
20260423,pullback_strengthening,0.8,5457,160,3.0,-33.0,161.0,0.09198813056379822,低位
20260424,pullback_strengthening,0.8,5458,148,-12.0,-26.0,155.8,0.07692307692307693,低位
20260427,pullback_strengthening,0.8,5457,139,-9.0,-16.0,152.6,0.07079646017699115,低位
20260428,pullback_strengthening,0.8,5450,141,2.0,-18.0,149.0,0.07352941176470588,低位
20260429,pullback_strengthening,0.8,5424,144,3.0,-13.0,146.4,0.08211143695014662,低位
20260430,pullback_strengthening,0.8,5421,161,17.0,1.0,146.6,0.10526315789473684,低位
20260506,pullback_strengthening,0.8,5452,166,5.0,18.0,150.2,0.10787172011661808,低位
20260507,pullback_strengthening,0.8,5454,177,11.0,38.0,157.8,0.13662790697674418,低位
20260508,pullback_strengthening,0.8,5452,201,24.0,60.0,169.8,0.1855072463768116,低位
20260511,pullback_strengthening,0.8,5453,212,11.0,68.0,183.4,0.2254335260115607,低位
20260512,pullback_strengthening,0.8,5453,231,19.0,70.0,197.4,0.2622478386167147,低位
20260513,pullback_strengthening,0.8,5457,253,22.0,87.0,214.8,0.3045977011494253,低位
20260514,pullback_strengthening,0.8,5457,281,28.0,104.0,235.6,0.335243553008596,中位
20260515,pullback_strengthening,0.8,5457,301,20.0,100.0,255.6,0.3457142857142857,中位
20260518,pullback_strengthening,0.8,5459,331,30.0,119.0,279.4,0.36182336182336183,中位
20260519,pullback_strengthening,0.8,5456,363,32.0,132.0,305.8,0.3835227272727273,中位
20260520,pullback_strengthening,0.8,5460,409,46.0,156.0,337.0,0.46175637393767704,中位
20260521,pullback_strengthening,0.8,5463,449,40.0,168.0,370.6,0.4858757062146893,中位
20260522,pullback_strengthening,0.8,5462,499,50.0,198.0,410.2,0.5267605633802817,中位
20260525,pullback_strengthening,0.8,5463,556,57.0,225.0,455.2,0.5702247191011236,中位
20260526,pullback_strengthening,0.8,5464,587,31.0,224.0,500.0,0.5910364145658263,中位
20260527,pullback_strengthening,0.8,5465,604,17.0,195.0,539.0,0.6089385474860335,中位
20260528,pullback_strengthening,0.8,5466,636,32.0,187.0,576.4,0.6183844011142061,中位
20260529,pullback_strengthening,0.8,5465,668,32.0,169.0,610.2,0.6277777777777778,中位
20260601,pullback_strengthening,0.8,5467,727,59.0,171.0,644.4,0.6565096952908587,中位
20260602,pullback_strengthening,0.8,5466,768,41.0,181.0,680.6,0.6657458563535912,中位
20260603,pullback_strengthening,0.8,5470,781,13.0,177.0,716.0,0.6749311294765841,高位
20260604,pullback_strengthening,0.8,5470,811,30.0,175.0,751.0,0.7032967032967034,高位
20260605,pullback_strengthening,0.8,5472,882,71.0,214.0,793.8,0.7397260273972602,高位
20260608,pullback_strengthening,0.8,5473,846,-36.0,119.0,817.6,0.7185792349726776,高位
20260609,pullback_strengthening,0.8,5472,851,5.0,83.0,834.2,0.7220708446866485,高位
20260610,pullback_strengthening,0.8,5470,818,-33.0,37.0,841.6,0.7092391304347826,高位
20260611,pullback_strengthening,0.8,5468,760,-58.0,-51.0,831.4,0.6504065040650406,中位
20260612,pullback_strengthening,0.8,5469,696,-64.0,-186.0,794.2,0.6243243243243243,中位
20260615,pullback_strengthening,0.8,5466,665,-31.0,-181.0,758.0,0.6091644204851752,中位
20260616,pullback_strengthening,0.8,5471,602,-63.0,-249.0,708.2,0.5860215053763441,中位
20260617,pullback_strengthening,0.8,5468,559,-43.0,-259.0,656.4,0.546916890080429,中位
20260618,pullback_strengthening,0.8,5467,522,-37.0,-238.0,608.8,0.516042780748663,中位
20260622,pullback_strengthening,0.8,5473,470,-52.0,-226.0,563.6,0.47733333333333333,中位
20260623,pullback_strengthening,0.8,5477,437,-33.0,-228.0,518.0,0.4574468085106383,中位
20260624,pullback_strengthening,0.8,5475,389,-48.0,-213.0,475.4,0.40583554376657827,中位
20260625,pullback_strengthening,0.8,5474,338,-51.0,-221.0,431.2,0.3439153439153439,中位
20260626,pullback_strengthening,0.8,5475,290,-48.0,-232.0,384.8,0.3113456464379947,低位
20260629,pullback_strengthening,0.8,5473,268,-22.0,-202.0,344.4,0.29210526315789476,低位
20260630,pullback_strengthening,0.8,5470,255,-13.0,-182.0,308.0,0.28083989501312334,低位
20260701,pullback_strengthening,0.8,5476,244,-11.0,-145.0,279.0,0.25654450261780104,低位
20260702,pullback_strengthening,0.8,5481,238,-6.0,-100.0,259.0,0.2506527415143603,低位
20260703,pullback_strengthening,0.8,5480,224,-14.0,-66.0,245.8,0.22395833333333334,低位
20260706,pullback_strengthening,0.8,5481,219,-5.0,-49.0,236.0,0.22077922077922077,低位
20260707,pullback_strengthening,0.8,5483,220,1.0,-35.0,229.0,0.22279792746113988,低位
20260708,pullback_strengthening,0.8,5484,222,2.0,-22.0,224.6,0.22739018087855298,低位
20260709,pullback_strengthening,0.8,5486,222,0.0,-16.0,221.4,0.22938144329896906,低位
20260710,pullback_strengthening,0.8,5488,205,-17.0,-19.0,217.6,0.17480719794344474,低位
20260713,pullback_strengthening,0.8,5491,201,-4.0,-18.0,214.0,0.16666666666666666,低位
20260714,pullback_strengthening,0.8,5491,205,4.0,-15.0,211.0,0.17902813299232737,低位
20260715,pullback_strengthening,0.8,5494,203,-2.0,-19.0,207.2,0.17091836734693877,低位
20260716,pullback_strengthening,0.8,5493,186,-17.0,-36.0,200.0,0.13486005089058525,低位
20260717,pullback_strengthening,0.8,5491,150,-36.0,-55.0,189.0,0.07868020304568528,低位
20260720,pullback_strengthening,0.8,5494,109,-41.0,-92.0,170.6,0.017721518987341773,低位
20260721,pullback_strengthening,0.8,5495,99,-10.0,-106.0,149.4,0.007575757575757576,低位
20260722,pullback_strengthening,0.8,5495,95,-4.0,-108.0,127.8,0.005037783375314861,低位
20260723,pullback_strengthening,0.8,5496,87,-8.0,-99.0,108.0,0.002512562814070352,低位
20260724,pullback_strengthening,0.8,5495,83,-4.0,-67.0,94.6,0.002506265664160401,低位
20260727,pullback_strengthening,0.8,5492,84,1.0,-25.0,89.6,0.005,低位
20260728,pullback_strengthening,0.8,5493,87,3.0,-12.0,87.2,0.00997506234413965,低位
20260729,pullback_strengthening,0.8,5492,76,-11.0,-19.0,83.4,0.0024875621890547263,低位
